Workbook

Sheet ELS
B1: !U001,!GA1588,!MOBBEL | F1: 목록외 작성금지 | H1: KIA-실 고객사 확인 수정 | K1: ULSAN, INCHEON 실 반입코드 변경!! | O1: 목록외 작성금지 | P1: 리퍼 ,위험물 위험물리퍼 | V1: 공휴일, 위험물,중량 | Z1: 목록외 작성금지 | AC1: 20 | AF1: KR10 | AH1: 입력X | AJ1: GLAPS 포트 | AL1: 5010001 | BN1: 1 | BV1: GLAPS 코드 | BW1: 직반입 이트란스IF 또는 수기입력 ,ODCY보관은 보관소 또는 I/F | CA1: 공휴일-10 위험물-30
B2: 배차 요청일 | C2: 운송사 | D2: 배차시간 | E2: 구분(오전,오후) | F2: 포장장 | G2: 실출하지 | H2: 고객사 | I2: 선사 | J2: 사이즈 | K2: 반입지 | L2: 국가(도착항) | M2: 비고 | N2: 차량넘버 | O2: 반출지 | P2: 컨테이너 종류 (위험물,리퍼) | Q2: 20 | R2: 40 | S2: 40HC | T2: ContainerNo. | U2: SealNumber1 | V2: 할증 | W2: 편성넘버 | X2: 부킹 | Y2: 반입일 (ODCY/터미널) | Z2: ODCY(세방) 반입터미널 | AA2: ODCY 세부명칭 | AC2: 오더구분 | AD2: 선사코드 | AE2: 선사명 | AF2: 화주사 코드 | AG2: 화주사명 | AH2: 반출지(출발)코드 | AI2: 작업지(하차지)코드 | AJ2: 반입지(도착)코드 | AK2: 운송경로 코드 | AL2: 운송서비스 코드 | AM2: 운송서비스명 | AN2: 배차요청일자 | AO2: 배차요청시간 | AP2: 운송사 코드 | AQ2: 운송사명 | AR2: 부킹번호 | AS2: B/L | AT2: 컨테이너 번호 | AU2: MRN | AV2: POL | AW2: POD | AX2: 최종목적지 | AY2: ETA | AZ2: ETD | BA2: DOC | BB2: CGO | BC2: 실화주사 코드 | BD2: 실화주사명 | BE2: 포워더 코드 | BF2: 포워더명 | BG2: 선사항차 | BH2: 모선코드 | BI2: 반출기한 | BJ2: 모선항차 | BK2: 모선명 | BL2: 선적지 | BM2: 컨테이너 규격 | BN2: 컨테이너 수량 | BO2: 터미널 | BP2: 양하터미널 | BQ2: 반출예약 | BR2: 냉동 여부 | BS2: 위험물 여부 | BT2: FREE TIME | BU2: 공컨반납기한 | BV2: 반출CY | BW2: 반입CY | BX2: ODCY업체코드 | BY2: 선픽업 | BZ2: 컨사이니 | CA2: 할증 1 | CB2: 할증 2 | CC2: 할증 3 | CD2: 할증 4 | CE2: 할증 5 | CF2: 오더등록자명 | CG2: 오더등록자연락처 | CH2: 오더등록업체코드 | CI2: 오더등록자이메일 | CJ2: 통지사항 | CK2: 차량번호 | CL2: 실출하지
AC3: =$AC$1 -> 20 | AD3: =IFERROR(INDEX(GLAPS정리!$D$2:$D$50,MATCH(I3,GLAPS정리!$A$2:$A$50,0)),IFERROR(INDEX(GLAPS정리!$D$2:$D$50,MATCH(I3,GLAPS정리!$B$2:$B$50,0)),"")) | AF3: =$AF$1 -> KR10 | AI3: =VLOOKUP(F3,GLAPS정리!$G$3:$J$114,2,0) -> #N/A | AJ3: =IF(Z3="울산정일","KRONS",IF(Z3="울산신항","KRUSN",IF(OR(Z3="선광종합물류(인천여객)",Z3="인천여객(인천여객)"),"KRINF",IF(OR(Z3="선광인천보세(인천신)",Z3="한진인천(인천신)",Z3="선광인천신항(인천신)",Z3="인천더로지스(인천신)"),"KRINN",IF(OR(Z3="인천진아(인천항)",Z3="인천E1(인천항)",Z3="인천SM경인터미널(인천항)",Z3="인천항(인천항)",Z3="인천우련(인천항)",Z3="인천항8부두(인천항)"),"KRINC",VLOOKUP(K3,GLAPS정리!$BB$2:$BC$33,2,0)))))) -> #N/A | AL3: =$AL$1 -> 5010001 | AN3: =TEXT(B3,"YYYY-MM-DD") -> 1900-01-00 | AO3: =IF(E3="오전", "0800", IF(E3="오후", "1300", IF(E3="잔업", "1800", ""))) | AP3: =VLOOKUP(C3,GLAPS정리!$AX$2:$AZ$17,3,0) -> #N/A | AR3: =X3 -> 0 | AX3: =VLOOKUP(L3,GLAPS정리!$V$3:$W$180,2,0) -> #N/A | BM3: =IF(AND(Q3=1,OR(P3="",P3="위험물")), "2210", IF(AND(Q3=1,OR(P3="리퍼",P3="위험물리퍼")), "2230", IF(AND(S3=1,OR(P3="",P3="위험물")), "4510", IF(AND(S3=1,OR(P3="리퍼",P3="위험물리퍼")), "4530", IF(AND(R3=1,OR(P3="",P3="위험물")), "4210", IF(AND(R3=1,P3="리퍼"), "4230", " ")))))) | BN3: =$BN$1 -> 1 | BR3: =IF(OR(P3="리퍼",P3="위험물리퍼"),"Y","") | BS3: =IF(OR(P3="위험물",P3="위험물리퍼"),"Y","") | BV3: =VLOOKUP(O3,GLAPS정리!$BH$2:$BI$94,2,0) -> #N/A | BW3: =IF(OR(Z3="동원",Z3="세방",Z3="한타"),"",IFERROR(INDEX(GLAPS정리!$BI$2:$BI$101,MATCH(Z3,GLAPS정리!$BH$2:$BH$101,0)),"")) | BX3: =IF(Z3="","",IFERROR(VLOOKUP(Z3,GLAPS정리!$AX$2:$AZ$17,3,0),"")) | BZ3: =VLOOKUP(H3,GLAPS정리!$L$3:$O$133,2,0) -> #N/A | CA3: =IF(V3="공휴일", 10, IF(V3="야간", 20, IF(V3="위험물", 30, IF(V3="중량", 40, "")))) | CL3: =VLOOKUP(AI3,GLAPS정리!$BT$3:$BV$26,3,0) -> #N/A
AC4: =$AC$1 -> 20 | AD4: =IFERROR(INDEX(GLAPS정리!$D$2:$D$50,MATCH(I4,GLAPS정리!$A$2:$A$50,0)),IFERROR(INDEX(GLAPS정리!$D$2:$D$50,MATCH(I4,GLAPS정리!$B$2:$B$50,0)),"")) | AF4: =$AF$1 -> KR10 | AI4: =VLOOKUP(F4,GLAPS정리!$G$3:$J$114,2,0) -> #N/A | AJ4: =IF(Z4="울산정일","KRONS",IF(Z4="울산신항","KRUSN",IF(OR(Z4="선광종합물류(인천여객)",Z4="인천여객(인천여객)"),"KRINF",IF(OR(Z4="선광인천보세(인천신)",Z4="한진인천(인천신)",Z4="선광인천신항(인천신)",Z4="인천더로지스(인천신)"),"KRINN",IF(OR(Z4="인천진아(인천항)",Z4="인천E1(인천항)",Z4="인천SM경인터미널(인천항)",Z4="인천항(인천항)",Z4="인천우련(인천항)",Z4="인천항8부두(인천항)"),"KRINC",VLOOKUP(K4,GLAPS정리!$BB$2:$BC$33,2,0)))))) -> #N/A | AL4: =$AL$1 -> 5010001 | AN4: =TEXT(B4,"YYYY-MM-DD") -> 1900-01-00 | AO4: =IF(E4="오전", "0800", IF(E4="오후", "1300", IF(E4="잔업", "1800", ""))) | AP4: =VLOOKUP(C4,GLAPS정리!$AX$2:$AZ$17,3,0) -> #N/A | AR4: =X4 -> 0 | AX4: =VLOOKUP(L4,GLAPS정리!$V$3:$W$180,2,0) -> #N/A | BM4: =IF(AND(Q4=1,OR(P4="",P4="위험물")), "2210", IF(AND(Q4=1,OR(P4="리퍼",P4="위험물리퍼")), "2230", IF(AND(S4=1,OR(P4="",P4="위험물")), "4510", IF(AND(S4=1,OR(P4="리퍼",P4="위험물리퍼")), "4530", IF(AND(R4=1,OR(P4="",P4="위험물")), "4210", IF(AND(R4=1,P4="리퍼"), "4230", " ")))))) | BN4: =$BN$1 -> 1 | BR4: =IF(OR(P4="리퍼",P4="위험물리퍼"),"Y","") | BS4: =IF(OR(P4="위험물",P4="위험물리퍼"),"Y","") | BV4: =VLOOKUP(O4,GLAPS정리!$BH$2:$BI$94,2,0) -> #N/A | BW4: =IF(OR(Z4="동원",Z4="세방",Z4="한타"),"",IFERROR(INDEX(GLAPS정리!$BI$2:$BI$101,MATCH(Z4,GLAPS정리!$BH$2:$BH$101,0)),"")) | BX4: =IF(Z4="","",IFERROR(VLOOKUP(Z4,GLAPS정리!$AX$2:$AZ$17,3,0),"")) | BZ4: =VLOOKUP(H4,GLAPS정리!$L$3:$O$133,2,0) -> #N/A | CA4: =IF(V4="공휴일", 10, IF(V4="야간", 20, IF(V4="위험물", 30, IF(V4="중량", 40, "")))) | CL4: =VLOOKUP(AI4,GLAPS정리!$BT$3:$BV$26,3,0) -> #N/A
AC5: =$AC$1 -> 20 | AD5: =IFERROR(INDEX(GLAPS정리!$D$2:$D$50,MATCH(I5,GLAPS정리!$A$2:$A$50,0)),IFERROR(INDEX(GLAPS정리!$D$2:$D$50,MATCH(I5,GLAPS정리!$B$2:$B$50,0)),"")) | AF5: =$AF$1 -> KR10 | AI5: =VLOOKUP(F5,GLAPS정리!$G$3:$J$114,2,0) -> #N/A | AJ5: =IF(Z5="울산정일","KRONS",IF(Z5="울산신항","KRUSN",IF(OR(Z5="선광종합물류(인천여객)",Z5="인천여객(인천여객)"),"KRINF",IF(OR(Z5="선광인천보세(인천신)",Z5="한진인천(인천신)",Z5="선광인천신항(인천신)",Z5="인천더로지스(인천신)"),"KRINN",IF(OR(Z5="인천진아(인천항)",Z5="인천E1(인천항)",Z5="인천SM경인터미널(인천항)",Z5="인천항(인천항)",Z5="인천우련(인천항)",Z5="인천항8부두(인천항)"),"KRINC",VLOOKUP(K5,GLAPS정리!$BB$2:$BC$33,2,0)))))) -> #N/A | AL5: =$AL$1 -> 5010001 | AN5: =TEXT(B5,"YYYY-MM-DD") -> 1900-01-00 | AO5: =IF(E5="오전", "0800", IF(E5="오후", "1300", IF(E5="잔업", "1800", ""))) | AP5: =VLOOKUP(C5,GLAPS정리!$AX$2:$AZ$17,3,0) -> #N/A | AR5: =X5 -> 0 | AX5: =VLOOKUP(L5,GLAPS정리!$V$3:$W$180,2,0) -> #N/A | BM5: =IF(AND(Q5=1,OR(P5="",P5="위험물")), "2210", IF(AND(Q5=1,OR(P5="리퍼",P5="위험물리퍼")), "2230", IF(AND(S5=1,OR(P5="",P5="위험물")), "4510", IF(AND(S5=1,OR(P5="리퍼",P5="위험물리퍼")), "4530", IF(AND(R5=1,OR(P5="",P5="위험물")), "4210", IF(AND(R5=1,P5="리퍼"), "4230", " ")))))) | BN5: =$BN$1 -> 1 | BR5: =IF(OR(P5="리퍼",P5="위험물리퍼"),"Y","") | BS5: =IF(OR(P5="위험물",P5="위험물리퍼"),"Y","") | BV5: =VLOOKUP(O5,GLAPS정리!$BH$2:$BI$94,2,0) -> #N/A | BW5: =IF(OR(Z5="동원",Z5="세방",Z5="한타"),"",IFERROR(INDEX(GLAPS정리!$BI$2:$BI$101,MATCH(Z5,GLAPS정리!$BH$2:$BH$101,0)),"")) | BX5: =IF(Z5="","",IFERROR(VLOOKUP(Z5,GLAPS정리!$AX$2:$AZ$17,3,0),"")) | BZ5: =VLOOKUP(H5,GLAPS정리!$L$3:$O$133,2,0) -> #N/A | CA5: =IF(V5="공휴일", 10, IF(V5="야간", 20, IF(V5="위험물", 30, IF(V5="중량", 40, "")))) | CL5: =VLOOKUP(AI5,GLAPS정리!$BT$3:$BV$26,3,0) -> #N/A
AC6: =$AC$1 -> 20 | AD6: =IFERROR(INDEX(GLAPS정리!$D$2:$D$50,MATCH(I6,GLAPS정리!$A$2:$A$50,0)),IFERROR(INDEX(GLAPS정리!$D$2:$D$50,MATCH(I6,GLAPS정리!$B$2:$B$50,0)),"")) | AF6: =$AF$1 -> KR10 | AI6: =VLOOKUP(F6,GLAPS정리!$G$3:$J$114,2,0) -> #N/A | AJ6: =IF(Z6="울산정일","KRONS",IF(Z6="울산신항","KRUSN",IF(OR(Z6="선광종합물류(인천여객)",Z6="인천여객(인천여객)"),"KRINF",IF(OR(Z6="선광인천보세(인천신)",Z6="한진인천(인천신)",Z6="선광인천신항(인천신)",Z6="인천더로지스(인천신)"),"KRINN",IF(OR(Z6="인천진아(인천항)",Z6="인천E1(인천항)",Z6="인천SM경인터미널(인천항)",Z6="인천항(인천항)",Z6="인천우련(인천항)",Z6="인천항8부두(인천항)"),"KRINC",VLOOKUP(K6,GLAPS정리!$BB$2:$BC$33,2,0)))))) -> #N/A | AL6: =$AL$1 -> 5010001 | AN6: =TEXT(B6,"YYYY-MM-DD") -> 1900-01-00 | AO6: =IF(E6="오전", "0800", IF(E6="오후", "1300", IF(E6="잔업", "1800", ""))) | AP6: =VLOOKUP(C6,GLAPS정리!$AX$2:$AZ$17,3,0) -> #N/A | AR6: =X6 -> 0 | AX6: =VLOOKUP(L6,GLAPS정리!$V$3:$W$180,2,0) -> #N/A | BM6: =IF(AND(Q6=1,OR(P6="",P6="위험물")), "2210", IF(AND(Q6=1,OR(P6="리퍼",P6="위험물리퍼")), "2230", IF(AND(S6=1,OR(P6="",P6="위험물")), "4510", IF(AND(S6=1,OR(P6="리퍼",P6="위험물리퍼")), "4530", IF(AND(R6=1,OR(P6="",P6="위험물")), "4210", IF(AND(R6=1,P6="리퍼"), "4230", " ")))))) | BN6: =$BN$1 -> 1 | BR6: =IF(OR(P6="리퍼",P6="위험물리퍼"),"Y","") | BS6: =IF(OR(P6="위험물",P6="위험물리퍼"),"Y","") | BV6: =VLOOKUP(O6,GLAPS정리!$BH$2:$BI$94,2,0) -> #N/A | BW6: =IF(OR(Z6="동원",Z6="세방",Z6="한타"),"",IFERROR(INDEX(GLAPS정리!$BI$2:$BI$101,MATCH(Z6,GLAPS정리!$BH$2:$BH$101,0)),"")) | BX6: =IF(Z6="","",IFERROR(VLOOKUP(Z6,GLAPS정리!$AX$2:$AZ$17,3,0),"")) | BZ6: =VLOOKUP(H6,GLAPS정리!$L$3:$O$133,2,0) -> #N/A | CA6: =IF(V6="공휴일", 10, IF(V6="야간", 20, IF(V6="위험물", 30, IF(V6="중량", 40, "")))) | CL6: =VLOOKUP(AI6,GLAPS정리!$BT$3:$BV$26,3,0) -> #N/A
AC7: =$AC$1 -> 20 | AD7: =IFERROR(INDEX(GLAPS정리!$D$2:$D$50,MATCH(I7,GLAPS정리!$A$2:$A$50,0)),IFERROR(INDEX(GLAPS정리!$D$2:$D$50,MATCH(I7,GLAPS정리!$B$2:$B$50,0)),"")) | AF7: =$AF$1 -> KR10 | AI7: =VLOOKUP(F7,GLAPS정리!$G$3:$J$114,2,0) -> #N/A | AJ7: =IF(Z7="울산정일","KRONS",IF(Z7="울산신항","KRUSN",IF(OR(Z7="선광종합물류(인천여객)",Z7="인천여객(인천여객)"),"KRINF",IF(OR(Z7="선광인천보세(인천신)",Z7="한진인천(인천신)",Z7="선광인천신항(인천신)",Z7="인천더로지스(인천신)"),"KRINN",IF(OR(Z7="인천진아(인천항)",Z7="인천E1(인천항)",Z7="인천SM경인터미널(인천항)",Z7="인천항(인천항)",Z7="인천우련(인천항)",Z7="인천항8부두(인천항)"),"KRINC",VLOOKUP(K7,GLAPS정리!$BB$2:$BC$33,2,0)))))) -> #N/A | AL7: =$AL$1 -> 5010001 | AN7: =TEXT(B7,"YYYY-MM-DD") -> 1900-01-00 | AO7: =IF(E7="오전", "0800", IF(E7="오후", "1300", IF(E7="잔업", "1800", ""))) | AP7: =VLOOKUP(C7,GLAPS정리!$AX$2:$AZ$17,3,0) -> #N/A | AR7: =X7 -> 0 | AX7: =VLOOKUP(L7,GLAPS정리!$V$3:$W$180,2,0) -> #N/A | BM7: =IF(AND(Q7=1,OR(P7="",P7="위험물")), "2210", IF(AND(Q7=1,OR(P7="리퍼",P7="위험물리퍼")), "2230", IF(AND(S7=1,OR(P7="",P7="위험물")), "4510", IF(AND(S7=1,OR(P7="리퍼",P7="위험물리퍼")), "4530", IF(AND(R7=1,OR(P7="",P7="위험물")), "4210", IF(AND(R7=1,P7="리퍼"), "4230", " ")))))) | BN7: =$BN$1 -> 1 | BR7: =IF(OR(P7="리퍼",P7="위험물리퍼"),"Y","") | BS7: =IF(OR(P7="위험물",P7="위험물리퍼"),"Y","") | BV7: =VLOOKUP(O7,GLAPS정리!$BH$2:$BI$94,2,0) -> #N/A | BW7: =IF(OR(Z7="동원",Z7="세방",Z7="한타"),"",IFERROR(INDEX(GLAPS정리!$BI$2:$BI$101,MATCH(Z7,GLAPS정리!$BH$2:$BH$101,0)),"")) | BX7: =IF(Z7="","",IFERROR(VLOOKUP(Z7,GLAPS정리!$AX$2:$AZ$17,3,0),"")) | BZ7: =VLOOKUP(H7,GLAPS정리!$L$3:$O$133,2,0) -> #N/A | CA7: =IF(V7="공휴일", 10, IF(V7="야간", 20, IF(V7="위험물", 30, IF(V7="중량", 40, "")))) | CL7: =VLOOKUP(AI7,GLAPS정리!$BT$3:$BV$26,3,0) -> #N/A
AC8: =$AC$1 -> 20 | AD8: =IFERROR(INDEX(GLAPS정리!$D$2:$D$50,MATCH(I8,GLAPS정리!$A$2:$A$50,0)),IFERROR(INDEX(GLAPS정리!$D$2:$D$50,MATCH(I8,GLAPS정리!$B$2:$B$50,0)),"")) | AF8: =$AF$1 -> KR10 | AI8: =VLOOKUP(F8,GLAPS정리!$G$3:$J$114,2,0) -> #N/A | AJ8: =IF(Z8="울산정일","KRONS",IF(Z8="울산신항","KRUSN",IF(OR(Z8="선광종합물류(인천여객)",Z8="인천여객(인천여객)"),"KRINF",IF(OR(Z8="선광인천보세(인천신)",Z8="한진인천(인천신)",Z8="선광인천신항(인천신)",Z8="인천더로지스(인천신)"),"KRINN",IF(OR(Z8="인천진아(인천항)",Z8="인천E1(인천항)",Z8="인천SM경인터미널(인천항)",Z8="인천항(인천항)",Z8="인천우련(인천항)",Z8="인천항8부두(인천항)"),"KRINC",VLOOKUP(K8,GLAPS정리!$BB$2:$BC$33,2,0)))))) -> #N/A | AL8: =$AL$1 -> 5010001 | AN8: =TEXT(B8,"YYYY-MM-DD") -> 1900-01-00 | AO8: =IF(E8="오전", "0800", IF(E8="오후", "1300", IF(E8="잔업", "1800", ""))) | AP8: =VLOOKUP(C8,GLAPS정리!$AX$2:$AZ$17,3,0) -> #N/A | AR8: =X8 -> 0 | AX8: =VLOOKUP(L8,GLAPS정리!$V$3:$W$180,2,0) -> #N/A | BM8: =IF(AND(Q8=1,OR(P8="",P8="위험물")), "2210", IF(AND(Q8=1,OR(P8="리퍼",P8="위험물리퍼")), "2230", IF(AND(S8=1,OR(P8="",P8="위험물")), "4510", IF(AND(S8=1,OR(P8="리퍼",P8="위험물리퍼")), "4530", IF(AND(R8=1,OR(P8="",P8="위험물")), "4210", IF(AND(R8=1,P8="리퍼"), "4230", " ")))))) | BN8: =$BN$1 -> 1 | BR8: =IF(OR(P8="리퍼",P8="위험물리퍼"),"Y","") | BS8: =IF(OR(P8="위험물",P8="위험물리퍼"),"Y","") | BV8: =VLOOKUP(O8,GLAPS정리!$BH$2:$BI$94,2,0) -> #N/A | BW8: =IF(OR(Z8="동원",Z8="세방",Z8="한타"),"",IFERROR(INDEX(GLAPS정리!$BI$2:$BI$101,MATCH(Z8,GLAPS정리!$BH$2:$BH$101,0)),"")) | BX8: =IF(Z8="","",IFERROR(VLOOKUP(Z8,GLAPS정리!$AX$2:$AZ$17,3,0),"")) | BZ8: =VLOOKUP(H8,GLAPS정리!$L$3:$O$133,2,0) -> #N/A | CA8: =IF(V8="공휴일", 10, IF(V8="야간", 20, IF(V8="위험물", 30, IF(V8="중량", 40, "")))) | CL8: =VLOOKUP(AI8,GLAPS정리!$BT$3:$BV$26,3,0) -> #N/A
AC9: =$AC$1 -> 20 | AD9: =IFERROR(INDEX(GLAPS정리!$D$2:$D$50,MATCH(I9,GLAPS정리!$A$2:$A$50,0)),IFERROR(INDEX(GLAPS정리!$D$2:$D$50,MATCH(I9,GLAPS정리!$B$2:$B$50,0)),"")) | AF9: =$AF$1 -> KR10 | AI9: =VLOOKUP(F9,GLAPS정리!$G$3:$J$114,2,0) -> #N/A | AJ9: =IF(Z9="울산정일","KRONS",IF(Z9="울산신항","KRUSN",IF(OR(Z9="선광종합물류(인천여객)",Z9="인천여객(인천여객)"),"KRINF",IF(OR(Z9="선광인천보세(인천신)",Z9="한진인천(인천신)",Z9="선광인천신항(인천신)",Z9="인천더로지스(인천신)"),"KRINN",IF(OR(Z9="인천진아(인천항)",Z9="인천E1(인천항)",Z9="인천SM경인터미널(인천항)",Z9="인천항(인천항)",Z9="인천우련(인천항)",Z9="인천항8부두(인천항)"),"KRINC",VLOOKUP(K9,GLAPS정리!$BB$2:$BC$33,2,0)))))) -> #N/A | AL9: =$AL$1 -> 5010001 | AN9: =TEXT(B9,"YYYY-MM-DD") -> 1900-01-00 | AO9: =IF(E9="오전", "0800", IF(E9="오후", "1300", IF(E9="잔업", "1800", ""))) | AP9: =VLOOKUP(C9,GLAPS정리!$AX$2:$AZ$17,3,0) -> #N/A | AR9: =X9 -> 0 | AX9: =VLOOKUP(L9,GLAPS정리!$V$3:$W$180,2,0) -> #N/A | BM9: =IF(AND(Q9=1,OR(P9="",P9="위험물")), "2210", IF(AND(Q9=1,OR(P9="리퍼",P9="위험물리퍼")), "2230", IF(AND(S9=1,OR(P9="",P9="위험물")), "4510", IF(AND(S9=1,OR(P9="리퍼",P9="위험물리퍼")), "4530", IF(AND(R9=1,OR(P9="",P9="위험물")), "4210", IF(AND(R9=1,P9="리퍼"), "4230", " ")))))) | BN9: =$BN$1 -> 1 | BR9: =IF(OR(P9="리퍼",P9="위험물리퍼"),"Y","") | BS9: =IF(OR(P9="위험물",P9="위험물리퍼"),"Y","") | BV9: =VLOOKUP(O9,GLAPS정리!$BH$2:$BI$94,2,0) -> #N/A | BW9: =IF(OR(Z9="동원",Z9="세방",Z9="한타"),"",IFERROR(INDEX(GLAPS정리!$BI$2:$BI$101,MATCH(Z9,GLAPS정리!$BH$2:$BH$101,0)),"")) | BX9: =IF(Z9="","",IFERROR(VLOOKUP(Z9,GLAPS정리!$AX$2:$AZ$17,3,0),"")) | BZ9: =VLOOKUP(H9,GLAPS정리!$L$3:$O$133,2,0) -> #N/A | CA9: =IF(V9="공휴일", 10, IF(V9="야간", 20, IF(V9="위험물", 30, IF(V9="중량", 40, "")))) | CL9: =VLOOKUP(AI9,GLAPS정리!$BT$3:$BV$26,3,0) -> #N/A
AC10: =$AC$1 -> 20 | AD10: =IFERROR(INDEX(GLAPS정리!$D$2:$D$50,MATCH(I10,GLAPS정리!$A$2:$A$50,0)),IFERROR(INDEX(GLAPS정리!$D$2:$D$50,MATCH(I10,GLAPS정리!$B$2:$B$50,0)),"")) | AF10: =$AF$1 -> KR10 | AI10: =VLOOKUP(F10,GLAPS정리!$G$3:$J$114,2,0) -> #N/A | AJ10: =IF(Z10="울산정일","KRONS",IF(Z10="울산신항","KRUSN",IF(OR(Z10="선광종합물류(인천여객)",Z10="인천여객(인천여객)"),"KRINF",IF(OR(Z10="선광인천보세(인천신)",Z10="한진인천(인천신)",Z10="선광인천신항(인천신)",Z10="인천더로지스(인천신)"),"KRINN",IF(OR(Z10="인천진아(인천항)",Z10="인천E1(인천항)",Z10="인천SM경인터미널(인천항)",Z10="인천항(인천항)",Z10="인천우련(인천항)",Z10="인천항8부두(인천항)"),"KRINC",VLOOKUP(K10,GLAPS정리!$BB$2:$BC$33,2,0)))))) -> #N/A | AL10: =$AL$1 -> 5010001 | AN10: =TEXT(B10,"YYYY-MM-DD") -> 1900-01-00 | AO10: =IF(E10="오전", "0800", IF(E10="오후", "1300", IF(E10="잔업", "1800", ""))) | AP10: =VLOOKUP(C10,GLAPS정리!$AX$2:$AZ$17,3,0) -> #N/A | AR10: =X10 -> 0 | AX10: =VLOOKUP(L10,GLAPS정리!$V$3:$W$180,2,0) -> #N/A | BM10: =IF(AND(Q10=1,OR(P10="",P10="위험물")), "2210", IF(AND(Q10=1,OR(P10="리퍼",P10="위험물리퍼")), "2230", IF(AND(S10=1,OR(P10="",P10="위험물")), "4510", IF(AND(S10=1,OR(P10="리퍼",P10="위험물리퍼")), "4530", IF(AND(R10=1,OR(P10="",P10="위험물")), "4210", IF(AND(R10=1,P10="리퍼"), "4230", " ")))))) | BN10: =$BN$1 -> 1 | BR10: =IF(OR(P10="리퍼",P10="위험물리퍼"),"Y","") | BS10: =IF(OR(P10="위험물",P10="위험물리퍼"),"Y","") | BV10: =VLOOKUP(O10,GLAPS정리!$BH$2:$BI$94,2,0) -> #N/A | BW10: =IF(OR(Z10="동원",Z10="세방",Z10="한타"),"",IFERROR(INDEX(GLAPS정리!$BI$2:$BI$101,MATCH(Z10,GLAPS정리!$BH$2:$BH$101,0)),"")) | BX10: =IF(Z10="","",IFERROR(VLOOKUP(Z10,GLAPS정리!$AX$2:$AZ$17,3,0),"")) | BZ10: =VLOOKUP(H10,GLAPS정리!$L$3:$O$133,2,0) -> #N/A | CA10: =IF(V10="공휴일", 10, IF(V10="야간", 20, IF(V10="위험물", 30, IF(V10="중량", 40, "")))) | CL10: =VLOOKUP(AI10,GLAPS정리!$BT$3:$BV$26,3,0) -> #N/A
AC11: =$AC$1 -> 20 | AD11: =IFERROR(INDEX(GLAPS정리!$D$2:$D$50,MATCH(I11,GLAPS정리!$A$2:$A$50,0)),IFERROR(INDEX(GLAPS정리!$D$2:$D$50,MATCH(I11,GLAPS정리!$B$2:$B$50,0)),"")) | AF11: =$AF$1 -> KR10 | AI11: =VLOOKUP(F11,GLAPS정리!$G$3:$J$114,2,0) -> #N/A | AJ11: =IF(Z11="울산정일","KRONS",IF(Z11="울산신항","KRUSN",IF(OR(Z11="선광종합물류(인천여객)",Z11="인천여객(인천여객)"),"KRINF",IF(OR(Z11="선광인천보세(인천신)",Z11="한진인천(인천신)",Z11="선광인천신항(인천신)",Z11="인천더로지스(인천신)"),"KRINN",IF(OR(Z11="인천진아(인천항)",Z11="인천E1(인천항)",Z11="인천SM경인터미널(인천항)",Z11="인천항(인천항)",Z11="인천우련(인천항)",Z11="인천항8부두(인천항)"),"KRINC",VLOOKUP(K11,GLAPS정리!$BB$2:$BC$33,2,0)))))) -> #N/A | AL11: =$AL$1 -> 5010001 | AN11: =TEXT(B11,"YYYY-MM-DD") -> 1900-01-00 | AO11: =IF(E11="오전", "0800", IF(E11="오후", "1300", IF(E11="잔업", "1800", ""))) | AP11: =VLOOKUP(C11,GLAPS정리!$AX$2:$AZ$17,3,0) -> #N/A | AR11: =X11 -> 0 | AX11: =VLOOKUP(L11,GLAPS정리!$V$3:$W$180,2,0) -> #N/A | BM11: =IF(AND(Q11=1,OR(P11="",P11="위험물")), "2210", IF(AND(Q11=1,OR(P11="리퍼",P11="위험물리퍼")), "2230", IF(AND(S11=1,OR(P11="",P11="위험물")), "4510", IF(AND(S11=1,OR(P11="리퍼",P11="위험물리퍼")), "4530", IF(AND(R11=1,OR(P11="",P11="위험물")), "4210", IF(AND(R11=1,P11="리퍼"), "4230", " ")))))) | BN11: =$BN$1 -> 1 | BR11: =IF(OR(P11="리퍼",P11="위험물리퍼"),"Y","") | BS11: =IF(OR(P11="위험물",P11="위험물리퍼"),"Y","") | BV11: =VLOOKUP(O11,GLAPS정리!$BH$2:$BI$94,2,0) -> #N/A | BW11: =IF(OR(Z11="동원",Z11="세방",Z11="한타"),"",IFERROR(INDEX(GLAPS정리!$BI$2:$BI$101,MATCH(Z11,GLAPS정리!$BH$2:$BH$101,0)),"")) | BX11: =IF(Z11="","",IFERROR(VLOOKUP(Z11,GLAPS정리!$AX$2:$AZ$17,3,0),"")) | BZ11: =VLOOKUP(H11,GLAPS정리!$L$3:$O$133,2,0) -> #N/A | CA11: =IF(V11="공휴일", 10, IF(V11="야간", 20, IF(V11="위험물", 30, IF(V11="중량", 40, "")))) | CL11: =VLOOKUP(AI11,GLAPS정리!$BT$3:$BV$26,3,0) -> #N/A
AC12: =$AC$1 -> 20 | AD12: =IFERROR(INDEX(GLAPS정리!$D$2:$D$50,MATCH(I12,GLAPS정리!$A$2:$A$50,0)),IFERROR(INDEX(GLAPS정리!$D$2:$D$50,MATCH(I12,GLAPS정리!$B$2:$B$50,0)),"")) | AF12: =$AF$1 -> KR10 | AI12: =VLOOKUP(F12,GLAPS정리!$G$3:$J$114,2,0) -> #N/A | AJ12: =IF(Z12="울산정일","KRONS",IF(Z12="울산신항","KRUSN",IF(OR(Z12="선광종합물류(인천여객)",Z12="인천여객(인천여객)"),"KRINF",IF(OR(Z12="선광인천보세(인천신)",Z12="한진인천(인천신)",Z12="선광인천신항(인천신)",Z12="인천더로지스(인천신)"),"KRINN",IF(OR(Z12="인천진아(인천항)",Z12="인천E1(인천항)",Z12="인천SM경인터미널(인천항)",Z12="인천항(인천항)",Z12="인천우련(인천항)",Z12="인천항8부두(인천항)"),"KRINC",VLOOKUP(K12,GLAPS정리!$BB$2:$BC$33,2,0)))))) -> #N/A | AL12: =$AL$1 -> 5010001 | AN12: =TEXT(B12,"YYYY-MM-DD") -> 1900-01-00 | AO12: =IF(E12="오전", "0800", IF(E12="오후", "1300", IF(E12="잔업", "1800", ""))) | AP12: =VLOOKUP(C12,GLAPS정리!$AX$2:$AZ$17,3,0) -> #N/A | AR12: =X12 -> 0 | AX12: =VLOOKUP(L12,GLAPS정리!$V$3:$W$180,2,0) -> #N/A | BM12: =IF(AND(Q12=1,OR(P12="",P12="위험물")), "2210", IF(AND(Q12=1,OR(P12="리퍼",P12="위험물리퍼")), "2230", IF(AND(S12=1,OR(P12="",P12="위험물")), "4510", IF(AND(S12=1,OR(P12="리퍼",P12="위험물리퍼")), "4530", IF(AND(R12=1,OR(P12="",P12="위험물")), "4210", IF(AND(R12=1,P12="리퍼"), "4230", " ")))))) | BN12: =$BN$1 -> 1 | BR12: =IF(OR(P12="리퍼",P12="위험물리퍼"),"Y","") | BS12: =IF(OR(P12="위험물",P12="위험물리퍼"),"Y","") | BV12: =VLOOKUP(O12,GLAPS정리!$BH$2:$BI$94,2,0) -> #N/A | BW12: =IF(OR(Z12="동원",Z12="세방",Z12="한타"),"",IFERROR(INDEX(GLAPS정리!$BI$2:$BI$101,MATCH(Z12,GLAPS정리!$BH$2:$BH$101,0)),"")) | BX12: =IF(Z12="","",IFERROR(VLOOKUP(Z12,GLAPS정리!$AX$2:$AZ$17,3,0),"")) | BZ12: =VLOOKUP(H12,GLAPS정리!$L$3:$O$133,2,0) -> #N/A | CA12: =IF(V12="공휴일", 10, IF(V12="야간", 20, IF(V12="위험물", 30, IF(V12="중량", 40, "")))) | CL12: =VLOOKUP(AI12,GLAPS정리!$BT$3:$BV$26,3,0) -> #N/A
AC13: =$AC$1 -> 20 | AD13: =IFERROR(INDEX(GLAPS정리!$D$2:$D$50,MATCH(I13,GLAPS정리!$A$2:$A$50,0)),IFERROR(INDEX(GLAPS정리!$D$2:$D$50,MATCH(I13,GLAPS정리!$B$2:$B$50,0)),"")) | AF13: =$AF$1 -> KR10 | AI13: =VLOOKUP(F13,GLAPS정리!$G$3:$J$114,2,0) -> #N/A | AJ13: =IF(Z13="울산정일","KRONS",IF(Z13="울산신항","KRUSN",IF(OR(Z13="선광종합물류(인천여객)",Z13="인천여객(인천여객)"),"KRINF",IF(OR(Z13="선광인천보세(인천신)",Z13="한진인천(인천신)",Z13="선광인천신항(인천신)",Z13="인천더로지스(인천신)"),"KRINN",IF(OR(Z13="인천진아(인천항)",Z13="인천E1(인천항)",Z13="인천SM경인터미널(인천항)",Z13="인천항(인천항)",Z13="인천우련(인천항)",Z13="인천항8부두(인천항)"),"KRINC",VLOOKUP(K13,GLAPS정리!$BB$2:$BC$33,2,0)))))) -> #N/A | AL13: =$AL$1 -> 5010001 | AN13: =TEXT(B13,"YYYY-MM-DD") -> 1900-01-00 | AO13: =IF(E13="오전", "0800", IF(E13="오후", "1300", IF(E13="잔업", "1800", ""))) | AP13: =VLOOKUP(C13,GLAPS정리!$AX$2:$AZ$17,3,0) -> #N/A | AR13: =X13 -> 0 | AX13: =VLOOKUP(L13,GLAPS정리!$V$3:$W$180,2,0) -> #N/A | BM13: =IF(AND(Q13=1,OR(P13="",P13="위험물")), "2210", IF(AND(Q13=1,OR(P13="리퍼",P13="위험물리퍼")), "2230", IF(AND(S13=1,OR(P13="",P13="위험물")), "4510", IF(AND(S13=1,OR(P13="리퍼",P13="위험물리퍼")), "4530", IF(AND(R13=1,OR(P13="",P13="위험물")), "4210", IF(AND(R13=1,P13="리퍼"), "4230", " ")))))) | BN13: =$BN$1 -> 1 | BR13: =IF(OR(P13="리퍼",P13="위험물리퍼"),"Y","") | BS13: =IF(OR(P13="위험물",P13="위험물리퍼"),"Y","") | BV13: =VLOOKUP(O13,GLAPS정리!$BH$2:$BI$94,2,0) -> #N/A | BW13: =IF(OR(Z13="동원",Z13="세방",Z13="한타"),"",IFERROR(INDEX(GLAPS정리!$BI$2:$BI$101,MATCH(Z13,GLAPS정리!$BH$2:$BH$101,0)),"")) | BX13: =IF(Z13="","",IFERROR(VLOOKUP(Z13,GLAPS정리!$AX$2:$AZ$17,3,0),"")) | BZ13: =VLOOKUP(H13,GLAPS정리!$L$3:$O$133,2,0) -> #N/A | CA13: =IF(V13="공휴일", 10, IF(V13="야간", 20, IF(V13="위험물", 30, IF(V13="중량", 40, "")))) | CL13: =VLOOKUP(AI13,GLAPS정리!$BT$3:$BV$26,3,0) -> #N/A
AC14: =$AC$1 -> 20 | AD14: =IFERROR(INDEX(GLAPS정리!$D$2:$D$50,MATCH(I14,GLAPS정리!$A$2:$A$50,0)),IFERROR(INDEX(GLAPS정리!$D$2:$D$50,MATCH(I14,GLAPS정리!$B$2:$B$50,0)),"")) | AF14: =$AF$1 -> KR10 | AI14: =VLOOKUP(F14,GLAPS정리!$G$3:$J$114,2,0) -> #N/A | AJ14: =IF(Z14="울산정일","KRONS",IF(Z14="울산신항","KRUSN",IF(OR(Z14="선광종합물류(인천여객)",Z14="인천여객(인천여객)"),"KRINF",IF(OR(Z14="선광인천보세(인천신)",Z14="한진인천(인천신)",Z14="선광인천신항(인천신)",Z14="인천더로지스(인천신)"),"KRINN",IF(OR(Z14="인천진아(인천항)",Z14="인천E1(인천항)",Z14="인천SM경인터미널(인천항)",Z14="인천항(인천항)",Z14="인천우련(인천항)",Z14="인천항8부두(인천항)"),"KRINC",VLOOKUP(K14,GLAPS정리!$BB$2:$BC$33,2,0)))))) -> #N/A | AL14: =$AL$1 -> 5010001 | AN14: =TEXT(B14,"YYYY-MM-DD") -> 1900-01-00 | AO14: =IF(E14="오전", "0800", IF(E14="오후", "1300", IF(E14="잔업", "1800", ""))) | AP14: =VLOOKUP(C14,GLAPS정리!$AX$2:$AZ$17,3,0) -> #N/A | AR14: =X14 -> 0 | AX14: =VLOOKUP(L14,GLAPS정리!$V$3:$W$180,2,0) -> #N/A | BM14: =IF(AND(Q14=1,OR(P14="",P14="위험물")), "2210", IF(AND(Q14=1,OR(P14="리퍼",P14="위험물리퍼")), "2230", IF(AND(S14=1,OR(P14="",P14="위험물")), "4510", IF(AND(S14=1,OR(P14="리퍼",P14="위험물리퍼")), "4530", IF(AND(R14=1,OR(P14="",P14="위험물")), "4210", IF(AND(R14=1,P14="리퍼"), "4230", " ")))))) | BN14: =$BN$1 -> 1 | BR14: =IF(OR(P14="리퍼",P14="위험물리퍼"),"Y","") | BS14: =IF(OR(P14="위험물",P14="위험물리퍼"),"Y","") | BV14: =VLOOKUP(O14,GLAPS정리!$BH$2:$BI$94,2,0) -> #N/A | BW14: =IF(OR(Z14="동원",Z14="세방",Z14="한타"),"",IFERROR(INDEX(GLAPS정리!$BI$2:$BI$101,MATCH(Z14,GLAPS정리!$BH$2:$BH$101,0)),"")) | BX14: =IF(Z14="","",IFERROR(VLOOKUP(Z14,GLAPS정리!$AX$2:$AZ$17,3,0),"")) | BZ14: =VLOOKUP(H14,GLAPS정리!$L$3:$O$133,2,0) -> #N/A | CA14: =IF(V14="공휴일", 10, IF(V14="야간", 20, IF(V14="위험물", 30, IF(V14="중량", 40, "")))) | CL14: =VLOOKUP(AI14,GLAPS정리!$BT$3:$BV$26,3,0) -> #N/A
... AC130: =$AC$1 -> 20 | AD130: =IFERROR(INDEX(GLAPS정리!$D$2:$D$50,MATCH(I130,GLAPS정리!$A$2:$A$50,0)),IFERROR(INDEX(GLAPS정리!$D$2:$D$50,MATCH(I130,GLAPS정리!$B$2:$B$50,0)),"")) | AF130: =$AF$1 -> KR10 | AI130: =VLOOKUP(F130,GLAPS정리!$G$3:$J$114,2,0) -> #N/A | AJ130: =IF(Z130="울산정일","KRONS",IF(Z130="울산신항","KRUSN",IF(OR(Z130="선광종합물류(인천여객)",Z130="인천여객(인천여객)"),"KRINF",IF(OR(Z130="선광인천보세(인천신)",Z130="한진인천(인천신)",Z130="선광인천신항(인천신)",Z130="인천더로지스(인천신)"),"KRINN",IF(OR(Z130="인천진아(인천항)",Z130="인천E1(인천항)",Z130="인천SM경인터미널(인천항)",Z130="인천항(인천항)",Z130="인천우련(인천항)",Z130="인천항8부두(인천항)"),"KRINC",VLOOKUP(K130,GLAPS정리!$BB$2:$BC$33,2,0)))))) -> #N/A | AL130: =$AL$1 -> 5010001 | AN130: =TEXT(B130,"YYYY-MM-DD") -> 1900-01-00 | AO130: =IF(E130="오전", "0800", IF(E130="오후", "1300", IF(E130="잔업", "1800", ""))) | AP130: =VLOOKUP(C130,GLAPS정리!$AX$2:$AZ$17,3,0) -> #N/A | AR130: =X130 -> 0 | AX130: =VLOOKUP(L130,GLAPS정리!$V$3:$W$180,2,0) -> #N/A | BM130: =IF(AND(Q130=1,OR(P130="",P130="위험물")), "2210", IF(AND(Q130=1,OR(P130="리퍼",P130="위험물리퍼")), "2230", IF(AND(S130=1,OR(P130="",P130="위험물")), "4510", IF(AND(S130=1,OR(P130="리퍼",P130="위험물리퍼")), "4530", IF(AND(R130=1,OR(P130="",P130="위험물")), "4210", IF(AND(R130=1,P130="리퍼"), "4230", " ")))))) | BN130: =$BN$1 -> 1 | BR130: =IF(OR(P130="리퍼",P130="위험물리퍼"),"Y","") | BS130: =IF(OR(P130="위험물",P130="위험물리퍼"),"Y","") | BV130: =VLOOKUP(O130,GLAPS정리!$BH$2:$BI$94,2,0) -> #N/A | BW130: =IF(OR(Z130="동원",Z130="세방",Z130="한타"),"",IFERROR(INDEX(GLAPS정리!$BI$2:$BI$101,MATCH(Z130,GLAPS정리!$BH$2:$BH$101,0)),"")) | BX130: =IF(Z130="","",IFERROR(VLOOKUP(Z130,GLAPS정리!$AX$2:$AZ$17,3,0),"")) | BZ130: =VLOOKUP(H130,GLAPS정리!$L$3:$O$133,2,0) -> #N/A | CA130: =IF(V130="공휴일", 10, IF(V130="야간", 20, IF(V130="위험물", 30, IF(V130="중량", 40, "")))) | CL130: =VLOOKUP(AI130,GLAPS정리!$BT$3:$BV$26,3,0) -> #N/A
Q131: =IF(J131="20 FeeT",1,"") | R131: =IF(J131="40 Feet N",1,"") | S131: =IF(J131="40 Feet H",1,"") | AC131: =$AC$1 -> 20 | AD131: =IFERROR(INDEX(GLAPS정리!$D$2:$D$50,MATCH(I131,GLAPS정리!$A$2:$A$50,0)),IFERROR(INDEX(GLAPS정리!$D$2:$D$50,MATCH(I131,GLAPS정리!$B$2:$B$50,0)),"")) | AF131: =$AF$1 -> KR10 | AI131: =VLOOKUP(F131,GLAPS정리!$G$3:$J$114,2,0) -> #N/A | AJ131: =IF(Z131="울산정일","KRONS",IF(Z131="울산신항","KRUSN",IF(OR(Z131="선광종합물류(인천여객)",Z131="인천여객(인천여객)"),"KRINF",IF(OR(Z131="선광인천보세(인천신)",Z131="한진인천(인천신)",Z131="선광인천신항(인천신)",Z131="인천더로지스(인천신)"),"KRINN",IF(OR(Z131="인천진아(인천항)",Z131="인천E1(인천항)",Z131="인천SM경인터미널(인천항)",Z131="인천항(인천항)",Z131="인천우련(인천항)",Z131="인천항8부두(인천항)"),"KRINC",VLOOKUP(K131,GLAPS정리!$BB$2:$BC$33,2,0)))))) -> #N/A | AL131: =$AL$1 -> 5010001 | AN131: =TEXT(B131,"YYYY-MM-DD") -> 1900-01-00 | AO131: =IF(E131="오전", "0800", IF(E131="오후", "1300", IF(E131="잔업", "1800", ""))) | AP131: =VLOOKUP(C131,GLAPS정리!$AX$2:$AZ$17,3,0) -> #N/A | AR131: =X131 -> 0 | AX131: =VLOOKUP(L131,GLAPS정리!$V$3:$W$180,2,0) -> #N/A | BM131: =IF(AND(Q131=1,OR(P131="",P131="위험물")), "2210", IF(AND(Q131=1,OR(P131="리퍼",P131="위험물리퍼")), "2230", IF(AND(S131=1,OR(P131="",P131="위험물")), "4510", IF(AND(S131=1,OR(P131="리퍼",P131="위험물리퍼")), "4530", IF(AND(R131=1,OR(P131="",P131="위험물")), "4210", IF(AND(R131=1,P131="리퍼"), "4230", " ")))))) | BN131: =$BN$1 -> 1 | BR131: =IF(OR(P131="리퍼",P131="위험물리퍼"),"Y","") | BS131: =IF(OR(P131="위험물",P131="위험물리퍼"),"Y","") | BV131: =VLOOKUP(O131,GLAPS정리!$BH$2:$BI$94,2,0) -> #N/A | BW131: =IF(OR(Z131="동원",Z131="세방",Z131="한타"),"",IFERROR(INDEX(GLAPS정리!$BI$2:$BI$101,MATCH(Z131,GLAPS정리!$BH$2:$BH$101,0)),"")) | BX131: =IF(Z131="","",IFERROR(VLOOKUP(Z131,GLAPS정리!$AX$2:$AZ$17,3,0),"")) | BZ131: =VLOOKUP(H131,GLAPS정리!$L$3:$O$133,2,0) -> #N/A | CA131: =IF(V131="공휴일", 10, IF(V131="야간", 20, IF(V131="위험물", 30, IF(V131="중량", 40, "")))) | CL131: =VLOOKUP(AI131,GLAPS정리!$BT$3:$BV$26,3,0) -> #N/A
Q132: =IF(J132="20 FeeT",1,"") | R132: =IF(J132="40 Feet N",1,"") | S132: =IF(J132="40 Feet H",1,"") | AC132: =$AC$1 -> 20 | AD132: =IFERROR(INDEX(GLAPS정리!$D$2:$D$50,MATCH(I132,GLAPS정리!$A$2:$A$50,0)),IFERROR(INDEX(GLAPS정리!$D$2:$D$50,MATCH(I132,GLAPS정리!$B$2:$B$50,0)),"")) | AF132: =$AF$1 -> KR10 | AI132: =VLOOKUP(F132,GLAPS정리!$G$3:$J$114,2,0) -> #N/A | AJ132: =IF(Z132="울산정일","KRONS",IF(Z132="울산신항","KRUSN",IF(OR(Z132="선광종합물류(인천여객)",Z132="인천여객(인천여객)"),"KRINF",IF(OR(Z132="선광인천보세(인천신)",Z132="한진인천(인천신)",Z132="선광인천신항(인천신)",Z132="인천더로지스(인천신)"),"KRINN",IF(OR(Z132="인천진아(인천항)",Z132="인천E1(인천항)",Z132="인천SM경인터미널(인천항)",Z132="인천항(인천항)",Z132="인천우련(인천항)",Z132="인천항8부두(인천항)"),"KRINC",VLOOKUP(K132,GLAPS정리!$BB$2:$BC$33,2,0)))))) -> #N/A | AL132: =$AL$1 -> 5010001 | AN132: =TEXT(B132,"YYYY-MM-DD") -> 1900-01-00 | AO132: =IF(E132="오전", "0800", IF(E132="오후", "1300", IF(E132="잔업", "1800", ""))) | AP132: =VLOOKUP(C132,GLAPS정리!$AX$2:$AZ$17,3,0) -> #N/A | AR132: =X132 -> 0 | AX132: =VLOOKUP(L132,GLAPS정리!$V$3:$W$180,2,0) -> #N/A | BM132: =IF(AND(Q132=1,OR(P132="",P132="위험물")), "2210", IF(AND(Q132=1,OR(P132="리퍼",P132="위험물리퍼")), "2230", IF(AND(S132=1,OR(P132="",P132="위험물")), "4510", IF(AND(S132=1,OR(P132="리퍼",P132="위험물리퍼")), "4530", IF(AND(R132=1,OR(P132="",P132="위험물")), "4210", IF(AND(R132=1,P132="리퍼"), "4230", " ")))))) | BN132: =$BN$1 -> 1 | BR132: =IF(OR(P132="리퍼",P132="위험물리퍼"),"Y","") | BS132: =IF(OR(P132="위험물",P132="위험물리퍼"),"Y","") | BV132: =VLOOKUP(O132,GLAPS정리!$BH$2:$BI$94,2,0) -> #N/A | BW132: =IF(OR(Z132="동원",Z132="세방",Z132="한타"),"",IFERROR(INDEX(GLAPS정리!$BI$2:$BI$101,MATCH(Z132,GLAPS정리!$BH$2:$BH$101,0)),"")) | BX132: =IF(Z132="","",IFERROR(VLOOKUP(Z132,GLAPS정리!$AX$2:$AZ$17,3,0),"")) | BZ132: =VLOOKUP(H132,GLAPS정리!$L$3:$O$133,2,0) -> #N/A | CA132: =IF(V132="공휴일", 10, IF(V132="야간", 20, IF(V132="위험물", 30, IF(V132="중량", 40, "")))) | CL132: =VLOOKUP(AI132,GLAPS정리!$BT$3:$BV$26,3,0) -> #N/A
Q133: =IF(J133="20 FeeT",1,"") | R133: =IF(J133="40 Feet N",1,"") | S133: =IF(J133="40 Feet H",1,"") | AC133: =$AC$1 -> 20 | AD133: =IFERROR(INDEX(GLAPS정리!$D$2:$D$50,MATCH(I133,GLAPS정리!$A$2:$A$50,0)),IFERROR(INDEX(GLAPS정리!$D$2:$D$50,MATCH(I133,GLAPS정리!$B$2:$B$50,0)),"")) | AF133: =$AF$1 -> KR10 | AI133: =VLOOKUP(F133,GLAPS정리!$G$3:$J$114,2,0) -> #N/A | AJ133: =IF(Z133="울산정일","KRONS",IF(Z133="울산신항","KRUSN",IF(OR(Z133="선광종합물류(인천여객)",Z133="인천여객(인천여객)"),"KRINF",IF(OR(Z133="선광인천보세(인천신)",Z133="한진인천(인천신)",Z133="선광인천신항(인천신)",Z133="인천더로지스(인천신)"),"KRINN",IF(OR(Z133="인천진아(인천항)",Z133="인천E1(인천항)",Z133="인천SM경인터미널(인천항)",Z133="인천항(인천항)",Z133="인천우련(인천항)",Z133="인천항8부두(인천항)"),"KRINC",VLOOKUP(K133,GLAPS정리!$BB$2:$BC$33,2,0)))))) -> #N/A | AL133: =$AL$1 -> 5010001 | AN133: =TEXT(B133,"YYYY-MM-DD") -> 1900-01-00 | AO133: =IF(E133="오전", "0800", IF(E133="오후", "1300", IF(E133="잔업", "1800", ""))) | AP133: =VLOOKUP(C133,GLAPS정리!$AX$2:$AZ$17,3,0) -> #N/A | AR133: =X133 -> 0 | AX133: =VLOOKUP(L133,GLAPS정리!$V$3:$W$180,2,0) -> #N/A | BM133: =IF(AND(Q133=1,OR(P133="",P133="위험물")), "2210", IF(AND(Q133=1,OR(P133="리퍼",P133="위험물리퍼")), "2230", IF(AND(S133=1,OR(P133="",P133="위험물")), "4510", IF(AND(S133=1,OR(P133="리퍼",P133="위험물리퍼")), "4530", IF(AND(R133=1,OR(P133="",P133="위험물")), "4210", IF(AND(R133=1,P133="리퍼"), "4230", " ")))))) | BN133: =$BN$1 -> 1 | BR133: =IF(OR(P133="리퍼",P133="위험물리퍼"),"Y","") | BS133: =IF(OR(P133="위험물",P133="위험물리퍼"),"Y","") | BV133: =VLOOKUP(O133,GLAPS정리!$BH$2:$BI$94,2,0) -> #N/A | BW133: =IF(OR(Z133="동원",Z133="세방",Z133="한타"),"",IFERROR(INDEX(GLAPS정리!$BI$2:$BI$101,MATCH(Z133,GLAPS정리!$BH$2:$BH$101,0)),"")) | BX133: =IF(Z133="","",IFERROR(VLOOKUP(Z133,GLAPS정리!$AX$2:$AZ$17,3,0),"")) | BZ133: =VLOOKUP(H133,GLAPS정리!$L$3:$O$133,2,0) -> #N/A | CA133: =IF(V133="공휴일", 10, IF(V133="야간", 20, IF(V133="위험물", 30, IF(V133="중량", 40, "")))) | CL133: =VLOOKUP(AI133,GLAPS정리!$BT$3:$BV$26,3,0) -> #N/A
Q134: =IF(J134="20 FeeT",1,"") | R134: =IF(J134="40 Feet N",1,"") | S134: =IF(J134="40 Feet H",1,"") | AC134: =$AC$1 -> 20 | AD134: =IFERROR(INDEX(GLAPS정리!$D$2:$D$50,MATCH(I134,GLAPS정리!$A$2:$A$50,0)),IFERROR(INDEX(GLAPS정리!$D$2:$D$50,MATCH(I134,GLAPS정리!$B$2:$B$50,0)),"")) | AF134: =$AF$1 -> KR10 | AI134: =VLOOKUP(F134,GLAPS정리!$G$3:$J$114,2,0) -> #N/A | AJ134: =IF(Z134="울산정일","KRONS",IF(Z134="울산신항","KRUSN",IF(OR(Z134="선광종합물류(인천여객)",Z134="인천여객(인천여객)"),"KRINF",IF(OR(Z134="선광인천보세(인천신)",Z134="한진인천(인천신)",Z134="선광인천신항(인천신)",Z134="인천더로지스(인천신)"),"KRINN",IF(OR(Z134="인천진아(인천항)",Z134="인천E1(인천항)",Z134="인천SM경인터미널(인천항)",Z134="인천항(인천항)",Z134="인천우련(인천항)",Z134="인천항8부두(인천항)"),"KRINC",VLOOKUP(K134,GLAPS정리!$BB$2:$BC$33,2,0)))))) -> #N/A | AL134: =$AL$1 -> 5010001 | AN134: =TEXT(B134,"YYYY-MM-DD") -> 1900-01-00 | AO134: =IF(E134="오전", "0800", IF(E134="오후", "1300", IF(E134="잔업", "1800", ""))) | AP134: =VLOOKUP(C134,GLAPS정리!$AX$2:$AZ$17,3,0) -> #N/A | AR134: =X134 -> 0 | AX134: =VLOOKUP(L134,GLAPS정리!$V$3:$W$180,2,0) -> #N/A | BM134: =IF(AND(Q134=1,OR(P134="",P134="위험물")), "2210", IF(AND(Q134=1,OR(P134="리퍼",P134="위험물리퍼")), "2230", IF(AND(S134=1,OR(P134="",P134="위험물")), "4510", IF(AND(S134=1,OR(P134="리퍼",P134="위험물리퍼")), "4530", IF(AND(R134=1,OR(P134="",P134="위험물")), "4210", IF(AND(R134=1,P134="리퍼"), "4230", " ")))))) | BN134: =$BN$1 -> 1 | BR134: =IF(OR(P134="리퍼",P134="위험물리퍼"),"Y","") | BS134: =IF(OR(P134="위험물",P134="위험물리퍼"),"Y","") | BV134: =VLOOKUP(O134,GLAPS정리!$BH$2:$BI$94,2,0) -> #N/A | BW134: =IF(OR(Z134="동원",Z134="세방",Z134="한타"),"",IFERROR(INDEX(GLAPS정리!$BI$2:$BI$101,MATCH(Z134,GLAPS정리!$BH$2:$BH$101,0)),"")) | BX134: =IF(Z134="","",IFERROR(VLOOKUP(Z134,GLAPS정리!$AX$2:$AZ$17,3,0),"")) | BZ134: =VLOOKUP(H134,GLAPS정리!$L$3:$O$133,2,0) -> #N/A | CA134: =IF(V134="공휴일", 10, IF(V134="야간", 20, IF(V134="위험물", 30, IF(V134="중량", 40, "")))) | CL134: =VLOOKUP(AI134,GLAPS정리!$BT$3:$BV$26,3,0) -> #N/A
Q135: =IF(J135="20 FeeT",1,"") | R135: =IF(J135="40 Feet N",1,"") | S135: =IF(J135="40 Feet H",1,"") | AC135: =$AC$1 -> 20 | AD135: =IFERROR(INDEX(GLAPS정리!$D$2:$D$50,MATCH(I135,GLAPS정리!$A$2:$A$50,0)),IFERROR(INDEX(GLAPS정리!$D$2:$D$50,MATCH(I135,GLAPS정리!$B$2:$B$50,0)),"")) | AF135: =$AF$1 -> KR10 | AI135: =VLOOKUP(F135,GLAPS정리!$G$3:$J$114,2,0) -> #N/A | AJ135: =IF(Z135="울산정일","KRONS",IF(Z135="울산신항","KRUSN",IF(OR(Z135="선광종합물류(인천여객)",Z135="인천여객(인천여객)"),"KRINF",IF(OR(Z135="선광인천보세(인천신)",Z135="한진인천(인천신)",Z135="선광인천신항(인천신)",Z135="인천더로지스(인천신)"),"KRINN",IF(OR(Z135="인천진아(인천항)",Z135="인천E1(인천항)",Z135="인천SM경인터미널(인천항)",Z135="인천항(인천항)",Z135="인천우련(인천항)",Z135="인천항8부두(인천항)"),"KRINC",VLOOKUP(K135,GLAPS정리!$BB$2:$BC$33,2,0)))))) -> #N/A | AL135: =$AL$1 -> 5010001 | AN135: =TEXT(B135,"YYYY-MM-DD") -> 1900-01-00 | AO135: =IF(E135="오전", "0800", IF(E135="오후", "1300", IF(E135="잔업", "1800", ""))) | AP135: =VLOOKUP(C135,GLAPS정리!$AX$2:$AZ$17,3,0) -> #N/A | AR135: =X135 -> 0 | AX135: =VLOOKUP(L135,GLAPS정리!$V$3:$W$180,2,0) -> #N/A | BM135: =IF(AND(Q135=1,OR(P135="",P135="위험물")), "2210", IF(AND(Q135=1,OR(P135="리퍼",P135="위험물리퍼")), "2230", IF(AND(S135=1,OR(P135="",P135="위험물")), "4510", IF(AND(S135=1,OR(P135="리퍼",P135="위험물리퍼")), "4530", IF(AND(R135=1,OR(P135="",P135="위험물")), "4210", IF(AND(R135=1,P135="리퍼"), "4230", " ")))))) | BN135: =$BN$1 -> 1 | BR135: =IF(OR(P135="리퍼",P135="위험물리퍼"),"Y","") | BS135: =IF(OR(P135="위험물",P135="위험물리퍼"),"Y","") | BV135: =VLOOKUP(O135,GLAPS정리!$BH$2:$BI$94,2,0) -> #N/A | BW135: =IF(OR(Z135="동원",Z135="세방",Z135="한타"),"",IFERROR(INDEX(GLAPS정리!$BI$2:$BI$101,MATCH(Z135,GLAPS정리!$BH$2:$BH$101,0)),"")) | BX135: =IF(Z135="","",IFERROR(VLOOKUP(Z135,GLAPS정리!$AX$2:$AZ$17,3,0),"")) | BZ135: =VLOOKUP(H135,GLAPS정리!$L$3:$O$133,2,0) -> #N/A | CA135: =IF(V135="공휴일", 10, IF(V135="야간", 20, IF(V135="위험물", 30, IF(V135="중량", 40, "")))) | CL135: =VLOOKUP(AI135,GLAPS정리!$BT$3:$BV$26,3,0) -> #N/A
Q136: =IF(J136="20 FeeT",1,"") | R136: =IF(J136="40 Feet N",1,"") | S136: =IF(J136="40 Feet H",1,"") | AC136: =$AC$1 -> 20 | AD136: =IFERROR(INDEX(GLAPS정리!$D$2:$D$50,MATCH(I136,GLAPS정리!$A$2:$A$50,0)),IFERROR(INDEX(GLAPS정리!$D$2:$D$50,MATCH(I136,GLAPS정리!$B$2:$B$50,0)),"")) | AF136: =$AF$1 -> KR10 | AI136: =VLOOKUP(F136,GLAPS정리!$G$3:$J$114,2,0) -> #N/A | AJ136: =IF(Z136="울산정일","KRONS",IF(Z136="울산신항","KRUSN",IF(OR(Z136="선광종합물류(인천여객)",Z136="인천여객(인천여객)"),"KRINF",IF(OR(Z136="선광인천보세(인천신)",Z136="한진인천(인천신)",Z136="선광인천신항(인천신)",Z136="인천더로지스(인천신)"),"KRINN",IF(OR(Z136="인천진아(인천항)",Z136="인천E1(인천항)",Z136="인천SM경인터미널(인천항)",Z136="인천항(인천항)",Z136="인천우련(인천항)",Z136="인천항8부두(인천항)"),"KRINC",VLOOKUP(K136,GLAPS정리!$BB$2:$BC$33,2,0)))))) -> #N/A | AL136: =$AL$1 -> 5010001 | AN136: =TEXT(B136,"YYYY-MM-DD") -> 1900-01-00 | AO136: =IF(E136="오전", "0800", IF(E136="오후", "1300", IF(E136="잔업", "1800", ""))) | AP136: =VLOOKUP(C136,GLAPS정리!$AX$2:$AZ$17,3,0) -> #N/A | AR136: =X136 -> 0 | AX136: =VLOOKUP(L136,GLAPS정리!$V$3:$W$180,2,0) -> #N/A | BM136: =IF(AND(Q136=1,OR(P136="",P136="위험물")), "2210", IF(AND(Q136=1,OR(P136="리퍼",P136="위험물리퍼")), "2230", IF(AND(S136=1,OR(P136="",P136="위험물")), "4510", IF(AND(S136=1,OR(P136="리퍼",P136="위험물리퍼")), "4530", IF(AND(R136=1,OR(P136="",P136="위험물")), "4210", IF(AND(R136=1,P136="리퍼"), "4230", " ")))))) | BN136: =$BN$1 -> 1 | BR136: =IF(OR(P136="리퍼",P136="위험물리퍼"),"Y","") | BS136: =IF(OR(P136="위험물",P136="위험물리퍼"),"Y","") | BV136: =VLOOKUP(O136,GLAPS정리!$BH$2:$BI$94,2,0) -> #N/A | BW136: =IF(OR(Z136="동원",Z136="세방",Z136="한타"),"",IFERROR(INDEX(GLAPS정리!$BI$2:$BI$101,MATCH(Z136,GLAPS정리!$BH$2:$BH$101,0)),"")) | BX136: =IF(Z136="","",IFERROR(VLOOKUP(Z136,GLAPS정리!$AX$2:$AZ$17,3,0),"")) | BZ136: =VLOOKUP(H136,GLAPS정리!$L$3:$O$133,2,0) -> #N/A | CA136: =IF(V136="공휴일", 10, IF(V136="야간", 20, IF(V136="위험물", 30, IF(V136="중량", 40, "")))) | CL136: =VLOOKUP(AI136,GLAPS정리!$BT$3:$BV$26,3,0) -> #N/A
Q137: =IF(J137="20 FeeT",1,"") | R137: =IF(J137="40 Feet N",1,"") | S137: =IF(J137="40 Feet H",1,"") | AC137: =$AC$1 -> 20 | AD137: =IFERROR(INDEX(GLAPS정리!$D$2:$D$50,MATCH(I137,GLAPS정리!$A$2:$A$50,0)),IFERROR(INDEX(GLAPS정리!$D$2:$D$50,MATCH(I137,GLAPS정리!$B$2:$B$50,0)),"")) | AF137: =$AF$1 -> KR10 | AI137: =VLOOKUP(F137,GLAPS정리!$G$3:$J$114,2,0) -> #N/A | AJ137: =IF(Z137="울산정일","KRONS",IF(Z137="울산신항","KRUSN",IF(OR(Z137="선광종합물류(인천여객)",Z137="인천여객(인천여객)"),"KRINF",IF(OR(Z137="선광인천보세(인천신)",Z137="한진인천(인천신)",Z137="선광인천신항(인천신)",Z137="인천더로지스(인천신)"),"KRINN",IF(OR(Z137="인천진아(인천항)",Z137="인천E1(인천항)",Z137="인천SM경인터미널(인천항)",Z137="인천항(인천항)",Z137="인천우련(인천항)",Z137="인천항8부두(인천항)"),"KRINC",VLOOKUP(K137,GLAPS정리!$BB$2:$BC$33,2,0)))))) -> #N/A | AL137: =$AL$1 -> 5010001 | AN137: =TEXT(B137,"YYYY-MM-DD") -> 1900-01-00 | AO137: =IF(E137="오전", "0800", IF(E137="오후", "1300", IF(E137="잔업", "1800", ""))) | AP137: =VLOOKUP(C137,GLAPS정리!$AX$2:$AZ$17,3,0) -> #N/A | AR137: =X137 -> 0 | AX137: =VLOOKUP(L137,GLAPS정리!$V$3:$W$180,2,0) -> #N/A | BM137: =IF(AND(Q137=1,OR(P137="",P137="위험물")), "2210", IF(AND(Q137=1,OR(P137="리퍼",P137="위험물리퍼")), "2230", IF(AND(S137=1,OR(P137="",P137="위험물")), "4510", IF(AND(S137=1,OR(P137="리퍼",P137="위험물리퍼")), "4530", IF(AND(R137=1,OR(P137="",P137="위험물")), "4210", IF(AND(R137=1,P137="리퍼"), "4230", " ")))))) | BN137: =$BN$1 -> 1 | BR137: =IF(OR(P137="리퍼",P137="위험물리퍼"),"Y","") | BS137: =IF(OR(P137="위험물",P137="위험물리퍼"),"Y","") | BV137: =VLOOKUP(O137,GLAPS정리!$BH$2:$BI$94,2,0) -> #N/A | BW137: =IF(OR(Z137="동원",Z137="세방",Z137="한타"),"",IFERROR(INDEX(GLAPS정리!$BI$2:$BI$101,MATCH(Z137,GLAPS정리!$BH$2:$BH$101,0)),"")) | BX137: =IF(Z137="","",IFERROR(VLOOKUP(Z137,GLAPS정리!$AX$2:$AZ$17,3,0),"")) | BZ137: =VLOOKUP(H137,GLAPS정리!$L$3:$O$133,2,0) -> #N/A | CA137: =IF(V137="공휴일", 10, IF(V137="야간", 20, IF(V137="위험물", 30, IF(V137="중량", 40, "")))) | CL137: =VLOOKUP(AI137,GLAPS정리!$BT$3:$BV$26,3,0) -> #N/A
Q138: =IF(J138="20 FeeT",1,"") | R138: =IF(J138="40 Feet N",1,"") | S138: =IF(J138="40 Feet H",1,"") | AC138: =$AC$1 -> 20 | AD138: =IFERROR(INDEX(GLAPS정리!$D$2:$D$50,MATCH(I138,GLAPS정리!$A$2:$A$50,0)),IFERROR(INDEX(GLAPS정리!$D$2:$D$50,MATCH(I138,GLAPS정리!$B$2:$B$50,0)),"")) | AF138: =$AF$1 -> KR10 | AI138: =VLOOKUP(F138,GLAPS정리!$G$3:$J$114,2,0) -> #N/A | AJ138: =IF(Z138="울산정일","KRONS",IF(Z138="울산신항","KRUSN",IF(OR(Z138="선광종합물류(인천여객)",Z138="인천여객(인천여객)"),"KRINF",IF(OR(Z138="선광인천보세(인천신)",Z138="한진인천(인천신)",Z138="선광인천신항(인천신)",Z138="인천더로지스(인천신)"),"KRINN",IF(OR(Z138="인천진아(인천항)",Z138="인천E1(인천항)",Z138="인천SM경인터미널(인천항)",Z138="인천항(인천항)",Z138="인천우련(인천항)",Z138="인천항8부두(인천항)"),"KRINC",VLOOKUP(K138,GLAPS정리!$BB$2:$BC$33,2,0)))))) -> #N/A | AL138: =$AL$1 -> 5010001 | AN138: =TEXT(B138,"YYYY-MM-DD") -> 1900-01-00 | AO138: =IF(E138="오전", "0800", IF(E138="오후", "1300", IF(E138="잔업", "1800", ""))) | AP138: =VLOOKUP(C138,GLAPS정리!$AX$2:$AZ$17,3,0) -> #N/A | AR138: =X138 -> 0 | AX138: =VLOOKUP(L138,GLAPS정리!$V$3:$W$180,2,0) -> #N/A | BM138: =IF(AND(Q138=1,OR(P138="",P138="위험물")), "2210", IF(AND(Q138=1,OR(P138="리퍼",P138="위험물리퍼")), "2230", IF(AND(S138=1,OR(P138="",P138="위험물")), "4510", IF(AND(S138=1,OR(P138="리퍼",P138="위험물리퍼")), "4530", IF(AND(R138=1,OR(P138="",P138="위험물")), "4210", IF(AND(R138=1,P138="리퍼"), "4230", " ")))))) | BN138: =$BN$1 -> 1 | BR138: =IF(OR(P138="리퍼",P138="위험물리퍼"),"Y","") | BS138: =IF(OR(P138="위험물",P138="위험물리퍼"),"Y","") | BV138: =VLOOKUP(O138,GLAPS정리!$BH$2:$BI$94,2,0) -> #N/A | BW138: =IF(OR(Z138="동원",Z138="세방",Z138="한타"),"",IFERROR(INDEX(GLAPS정리!$BI$2:$BI$101,MATCH(Z138,GLAPS정리!$BH$2:$BH$101,0)),"")) | BX138: =IF(Z138="","",IFERROR(VLOOKUP(Z138,GLAPS정리!$AX$2:$AZ$17,3,0),"")) | BZ138: =VLOOKUP(H138,GLAPS정리!$L$3:$O$133,2,0) -> #N/A | CA138: =IF(V138="공휴일", 10, IF(V138="야간", 20, IF(V138="위험물", 30, IF(V138="중량", 40, "")))) | CL138: =VLOOKUP(AI138,GLAPS정리!$BT$3:$BV$26,3,0) -> #N/A
Q139: =IF(J139="20 FeeT",1,"") | R139: =IF(J139="40 Feet N",1,"") | S139: =IF(J139="40 Feet H",1,"") | AC139: =$AC$1 -> 20 | AD139: =IFERROR(INDEX(GLAPS정리!$D$2:$D$50,MATCH(I139,GLAPS정리!$A$2:$A$50,0)),IFERROR(INDEX(GLAPS정리!$D$2:$D$50,MATCH(I139,GLAPS정리!$B$2:$B$50,0)),"")) | AF139: =$AF$1 -> KR10 | AI139: =VLOOKUP(F139,GLAPS정리!$G$3:$J$114,2,0) -> #N/A | AJ139: =IF(Z139="울산정일","KRONS",IF(Z139="울산신항","KRUSN",IF(OR(Z139="선광종합물류(인천여객)",Z139="인천여객(인천여객)"),"KRINF",IF(OR(Z139="선광인천보세(인천신)",Z139="한진인천(인천신)",Z139="선광인천신항(인천신)",Z139="인천더로지스(인천신)"),"KRINN",IF(OR(Z139="인천진아(인천항)",Z139="인천E1(인천항)",Z139="인천SM경인터미널(인천항)",Z139="인천항(인천항)",Z139="인천우련(인천항)",Z139="인천항8부두(인천항)"),"KRINC",VLOOKUP(K139,GLAPS정리!$BB$2:$BC$33,2,0)))))) -> #N/A | AL139: =$AL$1 -> 5010001 | AN139: =TEXT(B139,"YYYY-MM-DD") -> 1900-01-00 | AO139: =IF(E139="오전", "0800", IF(E139="오후", "1300", IF(E139="잔업", "1800", ""))) | AP139: =VLOOKUP(C139,GLAPS정리!$AX$2:$AZ$17,3,0) -> #N/A | AR139: =X139 -> 0 | AX139: =VLOOKUP(L139,GLAPS정리!$V$3:$W$180,2,0) -> #N/A | BM139: =IF(AND(Q139=1,OR(P139="",P139="위험물")), "2210", IF(AND(Q139=1,OR(P139="리퍼",P139="위험물리퍼")), "2230", IF(AND(S139=1,OR(P139="",P139="위험물")), "4510", IF(AND(S139=1,OR(P139="리퍼",P139="위험물리퍼")), "4530", IF(AND(R139=1,OR(P139="",P139="위험물")), "4210", IF(AND(R139=1,P139="리퍼"), "4230", " ")))))) | BN139: =$BN$1 -> 1 | BR139: =IF(OR(P139="리퍼",P139="위험물리퍼"),"Y","") | BS139: =IF(OR(P139="위험물",P139="위험물리퍼"),"Y","") | BV139: =VLOOKUP(O139,GLAPS정리!$BH$2:$BI$94,2,0) -> #N/A | BW139: =IF(OR(Z139="동원",Z139="세방",Z139="한타"),"",IFERROR(INDEX(GLAPS정리!$BI$2:$BI$101,MATCH(Z139,GLAPS정리!$BH$2:$BH$101,0)),"")) | BX139: =IF(Z139="","",IFERROR(VLOOKUP(Z139,GLAPS정리!$AX$2:$AZ$17,3,0),"")) | BZ139: =VLOOKUP(H139,GLAPS정리!$L$3:$O$133,2,0) -> #N/A | CA139: =IF(V139="공휴일", 10, IF(V139="야간", 20, IF(V139="위험물", 30, IF(V139="중량", 40, "")))) | CL139: =VLOOKUP(AI139,GLAPS정리!$BT$3:$BV$26,3,0) -> #N/A
Q140: =IF(J140="20 FeeT",1,"") | R140: =IF(J140="40 Feet N",1,"") | S140: =IF(J140="40 Feet H",1,"") | AC140: =$AC$1 -> 20 | AD140: =IFERROR(INDEX(GLAPS정리!$D$2:$D$50,MATCH(I140,GLAPS정리!$A$2:$A$50,0)),IFERROR(INDEX(GLAPS정리!$D$2:$D$50,MATCH(I140,GLAPS정리!$B$2:$B$50,0)),"")) | AF140: =$AF$1 -> KR10 | AI140: =VLOOKUP(F140,GLAPS정리!$G$3:$J$114,2,0) -> #N/A | AJ140: =IF(Z140="울산정일","KRONS",IF(Z140="울산신항","KRUSN",IF(OR(Z140="선광종합물류(인천여객)",Z140="인천여객(인천여객)"),"KRINF",IF(OR(Z140="선광인천보세(인천신)",Z140="한진인천(인천신)",Z140="선광인천신항(인천신)",Z140="인천더로지스(인천신)"),"KRINN",IF(OR(Z140="인천진아(인천항)",Z140="인천E1(인천항)",Z140="인천SM경인터미널(인천항)",Z140="인천항(인천항)",Z140="인천우련(인천항)",Z140="인천항8부두(인천항)"),"KRINC",VLOOKUP(K140,GLAPS정리!$BB$2:$BC$33,2,0)))))) -> #N/A | AL140: =$AL$1 -> 5010001 | AN140: =TEXT(B140,"YYYY-MM-DD") -> 1900-01-00 | AO140: =IF(E140="오전", "0800", IF(E140="오후", "1300", IF(E140="잔업", "1800", ""))) | AP140: =VLOOKUP(C140,GLAPS정리!$AX$2:$AZ$17,3,0) -> #N/A | AR140: =X140 -> 0 | AX140: =VLOOKUP(L140,GLAPS정리!$V$3:$W$180,2,0) -> #N/A | BM140: =IF(AND(Q140=1,OR(P140="",P140="위험물")), "2210", IF(AND(Q140=1,OR(P140="리퍼",P140="위험물리퍼")), "2230", IF(AND(S140=1,OR(P140="",P140="위험물")), "4510", IF(AND(S140=1,OR(P140="리퍼",P140="위험물리퍼")), "4530", IF(AND(R140=1,OR(P140="",P140="위험물")), "4210", IF(AND(R140=1,P140="리퍼"), "4230", " ")))))) | BN140: =$BN$1 -> 1 | BR140: =IF(OR(P140="리퍼",P140="위험물리퍼"),"Y","") | BS140: =IF(OR(P140="위험물",P140="위험물리퍼"),"Y","") | BV140: =VLOOKUP(O140,GLAPS정리!$BH$2:$BI$94,2,0) -> #N/A | BW140: =IF(OR(Z140="동원",Z140="세방",Z140="한타"),"",IFERROR(INDEX(GLAPS정리!$BI$2:$BI$101,MATCH(Z140,GLAPS정리!$BH$2:$BH$101,0)),"")) | BX140: =IF(Z140="","",IFERROR(VLOOKUP(Z140,GLAPS정리!$AX$2:$AZ$17,3,0),"")) | BZ140: =VLOOKUP(H140,GLAPS정리!$L$3:$O$133,2,0) -> #N/A | CA140: =IF(V140="공휴일", 10, IF(V140="야간", 20, IF(V140="위험물", 30, IF(V140="중량", 40, "")))) | CL140: =VLOOKUP(AI140,GLAPS정리!$BT$3:$BV$26,3,0) -> #N/A
Q141: =IF(J141="20 FeeT",1,"") | R141: =IF(J141="40 Feet N",1,"") | S141: =IF(J141="40 Feet H",1,"") | AC141: =$AC$1 -> 20 | AD141: =IFERROR(INDEX(GLAPS정리!$D$2:$D$50,MATCH(I141,GLAPS정리!$A$2:$A$50,0)),IFERROR(INDEX(GLAPS정리!$D$2:$D$50,MATCH(I141,GLAPS정리!$B$2:$B$50,0)),"")) | AF141: =$AF$1 -> KR10 | AI141: =VLOOKUP(F141,GLAPS정리!$G$3:$J$114,2,0) -> #N/A | AJ141: =IF(Z141="울산정일","KRONS",IF(Z141="울산신항","KRUSN",IF(OR(Z141="선광종합물류(인천여객)",Z141="인천여객(인천여객)"),"KRINF",IF(OR(Z141="선광인천보세(인천신)",Z141="한진인천(인천신)",Z141="선광인천신항(인천신)",Z141="인천더로지스(인천신)"),"KRINN",IF(OR(Z141="인천진아(인천항)",Z141="인천E1(인천항)",Z141="인천SM경인터미널(인천항)",Z141="인천항(인천항)",Z141="인천우련(인천항)",Z141="인천항8부두(인천항)"),"KRINC",VLOOKUP(K141,GLAPS정리!$BB$2:$BC$33,2,0)))))) -> #N/A | AL141: =$AL$1 -> 5010001 | AN141: =TEXT(B141,"YYYY-MM-DD") -> 1900-01-00 | AO141: =IF(E141="오전", "0800", IF(E141="오후", "1300", IF(E141="잔업", "1800", ""))) | AP141: =VLOOKUP(C141,GLAPS정리!$AX$2:$AZ$17,3,0) -> #N/A | AR141: =X141 -> 0 | AX141: =VLOOKUP(L141,GLAPS정리!$V$3:$W$180,2,0) -> #N/A | BM141: =IF(AND(Q141=1,OR(P141="",P141="위험물")), "2210", IF(AND(Q141=1,OR(P141="리퍼",P141="위험물리퍼")), "2230", IF(AND(S141=1,OR(P141="",P141="위험물")), "4510", IF(AND(S141=1,OR(P141="리퍼",P141="위험물리퍼")), "4530", IF(AND(R141=1,OR(P141="",P141="위험물")), "4210", IF(AND(R141=1,P141="리퍼"), "4230", " ")))))) | BN141: =$BN$1 -> 1 | BR141: =IF(OR(P141="리퍼",P141="위험물리퍼"),"Y","") | BS141: =IF(OR(P141="위험물",P141="위험물리퍼"),"Y","") | BV141: =VLOOKUP(O141,GLAPS정리!$BH$2:$BI$94,2,0) -> #N/A | BW141: =IF(OR(Z141="동원",Z141="세방",Z141="한타"),"",IFERROR(INDEX(GLAPS정리!$BI$2:$BI$101,MATCH(Z141,GLAPS정리!$BH$2:$BH$101,0)),"")) | BX141: =IF(Z141="","",IFERROR(VLOOKUP(Z141,GLAPS정리!$AX$2:$AZ$17,3,0),"")) | BZ141: =VLOOKUP(H141,GLAPS정리!$L$3:$O$133,2,0) -> #N/A | CA141: =IF(V141="공휴일", 10, IF(V141="야간", 20, IF(V141="위험물", 30, IF(V141="중량", 40, "")))) | CL141: =VLOOKUP(AI141,GLAPS정리!$BT$3:$BV$26,3,0) -> #N/A
Q142: =IF(J142="20 FeeT",1,"") | R142: =IF(J142="40 Feet N",1,"") | S142: =IF(J142="40 Feet H",1,"") | AC142: =$AC$1 -> 20 | AD142: =IFERROR(INDEX(GLAPS정리!$D$2:$D$50,MATCH(I142,GLAPS정리!$A$2:$A$50,0)),IFERROR(INDEX(GLAPS정리!$D$2:$D$50,MATCH(I142,GLAPS정리!$B$2:$B$50,0)),"")) | AF142: =$AF$1 -> KR10 | AI142: =VLOOKUP(F142,GLAPS정리!$G$3:$J$114,2,0) -> #N/A | AJ142: =IF(Z142="울산정일","KRONS",IF(Z142="울산신항","KRUSN",IF(OR(Z142="선광종합물류(인천여객)",Z142="인천여객(인천여객)"),"KRINF",IF(OR(Z142="선광인천보세(인천신)",Z142="한진인천(인천신)",Z142="선광인천신항(인천신)",Z142="인천더로지스(인천신)"),"KRINN",IF(OR(Z142="인천진아(인천항)",Z142="인천E1(인천항)",Z142="인천SM경인터미널(인천항)",Z142="인천항(인천항)",Z142="인천우련(인천항)",Z142="인천항8부두(인천항)"),"KRINC",VLOOKUP(K142,GLAPS정리!$BB$2:$BC$33,2,0)))))) -> #N/A | AL142: =$AL$1 -> 5010001 | AN142: =TEXT(B142,"YYYY-MM-DD") -> 1900-01-00 | AO142: =IF(E142="오전", "0800", IF(E142="오후", "1300", IF(E142="잔업", "1800", ""))) | AP142: =VLOOKUP(C142,GLAPS정리!$AX$2:$AZ$17,3,0) -> #N/A | AR142: =X142 -> 0 | AX142: =VLOOKUP(L142,GLAPS정리!$V$3:$W$180,2,0) -> #N/A | BM142: =IF(AND(Q142=1,OR(P142="",P142="위험물")), "2210", IF(AND(Q142=1,OR(P142="리퍼",P142="위험물리퍼")), "2230", IF(AND(S142=1,OR(P142="",P142="위험물")), "4510", IF(AND(S142=1,OR(P142="리퍼",P142="위험물리퍼")), "4530", IF(AND(R142=1,OR(P142="",P142="위험물")), "4210", IF(AND(R142=1,P142="리퍼"), "4230", " ")))))) | BN142: =$BN$1 -> 1 | BR142: =IF(OR(P142="리퍼",P142="위험물리퍼"),"Y","") | BS142: =IF(OR(P142="위험물",P142="위험물리퍼"),"Y","") | BV142: =VLOOKUP(O142,GLAPS정리!$BH$2:$BI$94,2,0) -> #N/A | BW142: =IF(OR(Z142="동원",Z142="세방",Z142="한타"),"",IFERROR(INDEX(GLAPS정리!$BI$2:$BI$101,MATCH(Z142,GLAPS정리!$BH$2:$BH$101,0)),"")) | BX142: =IF(Z142="","",IFERROR(VLOOKUP(Z142,GLAPS정리!$AX$2:$AZ$17,3,0),"")) | BZ142: =VLOOKUP(H142,GLAPS정리!$L$3:$O$133,2,0) -> #N/A | CA142: =IF(V142="공휴일", 10, IF(V142="야간", 20, IF(V142="위험물", 30, IF(V142="중량", 40, "")))) | CL142: =VLOOKUP(AI142,GLAPS정리!$BT$3:$BV$26,3,0) -> #N/A
... Q890: =IF(J890="20 FeeT",1,"") | R890: =IF(J890="40 Feet N",1,"") | S890: =IF(J890="40 Feet H",1,"") | AC890: =$AC$1 -> 20 | AD890: =IFERROR(INDEX(GLAPS정리!$D$2:$D$50,MATCH(I890,GLAPS정리!$A$2:$A$50,0)),IFERROR(INDEX(GLAPS정리!$D$2:$D$50,MATCH(I890,GLAPS정리!$B$2:$B$50,0)),"")) | AF890: =$AF$1 -> KR10 | AI890: =VLOOKUP(F890,GLAPS정리!$G$3:$J$114,2,0) -> #N/A | AJ890: =IF(Z890="울산정일","KRONS",IF(Z890="울산신항","KRUSN",IF(OR(Z890="선광종합물류(인천여객)",Z890="인천여객(인천여객)"),"KRINF",IF(OR(Z890="선광인천보세(인천신)",Z890="한진인천(인천신)",Z890="선광인천신항(인천신)",Z890="인천더로지스(인천신)"),"KRINN",IF(OR(Z890="인천진아(인천항)",Z890="인천E1(인천항)",Z890="인천SM경인터미널(인천항)",Z890="인천항(인천항)",Z890="인천우련(인천항)",Z890="인천항8부두(인천항)"),"KRINC",VLOOKUP(K890,GLAPS정리!$BB$2:$BC$33,2,0)))))) -> #N/A | AL890: =$AL$1 -> 5010001 | AN890: =TEXT(B890,"YYYY-MM-DD") -> 1900-01-00 | AO890: =IF(E890="오전", "0800", IF(E890="오후", "1300", IF(E890="잔업", "1800", ""))) | AP890: =VLOOKUP(C890,GLAPS정리!$AX$2:$AZ$17,3,0) -> #N/A | AR890: =X890 -> 0 | AX890: =VLOOKUP(L890,GLAPS정리!$V$3:$W$180,2,0) -> #N/A | BM890: =IF(AND(Q890=1,OR(P890="",P890="위험물")), "2210", IF(AND(Q890=1,OR(P890="리퍼",P890="위험물리퍼")), "2230", IF(AND(S890=1,OR(P890="",P890="위험물")), "4510", IF(AND(S890=1,OR(P890="리퍼",P890="위험물리퍼")), "4530", IF(AND(R890=1,OR(P890="",P890="위험물")), "4210", IF(AND(R890=1,P890="리퍼"), "4230", " ")))))) | BN890: =$BN$1 -> 1 | BR890: =IF(OR(P890="리퍼",P890="위험물리퍼"),"Y","") | BS890: =IF(OR(P890="위험물",P890="위험물리퍼"),"Y","") | BV890: =VLOOKUP(O890,GLAPS정리!$BH$2:$BI$94,2,0) -> #N/A | BW890: =IF(OR(Z890="동원",Z890="세방",Z890="한타"),"",IFERROR(INDEX(GLAPS정리!$BI$2:$BI$101,MATCH(Z890,GLAPS정리!$BH$2:$BH$101,0)),"")) | BX890: =IF(Z890="","",IFERROR(VLOOKUP(Z890,GLAPS정리!$AX$2:$AZ$17,3,0),"")) | BZ890: =VLOOKUP(H890,GLAPS정리!$L$3:$O$133,2,0) -> #N/A | CA890: =IF(V890="공휴일", 10, IF(V890="야간", 20, IF(V890="위험물", 30, IF(V890="중량", 40, "")))) | CL890: =VLOOKUP(AI890,GLAPS정리!$BT$3:$BV$26,3,0) -> #N/A

Sheet GLAPS컨테이너배차관리
A1: ODCY명 | B1: 번호 | C1: 배차 | D1: 운송 | E1: 오더번호(TMS) | F1: 편성번호 | G1: 배차번호 | H1: 진행상태 | I1: 정산상태 | J1: 오더구분 | K1: 작업지(하차지)도착요청일 | L1: 작업지(하차지)도착요청시간 | M1: 픽업부킹번호 | N1: 반입부킹번호 | O1: 선사코드 | P1: 선사명 | Q1: POL | R1: Pod | S1: 최종목적지 | T1: 작업지(하차지)명 | U1: 컨샤이니명 | V1: 선적지 | W1: 화주사 | X1: 컨테이너 번호 | Y1: 컨규격 | Z1: 봉인번호 | AA1: 컨테이너 사진 | AB1: 차량번호 | AC1: 운전원명 | AD1: 기사전화번호 | AE1: 차량아이디 | AF1: ATD | AG1: ETD | AH1: ETA | AI1: 냉동 | AJ1: 온도 | AK1: 위험물 | AL1: 위험물코드 | AM1: 위험물 Free Time | AN1: 공컨반납기한 | AO1: 반납기한초과 | AP1: 철송여부 | AQ1: 오더등급 | AR1: 하차지등급 | AS1: 운송구분 | AT1: 직계약여부 | AU1: 모바일배정 | AV1: 운전원매입금액 | AW1: 운전원배차여부 | AX1: GMMS 등록 | AY1: 운송사코드 | AZ1: 운송사 | BA1: 수기배정사유 | BB1: 수기배정사유내용 | BC1: 판매시장 | BD1: 판매구분 | BE1: 매출구분 | BF1: 직계약 차량 | BG1: 입차영업소 | BH1: 입차일자 | BI1: COPINO | BJ1: COPINO전송일시 | BK1: COPINO응답여부 | BL1: COPINO응답메시지 | BM1: 운송경로코드 | BN1: 운송경로명 | BO1: 운송경로 기준거리(KM) | BP1: 반출가능여부 | BQ1: 반출지 코드 | BR1: 반출지명(출발) | BS1: 반출지 주소 | BT1: 파손컨 여부 | BU1: 파손사진 | BV1: 파손신고일 | BW1: 파손신고시간 | BX1: 반출완료일시 | BY1: 작업지 코드 | BZ1: 작업지(하차지) 주소 | CA1: 작업(하차)완료일시 | CB1: 경유지코드 | CC1: 경유지명 | CD1: 경유지주소 | CE1: 선픽업여부 | CF1: 선픽업정산방식 | CG1: 선픽업창고명 | CH1: 선픽업시작일 | CI1: 선픽업종료일 | CJ1: 선픽업보관일수 | CK1: ODCY 여부 | CL1: ODCY 코드 | CM1: ODCY창고명 | CN1: 보관일수 | CO1: 선픽업 보관일수 | CP1: 반출CY | CQ1: 반출CY일치여부 | CR1: 반출일시 | CS1: 반입CY | CT1: 반입CY일치여부 | CU1: 반입일시 | CV1: 컨테이너 중량 | CW1: VGM | CX1: 화물설명 | CY1: 화주 구분 | CZ1: 산업군 | DA1: 오더일시 | DB1: 배정일시 | DC1: 배차일시 | DD1: 배차취소시간 | DE1: 정산기준일자 | DF1: 통지사항 | DG1: 메모 | DH1: 매입금액 | DI1: 할증1 | DJ1: 할증2 | DK1: 할증3 | DL1: 할증4 | DM1: 할증5 | DN1: 매입할증 합계 | DO1: 선픽업료 | DP1: 공컨상차비여부 | DQ1: 정산정보 | DR1: 오더등록업체 | DS1: 오더등록자명 | DT1: 오더등록자 연락처 | DU1: 오더등록자 이메일 | DV1: 운송서비스 | DW1: 운송서비스코드 | DX1: 공차중량
B2: 193 | E2: W260602-00000423 | F2: X260602-001956 | G2: Y260602-001956 | H2: 배정 | I2: 미생성 | J2: 수출 | K2: 46177 | L2: 18:00 | M2: SELG82813400 | N2: SELG82813400 | O2: ONE | P2: 오션네트워크익스프레스 | S2: USSAV | T2: [GB]아산 2포장장 (오토쎌) | U2: KAGA | V2: 네슬리 | W2: 현대글로비스주식회사 | Y2: 4510 | AK2: N | AP2: N | AQ2: D | AS2: 주선 | AT2: N | AV2: 0 | AX2: N | AY2: 1011 | AZ2: ㈜이엘에스솔루션 | BC2: 수출 | BD2: 반제품 | BE2: 운송료 | BI2: N | BK2: N | BM2: AAAAAAAAA | BN2: 컨테이너 미정의 | BP2: N | BQ2: AAA | BR2: 미정의 | BT2: N | BW2: __:__ | BY2: H000_GB | CK2: N | CQ2: N | CT2: N | CV2: 0 | CY2: 계열 | DA2: 02)16:51 | DB2: 02)16:51 | DH2: 0 | DN2: 0 | DO2: 0 | DP2: N | DS2: 박승기 | DV2: 컨테이너_수출 | DW2: 5010001 | DX2: 0
B3: 192 | E3: W260602-00000422 | F3: X260602-001957 | G3: Y260602-001957 | H3: 배정 | I3: 미생성 | J3: 수출 | K3: 46177 | L3: 13:00 | M3: D713CJ044 | N3: D713CJ044 | O3: MAE | P3: 머스크 | S3: USMOB | T3: [GB]아산 2포장장 (오토쎌) | U3: HMMA | V3: 셔틀 | W3: 현대글로비스주식회사 | Y3: 4510 | AK3: N | AP3: N | AQ3: D | AS3: 주선 | AT3: N | AV3: 0 | AX3: N | AY3: 1011 | AZ3: ㈜이엘에스솔루션 | BC3: 수출 | BD3: 반제품 | BE3: 운송료 | BI3: N | BK3: N | BM3: AAAAAAAAA | BN3: 컨테이너 미정의 | BP3: N | BQ3: AAA | BR3: 미정의 | BT3: N | BW3: __:__ | BY3: H000_GB | CK3: N | CQ3: N | CT3: N | CV3: 0 | CY3: 계열 | DA3: 02)16:51 | DB3: 02)16:51 | DH3: 0 | DN3: 0 | DO3: 0 | DP3: N | DS3: 박승기 | DV3: 컨테이너_수출 | DW3: 5010001 | DX3: 0
B4: 191 | E4: W260602-00000421 | F4: X260602-002072 | G4: Y260602-002072 | H4: 배정 | I4: 미생성 | J4: 수출 | K4: 46177 | L4: 18:00 | M4: D713CJ044 | N4: D713CJ044 | O4: MAE | P4: 머스크 | S4: USMOB | T4: [GB]아산 2포장장 (오토쎌) | U4: HMMA | V4: 대신 | W4: 현대글로비스주식회사 | Y4: 4510 | AK4: N | AP4: N | AQ4: D | AS4: 주선 | AT4: N | AV4: 0 | AX4: N | AY4: 1011 | AZ4: ㈜이엘에스솔루션 | BC4: 수출 | BD4: 반제품 | BE4: 운송료 | BI4: N | BK4: N | BM4: AAAAAAAAA | BN4: 컨테이너 미정의 | BP4: N | BQ4: AAA | BR4: 미정의 | BT4: N | BW4: __:__ | BY4: H000_GB | CK4: N | CQ4: N | CT4: N | CV4: 0 | CY4: 계열 | DA4: 02)17:35 | DB4: 02)17:35 | DH4: 0 | DN4: 0 | DO4: 0 | DP4: N | DS4: 박승기 | DV4: 컨테이너_수출 | DW4: 5010001 | DX4: 0
B5: 190 | E5: W260602-00000421 | F5: X260602-002071 | G5: Y260602-002071 | H5: 배정 | I5: 미생성 | J5: 수출 | K5: 46177 | L5: 19:00 | M5: D713CJ044 | N5: D713CJ044 | O5: MAE | P5: 머스크 | S5: USMOB | T5: [GB]아산 2포장장 (오토쎌) | U5: HMMA | V5: 대신 | W5: 현대글로비스주식회사 | Y5: 4510 | AK5: N | AP5: N | AQ5: D | AS5: 주선 | AT5: N | AV5: 0 | AX5: N | AY5: 1011 | AZ5: ㈜이엘에스솔루션 | BC5: 수출 | BD5: 반제품 | BE5: 운송료 | BI5: N | BK5: N | BM5: AAAAAAAAA | BN5: 컨테이너 미정의 | BP5: N | BQ5: AAA | BR5: 미정의 | BT5: N | BW5: __:__ | BY5: H000_GB | CK5: N | CQ5: N | CT5: N | CV5: 0 | CY5: 계열 | DA5: 02)17:34 | DB5: 02)17:34 | DH5: 0 | DN5: 0 | DO5: 0 | DP5: N | DS5: 박승기 | DV5: 컨테이너_수출 | DW5: 5010001 | DX5: 0
B6: 189 | E6: W260602-00000421 | F6: X260602-002070 | G6: Y260602-002070 | H6: 배정 | I6: 미생성 | J6: 수출 | K6: 46177 | L6: 14:00 | M6: D713CJ044 | N6: D713CJ044 | O6: MAE | P6: 머스크 | S6: USMOB | T6: [GB]아산 2포장장 (오토쎌) | U6: HMMA | V6: 셔틀 | W6: 현대글로비스주식회사 | Y6: 4510 | AK6: N | AP6: N | AQ6: D | AS6: 주선 | AT6: N | AV6: 0 | AX6: N | AY6: 1011 | AZ6: ㈜이엘에스솔루션 | BC6: 수출 | BD6: 반제품 | BE6: 운송료 | BI6: N | BK6: N | BM6: AAAAAAAAA | BN6: 컨테이너 미정의 | BP6: N | BQ6: AAA | BR6: 미정의 | BT6: N | BW6: __:__ | BY6: H000_GB | CK6: N | CQ6: N | CT6: N | CV6: 0 | CY6: 계열 | DA6: 02)17:33 | DB6: 02)17:33 | DH6: 0 | DN6: 0 | DO6: 0 | DP6: N | DS6: 박승기 | DV6: 컨테이너_수출 | DW6: 5010001 | DX6: 0
B7: 188 | E7: W260602-00000421 | F7: X260602-001958 | G7: Y260602-001958 | H7: 배정 | I7: 미생성 | J7: 수출 | K7: 46177 | L7: 19:00 | M7: D713CJ044 | N7: D713CJ044 | O7: MAE | P7: 머스크 | S7: USMOB | T7: [GB]아산 2포장장 (오토쎌) | U7: HMMA | V7: 미배정 | W7: 현대글로비스주식회사 | Y7: 4510 | AK7: N | AP7: N | AQ7: D | AS7: 주선 | AT7: N | AV7: 0 | AX7: N | AY7: 1011 | AZ7: ㈜이엘에스솔루션 | BC7: 수출 | BD7: 반제품 | BE7: 운송료 | BI7: N | BK7: N | BM7: AAAAAAAAA | BN7: 컨테이너 미정의 | BP7: N | BQ7: AAA | BR7: 미정의 | BT7: N | BW7: __:__ | BY7: H000_GB | CK7: N | CQ7: N | CT7: N | CV7: 0 | CY7: 계열 | DA7: 02)16:51 | DB7: 02)16:51 | DH7: 0 | DN7: 0 | DO7: 0 | DP7: N | DS7: 박승기 | DV7: 컨테이너_수출 | DW7: 5010001 | DX7: 0
B8: 187 | E8: W260602-00000417 | F8: X260602-001962 | G8: Y260602-001962 | H8: 배정 | I8: 미생성 | J8: 수출 | K8: 46177 | L8: 15:00 | M8: SELG82813400 | N8: SELG82813400 | O8: ONE | P8: 오션네트워크익스프레스 | S8: USLAX | T8: [GB]아산 2포장장 (오토쎌) | U8: HMMA | V8: 셔틀 | W8: 현대글로비스주식회사 | Y8: 4510 | AK8: N | AP8: N | AQ8: D | AS8: 주선 | AT8: N | AV8: 0 | AX8: N | AY8: 1011 | AZ8: ㈜이엘에스솔루션 | BC8: 수출 | BD8: 반제품 | BE8: 운송료 | BI8: N | BK8: N | BM8: AAAAAAAAA | BN8: 컨테이너 미정의 | BP8: N | BQ8: AAA | BR8: 미정의 | BT8: N | BW8: __:__ | BY8: H000_GB | CK8: N | CQ8: N | CT8: N | CV8: 0 | CY8: 계열 | DA8: 02)16:51 | DB8: 02)16:51 | DH8: 0 | DN8: 0 | DO8: 0 | DP8: N | DS8: 박승기 | DV8: 컨테이너_수출 | DW8: 5010001 | DX8: 0
B9: 186 | E9: W260602-00000416 | F9: X260602-001963 | G9: Y260602-001963 | H9: 배정 | I9: 미생성 | J9: 수출 | K9: 46177 | L9: 09:00 | M9: D713CJ044 | N9: D713CJ044 | O9: MAE | P9: 머스크 | S9: USLAX | T9: [GB]아산 2포장장 (오토쎌) | U9: KAGA | V9: 이지 | W9: 현대글로비스주식회사 | Y9: 4510 | AK9: N | AP9: N | AQ9: D | AS9: 주선 | AT9: N | AV9: 0 | AX9: N | AY9: 1011 | AZ9: ㈜이엘에스솔루션 | BC9: 수출 | BD9: 반제품 | BE9: 운송료 | BI9: N | BK9: N | BM9: AAAAAAAAA | BN9: 컨테이너 미정의 | BP9: N | BQ9: AAA | BR9: 미정의 | BT9: N | BW9: __:__ | BY9: H000_GB | CK9: N | CQ9: N | CT9: N | CV9: 0 | CY9: 계열 | DA9: 02)16:51 | DB9: 02)16:51 | DH9: 0 | DN9: 0 | DO9: 0 | DP9: N | DS9: 박승기 | DV9: 컨테이너_수출 | DW9: 5010001 | DX9: 0
B10: 185 | E10: W260602-00000415 | F10: X260602-001964 | G10: Y260602-001964 | H10: 배정 | I10: 미생성 | J10: 수출 | K10: 46177 | L10: 11:00 | M10: D713CJ044 | N10: D713CJ044 | O10: MAE | P10: 머스크 | S10: USLAX | T10: [GB]아산 2포장장 (오토쎌) | U10: KAGA | V10: 셔틀 | W10: 현대글로비스주식회사 | Y10: 4510 | AK10: N | AP10: N | AQ10: D | AS10: 주선 | AT10: N | AV10: 0 | AX10: N | AY10: 1011 | AZ10: ㈜이엘에스솔루션 | BC10: 수출 | BD10: 반제품 | BE10: 운송료 | BI10: N | BK10: N | BM10: AAAAAAAAA | BN10: 컨테이너 미정의 | BP10: N | BQ10: AAA | BR10: 미정의 | BT10: N | BW10: __:__ | BY10: H000_GB | CK10: N | CQ10: N | CT10: N | CV10: 0 | CY10: 계열 | DA10: 02)16:51 | DB10: 02)16:51 | DH10: 0 | DN10: 0 | DO10: 0 | DP10: N | DS10: 박승기 | DV10: 컨테이너_수출 | DW10: 5010001 | DX10: 0
B11: 184 | E11: W260602-00000414 | F11: X260602-001965 | G11: Y260602-001965 | H11: 배정 | I11: 미생성 | J11: 수출 | K11: 46177 | L11: 16:00 | M11: 005GX17204 | N11: 005GX17204 | O11: WHL | P11: Wanhai라인 | S11: INKAT | T11: [GB]아산 2포장장 (오토쎌) | U11: HMI/HMI PUNE | V11: 대신 | W11: 현대글로비스주식회사 | Y11: 4510 | AK11: N | AP11: N | AQ11: D | AS11: 주선 | AT11: N | AV11: 0 | AX11: N | AY11: 1011 | AZ11: ㈜이엘에스솔루션 | BC11: 수출 | BD11: 반제품 | BE11: 운송료 | BI11: N | BK11: N | BM11: GLC00263 | BN11: 부산신항 [GB]아산 2포장장 부산신항 | BO11: 0 | BP11: N | BQ11: KRBNP | BR11: 부산신항 | BT11: N | BW11: __:__ | BY11: H000_GB | CK11: N | CQ11: N | CT11: N | CV11: 0 | CY11: 계열 | DA11: 02)16:51 | DB11: 02)16:51 | DH11: 1023500 | DN11: 0 | DO11: 0 | DP11: N | DS11: 박승기 | DV11: 컨테이너_수출 | DW11: 5010001 | DX11: 0
B12: 183 | E12: W260602-00000413 | F12: X260602-001966 | G12: Y260602-001966 | H12: 배차확정 | I12: 미생성 | J12: 수출 | K12: 46177 | L12: 08:00 | M12: 005GX17204 | N12: 005GX17204 | O12: WHL | P12: Wanhai라인 | S12: INKAT | T12: [GB]아산 2포장장 (오토쎌) | U12: KIN | V12: 자차 | W12: 현대글로비스주식회사 | X12: WHSU6549777 | Y12: 4510 | Z12: WHA3168605 | AA12: 보기 | AB12: 부산99바7157 | AC12: 현우진 | AD12: 01062228360 | AE12: DSDS7157 | AK12: N | AP12: N | AQ12: D | AS12: 주선 | AT12: N | AV12: 0 | AX12: N | AY12: 1011 | AZ12: ㈜이엘에스솔루션 | BC12: 수출 | BD12: 반제품 | BE12: 운송료 | BF12: N | BI12: N | BK12: N | BM12: GLC00263 | BN12: 부산신항 [GB]아산 2포장장 부산신항 | BO12: 0 | BP12: N | BQ12: KRBNP | BR12: 부산신항 | BT12: N | BW12: __:__ | BX12: 2026-06-02 17:21:28 | BY12: H000_GB | CK12: N | CQ12: N | CT12: N | CV12: 0 | CY12: 계열 | DA12: 02)16:51 | DB12: 02)16:51 | DC12: 02)16:55 | DH12: 1023500 | DN12: 0 | DO12: 0 | DP12: N | DS12: 박승기 | DV12: 컨테이너_수출 | DW12: 5010001 | DX12: 0
B13: 182 | E13: W260602-00000412 | F13: X260602-001967 | G13: Y260602-001967 | H13: 배차확정 | I13: 미생성 | J13: 수출 | K13: 46177 | L13: 09:00 | M13: 005GX17204 | N13: 005GX17204 | O13: WHL | P13: Wanhai라인 | S13: INKAT | T13: [GB]아산 2포장장 (오토쎌) | U13: KIN | V13: 자차 | W13: 현대글로비스주식회사 | X13: WHSU5174357 | Y13: 4510 | Z13: WHA3168615 | AA13: 보기 | AB13: 경북98사1145 | AC13: 김현수 | AD13: 01074705405 | AE13: KDBE1145 | AK13: N | AP13: N | AQ13: D | AS13: 주선 | AT13: N | AV13: 0 | AX13: N | AY13: 1011 | AZ13: ㈜이엘에스솔루션 | BC13: 수출 | BD13: 반제품 | BE13: 운송료 | BF13: N | BI13: N | BK13: N | BM13: GLC00263 | BN13: 부산신항 [GB]아산 2포장장 부산신항 | BO13: 0 | BP13: N | BQ13: KRBNP | BR13: 부산신항 | BT13: N | BW13: __:__ | BX13: 2026-06-02 17:17:11 | BY13: H000_GB | CK13: N | CQ13: N | CT13: N | CV13: 0 | CY13: 계열 | DA13: 02)16:51 | DB13: 02)16:51 | DC13: 02)16:55 | DH13: 1023500 | DN13: 0 | DO13: 0 | DP13: N | DS13: 박승기 | DV13: 컨테이너_수출 | DW13: 5010001 | DX13: 0
B14: 181 | E14: W260602-00000411 | F14: X260602-001968 | G14: Y260602-001968 | H14: 배정 | I14: 미생성 | J14: 수출 | K14: 46177 | L14: 10:00 | M14: 005GX17204 | N14: 005GX17204 | O14: WHL | P14: Wanhai라인 | S14: INKAT | T14: [GB]아산 2포장장 (오토쎌) | U14: KIN | V14: 칸 | W14: 현대글로비스주식회사 | Y14: 4510 | AK14: N | AP14: N | AQ14: D | AS14: 주선 | AT14: N | AV14: 0 | AX14: N | AY14: 1011 | AZ14: ㈜이엘에스솔루션 | BC14: 수출 | BD14: 반제품 | BE14: 운송료 | BI14: N | BK14: N | BM14: GLC00263 | BN14: 부산신항 [GB]아산 2포장장 부산신항 | BO14: 0 | BP14: N | BQ14: KRBNP | BR14: 부산신항 | BT14: N | BW14: __:__ | BY14: H000_GB | CK14: N | CQ14: N | CT14: N | CV14: 0 | CY14: 계열 | DA14: 02)16:51 | DB14: 02)16:51 | DH14: 1023500 | DN14: 0 | DO14: 0 | DP14: N | DS14: 박승기 | DV14: 컨테이너_수출 | DW14: 5010001 | DX14: 0
B15: 180 | E15: W260602-00000410 | F15: X260602-001969 | G15: Y260602-001969 | H15: 배정 | I15: 미생성 | J15: 수출 | K15: 46177 | L15: 16:00 | M15: 005GX17204 | N15: 005GX17204 | O15: WHL | P15: Wanhai라인 | S15: INKAT | T15: [GB]아산 2포장장 (오토쎌) | U15: KIN | V15: 신승 | W15: 현대글로비스주식회사 | Y15: 4510 | AK15: N | AP15: N | AQ15: D | AS15: 주선 | AT15: N | AV15: 0 | AX15: N | AY15: 1011 | AZ15: ㈜이엘에스솔루션 | BC15: 수출 | BD15: 반제품 | BE15: 운송료 | BI15: N | BK15: N | BM15: GLC00263 | BN15: 부산신항 [GB]아산 2포장장 부산신항 | BO15: 0 | BP15: N | BQ15: KRBNP | BR15: 부산신항 | BT15: N | BW15: __:__ | BY15: H000_GB | CK15: N | CQ15: N | CT15: N | CV15: 0 | CY15: 계열 | DA15: 02)16:51 | DB15: 02)16:51 | DH15: 1023500 | DN15: 0 | DO15: 0 | DP15: N | DS15: 박승기 | DV15: 컨테이너_수출 | DW15: 5010001 | DX15: 0
B16: 179 | E16: W260602-00000409 | F16: X260602-001970 | G16: Y260602-001970 | H16: 배정 | I16: 미생성 | J16: 수출 | K16: 46177 | L16: 18:00 | M16: 005GX17204 | N16: 005GX17204 | O16: WHL | P16: Wanhai라인 | S16: INKAT | T16: [GB]아산 2포장장 (오토쎌) | U16: KIN | V16: 대신 | W16: 현대글로비스주식회사 | Y16: 4510 | AK16: N | AP16: N | AQ16: D | AS16: 주선 | AT16: N | AV16: 0 | AX16: N | AY16: 1011 | AZ16: ㈜이엘에스솔루션 | BC16: 수출 | BD16: 반제품 | BE16: 운송료 | BI16: N | BK16: N | BM16: GLC00263 | BN16: 부산신항 [GB]아산 2포장장 부산신항 | BO16: 0 | BP16: N | BQ16: KRBNP | BR16: 부산신항 | BT16: N | BW16: __:__ | BY16: H000_GB | CK16: N | CQ16: N | CT16: N | CV16: 0 | CY16: 계열 | DA16: 02)16:51 | DB16: 02)16:51 | DH16: 1023500 | DN16: 0 | DO16: 0 | DP16: N | DS16: 박승기 | DV16: 컨테이너_수출 | DW16: 5010001 | DX16: 0
B17: 178 | E17: W260602-00000408 | F17: X260602-001971 | G17: Y260602-001971 | H17: 배정 | I17: 미생성 | J17: 수출 | K17: 46177 | L17: 08:00 | M17: HLAKRGLOVKDPUS | N17: HLAKRGLOVKDPUS | O17: HLC | P17: 하파그로이드 | S17: MXESE | T17: [GB]아산 2포장장 (오토쎌) | U17: TRANSLEAD | V17: 이지 | W17: 현대글로비스주식회사 | Y17: 4510 | AK17: N | AP17: N | AQ17: D | AS17: 주선 | AT17: N | AV17: 0 | AX17: N | AY17: 1011 | AZ17: ㈜이엘에스솔루션 | BC17: 수출 | BD17: 반제품 | BE17: 운송료 | BI17: N | BK17: N | BM17: AAAAAAAAA | BN17: 컨테이너 미정의 | BP17: N | BQ17: AAA | BR17: 미정의 | BT17: N | BW17: __:__ | BY17: H000_GB | CK17: N | CQ17: N | CT17: N | CV17: 0 | CY17: 계열 | DA17: 02)16:51 | DB17: 02)16:51 | DH17: 0 | DN17: 0 | DO17: 0 | DP17: N | DS17: 박승기 | DV17: 컨테이너_수출 | DW17: 5010001 | DX17: 0
B18: 177 | E18: W260602-00000407 | F18: X260602-001972 | G18: Y260602-001972 | H18: 배정 | I18: 미생성 | J18: 수출 | K18: 46177 | L18: 10:00 | M18: HLAKRGLOVKDPUS | N18: HLAKRGLOVKDPUS | O18: HLC | P18: 하파그로이드 | S18: MXESE | T18: [GB]아산 2포장장 (오토쎌) | U18: TRANSLEAD | V18: 이지 | W18: 현대글로비스주식회사 | Y18: 4510 | AK18: N | AP18: N | AQ18: D | AS18: 주선 | AT18: N | AV18: 0 | AX18: N | AY18: 1011 | AZ18: ㈜이엘에스솔루션 | BC18: 수출 | BD18: 반제품 | BE18: 운송료 | BI18: N | BK18: N | BM18: AAAAAAAAA | BN18: 컨테이너 미정의 | BP18: N | BQ18: AAA | BR18: 미정의 | BT18: N | BW18: __:__ | BY18: H000_GB | CK18: N | CQ18: N | CT18: N | CV18: 0 | CY18: 계열 | DA18: 02)16:51 | DB18: 02)16:51 | DH18: 0 | DN18: 0 | DO18: 0 | DP18: N | DS18: 박승기 | DV18: 컨테이너_수출 | DW18: 5010001 | DX18: 0
B19: 176 | E19: W260602-00000406 | F19: X260602-001973 | G19: Y260602-001973 | H19: 운송완료 | I19: 정산실적생성 | J19: 수출 | K19: 46177 | L19: 08:00 | M19: CMA2606010011 | N19: CMA2606010011 | O19: CMA | P19: CMA-CGM | S19: SIKOP | T19: [GA]아산 1포장장 (공성실업) | U19: KASK | V19: 자차 | W19: 현대글로비스주식회사 | X19: CMAU7117159 | Y19: 4510 | Z19: M6412892 | AB19: 경남99바4922 | AC19: 이명열 | AD19: 01053830311 | AE19: FSFS4922 | AK19: N | AP19: N | AQ19: D | AS19: 주선 | AT19: N | AV19: 0 | AX19: N | AY19: 1011 | AZ19: ㈜이엘에스솔루션 | BC19: 수출 | BD19: 반제품 | BE19: 운송료 | BF19: N | BI19: N | BK19: N | BM19: GLC00003 | BN19: 부산신항 [GA]아산 1포장장 (공성실업) 부산신항 | BO19: 0 | BP19: N | BQ19: KRBNP | BR19: 부산신항 | BT19: N | BW19: __:__ | BY19: H000_GA | CK19: N | CQ19: N | CT19: N | CV19: 0 | CY19: 계열 | DA19: 02)16:51 | DB19: 02)16:51 | DC19: 02)16:54 | DE19: 46175 | DH19: 1023500 | DN19: 0 | DO19: 0 | DP19: N | DS19: 박승기 | DV19: 컨테이너_수출 | DW19: 5010001 | DX19: 0
B20: 175 | E20: W260602-00000405 | F20: X260602-001974 | G20: Y260602-001974 | H20: 배차확정 | I20: 미생성 | J20: 수출 | K20: 46177 | L20: 09:00 | M20: CMA2606010011 | N20: CMA2606010011 | O20: CMA | P20: CMA-CGM | S20: SIKOP | T20: [GA]아산 1포장장 (공성실업) | U20: KASK | V20: 자차 | W20: 현대글로비스주식회사 | X20: BMOU5643070 | Y20: 4510 | Z20: M6519509 | AA20: 보기 | AB20: 대구98바2977 | AC20: 이성수 | AD20: 01064842977 | AE20: GJEW2977 | AK20: N | AP20: N | AQ20: D | AS20: 주선 | AT20: N | AV20: 0 | AX20: N | AY20: 1011 | AZ20: ㈜이엘에스솔루션 | BC20: 수출 | BD20: 반제품 | BE20: 운송료 | BF20: N | BI20: N | BK20: N | BM20: GLC00003 | BN20: 부산신항 [GA]아산 1포장장 (공성실업) 부산신항 | BO20: 0 | BP20: N | BQ20: KRBNP | BR20: 부산신항 | BT20: N | BW20: __:__ | BX20: 2026-06-02 21:40:29 | BY20: H000_GA | CK20: N | CQ20: N | CT20: N | CV20: 0 | CY20: 계열 | DA20: 02)16:51 | DB20: 02)16:51 | DC20: 02)16:54 | DH20: 1023500 | DN20: 0 | DO20: 0 | DP20: N | DS20: 박승기 | DV20: 컨테이너_수출 | DW20: 5010001 | DX20: 0
B21: 174 | E21: W260602-00000404 | F21: X260602-001975 | G21: Y260602-001975 | H21: 배차확정 | I21: 미생성 | J21: 수출 | K21: 46177 | L21: 10:00 | M21: CMA2606010011 | N21: CMA2606010011 | O21: CMA | P21: CMA-CGM | Q21: KRPUS | R21: SIKOP | S21: SIKOP | T21: [GA]아산 1포장장 (공성실업) | U21: KASK | V21: 자차 | W21: 현대글로비스주식회사 | Y21: 4510 | AB21: 인천98자2508 | AC21: 한명훈 | AD21: 01024773035 | AE21: HMHM2508 | AK21: N | AP21: N | AQ21: D | AS21: 주선 | AT21: N | AV21: 0 | AX21: N | AY21: 1011 | AZ21: ㈜이엘에스솔루션 | BC21: 수출 | BD21: 반제품 | BE21: 운송료 | BF21: N | BI21: Y | BJ21: 2026-06-03 09:23:24 | BK21: N | BM21: GLC00003 | BN21: 부산신항 [GA]아산 1포장장 (공성실업) 부산신항 | BO21: 0 | BP21: N | BQ21: KRBNP | BR21: 부산신항 | BT21: N | BW21: __:__ | BY21: H000_GA | CK21: N | CP21: BNCTC | CQ21: Y | CT21: N | CV21: 0 | CY21: 계열 | DA21: 02)16:51 | DB21: 02)16:51 | DC21: 02)16:54 | DH21: 1023500 | DN21: 0 | DO21: 0 | DP21: N | DS21: 박승기 | DV21: 컨테이너_수출 | DW21: 5010001 | DX21: 0
B22: 173 | E22: W260602-00000403 | F22: X260602-001976 | G22: Y260602-001976 | H22: 배차확정 | I22: 미생성 | J22: 수출 | K22: 46177 | L22: 13:00 | M22: CMA2606010011 | N22: CMA2606010011 | O22: CMA | P22: CMA-CGM | Q22: KRPUS | R22: SIKOP | S22: SIKOP | T22: [GA]아산 1포장장 (공성실업) | U22: KASK | V22: 자차 | W22: 현대글로비스주식회사 | Y22: 4510 | AB22: 경북98아8163 | AC22: 피재갑 | AD22: 01044534566 | AE22: KDBE8163 | AK22: N | AP22: N | AQ22: D | AS22: 주선 | AT22: N | AV22: 0 | AX22: N | AY22: 1011 | AZ22: ㈜이엘에스솔루션 | BC22: 수출 | BD22: 반제품 | BE22: 운송료 | BF22: N | BI22: Y | BJ22: 2026-06-03 09:22:53 | BK22: N | BM22: GLC00003 | BN22: 부산신항 [GA]아산 1포장장 (공성실업) 부산신항 | BO22: 0 | BP22: N | BQ22: KRBNP | BR22: 부산신항 | BT22: N | BW22: __:__ | BY22: H000_GA | CK22: N | CP22: BNCTC | CQ22: Y | CT22: N | CV22: 0 | CY22: 계열 | DA22: 02)16:51 | DB22: 02)16:51 | DC22: 02)16:54 | DH22: 1023500 | DN22: 0 | DO22: 0 | DP22: N | DS22: 박승기 | DV22: 컨테이너_수출 | DW22: 5010001 | DX22: 0
B23: 172 | E23: W260602-00000402 | F23: X260602-001977 | G23: Y260602-001977 | H23: 배차확정 | I23: 미생성 | J23: 수출 | K23: 46177 | L23: 14:00 | M23: CMA2606010011 | N23: CMA2606010011 | O23: CMA | P23: CMA-CGM | Q23: KRPUS | R23: SIKOP | S23: SIKOP | T23: [GA]아산 1포장장 (공성실업) | U23: KASK | V23: 자차 | W23: 현대글로비스주식회사 | Y23: 4510 | AB23: 경남99바3256 | AC23: 박병희 | AD23: 01035373253 | AE23: SYSY3256 | AK23: N | AP23: N | AQ23: D | AS23: 주선 | AT23: N | AV23: 0 | AX23: N | AY23: 1011 | AZ23: ㈜이엘에스솔루션 | BC23: 수출 | BD23: 반제품 | BE23: 운송료 | BF23: N | BI23: Y | BJ23: 2026-06-03 09:25:35 | BK23: N | BM23: GLC00003 | BN23: 부산신항 [GA]아산 1포장장 (공성실업) 부산신항 | BO23: 0 | BP23: N | BQ23: KRBNP | BR23: 부산신항 | BT23: N | BW23: __:__ | BX23: 2026-06-02 20:48:51 | BY23: H000_GA | CK23: N | CP23: BNCTC | CQ23: Y | CT23: N | CV23: 0 | CY23: 계열 | DA23: 02)16:51 | DB23: 02)16:51 | DC23: 02)16:54 | DH23: 1023500 | DN23: 0 | DO23: 0 | DP23: N | DS23: 박승기 | DV23: 컨테이너_수출 | DW23: 5010001 | DX23: 0
B24: 171 | E24: W260602-00000401 | F24: X260602-001978 | G24: Y260602-001978 | H24: 배차확정 | I24: 미생성 | J24: 수출 | K24: 46177 | L24: 16:00 | M24: CMA2606010011 | N24: CMA2606010011 | O24: CMA | P24: CMA-CGM | Q24: KRPUS | R24: SIKOP | S24: SIKOP | T24: [GA]아산 1포장장 (공성실업) | U24: KASK | V24: 자차 | W24: 현대글로비스주식회사 | Y24: 4510 | AB24: 울산99바9676 | AC24: 장성운 | AD24: 01035114690 | AE24: FSFS9676 | AK24: N | AP24: N | AQ24: D | AS24: 주선 | AT24: N | AV24: 0 | AX24: N | AY24: 1011 | AZ24: ㈜이엘에스솔루션 | BC24: 수출 | BD24: 반제품 | BE24: 운송료 | BF24: N | BI24: Y | BJ24: 2026-06-03 09:25:05 | BK24: N | BM24: GLC00003 | BN24: 부산신항 [GA]아산 1포장장 (공성실업) 부산신항 | BO24: 0 | BP24: N | BQ24: KRBNP | BR24: 부산신항 | BT24: N | BW24: __:__ | BX24: 2026-06-03 00:04:35 | BY24: H000_GA | CK24: N | CP24: BNCTC | CQ24: Y | CT24: N | CV24: 0 | CY24: 계열 | DA24: 02)16:51 | DB24: 02)16:51 | DC24: 02)16:54 | DH24: 1023500 | DN24: 0 | DO24: 0 | DP24: N | DS24: 박승기 | DV24: 컨테이너_수출 | DW24: 5010001 | DX24: 0
B25: 170 | E25: W260602-00000400 | F25: X260602-001979 | G25: Y260602-001979 | H25: 배정 | I25: 미생성 | J25: 수출 | K25: 46177 | L25: 10:30 | M25: CMA2606010011 | N25: CMA2606010011 | O25: CMA | P25: CMA-CGM | S25: SIKOP | T25: [GA]아산 1포장장 (공성실업) | U25: KASK | V25: 셔틀 | W25: 현대글로비스주식회사 | Y25: 4510 | AK25: N | AP25: N | AQ25: D | AS25: 주선 | AT25: N | AV25: 0 | AX25: N | AY25: 1011 | AZ25: ㈜이엘에스솔루션 | BC25: 수출 | BD25: 반제품 | BE25: 운송료 | BI25: N | BK25: N | BM25: GLC00003 | BN25: 부산신항 [GA]아산 1포장장 (공성실업) 부산신항 | BO25: 0 | BP25: N | BQ25: KRBNP | BR25: 부산신항 | BT25: N | BW25: __:__ | BY25: H000_GA | CK25: N | CQ25: N | CT25: N | CV25: 0 | CY25: 계열 | DA25: 02)16:51 | DB25: 02)16:51 | DH25: 1023500 | DN25: 0 | DO25: 0 | DP25: N | DS25: 박승기 | DV25: 컨테이너_수출 | DW25: 5010001 | DX25: 0
B26: 169 | E26: W260602-00000399 | F26: X260602-001980 | G26: Y260602-001980 | H26: 배정 | I26: 미생성 | J26: 수출 | K26: 46177 | L26: 13:00 | M26: CMA2606010011 | N26: CMA2606010011 | O26: CMA | P26: CMA-CGM | S26: SIKOP | T26: [GA]아산 1포장장 (공성실업) | U26: HMMC | V26: 대신 | W26: 현대글로비스주식회사 | Y26: 4510 | AK26: N | AP26: N | AQ26: D | AS26: 주선 | AT26: N | AV26: 0 | AX26: N | AY26: 1011 | AZ26: ㈜이엘에스솔루션 | BC26: 수출 | BD26: 반제품 | BE26: 운송료 | BI26: N | BK26: N | BM26: AAAAAAAAA | BN26: 컨테이너 미정의 | BP26: N | BQ26: AAA | BR26: 미정의 | BT26: N | BW26: __:__ | BY26: H000_GA | CK26: N | CQ26: N | CT26: N | CV26: 0 | CY26: 계열 | DA26: 02)16:51 | DB26: 02)16:51 | DH26: 0 | DN26: 0 | DO26: 0 | DP26: N | DS26: 박승기 | DV26: 컨테이너_수출 | DW26: 5010001 | DX26: 0
B27: 168 | E27: W260602-00000398 | F27: X260602-001981 | G27: Y260602-001981 | H27: 배정 | I27: 미생성 | J27: 수출 | K27: 46177 | L27: 15:00 | M27: CMA2606010011 | N27: CMA2606010011 | O27: CMA | P27: CMA-CGM | S27: SIKOP | T27: [GA]아산 1포장장 (공성실업) | U27: HMMC | V27: 대신 | W27: 현대글로비스주식회사 | Y27: 4510 | AK27: N | AP27: N | AQ27: D | AS27: 주선 | AT27: N | AV27: 0 | AX27: N | AY27: 1011 | AZ27: ㈜이엘에스솔루션 | BC27: 수출 | BD27: 반제품 | BE27: 운송료 | BI27: N | BK27: N | BM27: AAAAAAAAA | BN27: 컨테이너 미정의 | BP27: N | BQ27: AAA | BR27: 미정의 | BT27: N | BW27: __:__ | BY27: H000_GA | CK27: N | CQ27: N | CT27: N | CV27: 0 | CY27: 계열 | DA27: 02)16:51 | DB27: 02)16:51 | DH27: 0 | DN27: 0 | DO27: 0 | DP27: N | DS27: 박승기 | DV27: 컨테이너_수출 | DW27: 5010001 | DX27: 0
B28: 167 | E28: W260602-00000397 | F28: X260602-001982 | G28: Y260602-001982 | H28: 배차확정 | I28: 미생성 | J28: 수출 | K28: 46177 | L28: 08:00 | M28: CMA2606010011 | N28: CMA2606010011 | O28: CMA | P28: CMA-CGM | S28: SIKOP | T28: [GA]아산 1포장장 (공성실업) | U28: HMMC | V28: 자차 | W28: 현대글로비스주식회사 | X28: BEAU4767641 | Y28: 4510 | Z28: M6412856 | AA28: 보기 | AB28: 대구98바3558 | AC28: 문성진 | AD28: 01036465666 | AE28: SYSY3558 | AK28: N | AP28: N | AQ28: D | AS28: 주선 | AT28: N | AV28: 0 | AX28: N | AY28: 1011 | AZ28: ㈜이엘에스솔루션 | BC28: 수출 | BD28: 반제품 | BE28: 운송료 | BF28: N | BI28: N | BK28: N | BM28: GLC00003 | BN28: 부산신항 [GA]아산 1포장장 (공성실업) 부산신항 | BO28: 0 | BP28: N | BQ28: KRBNP | BR28: 부산신항 | BT28: N | BW28: __:__ | BX28: 2026-06-02 17:12:45 | BY28: H000_GA | CK28: N | CQ28: N | CT28: N | CV28: 0 | CY28: 계열 | DA28: 02)16:51 | DB28: 02)16:51 | DC28: 02)16:54 | DH28: 1023500 | DN28: 0 | DO28: 0 | DP28: N | DS28: 박승기 | DV28: 컨테이너_수출 | DW28: 5010001 | DX28: 0
B29: 166 | E29: W260602-00000396 | F29: X260602-001983 | G29: Y260602-001983 | H29: 배차확정 | I29: 미생성 | J29: 수출 | K29: 46177 | L29: 09:00 | M29: CMA2606010011 | N29: CMA2606010011 | O29: CMA | P29: CMA-CGM | S29: SIKOP | T29: [GA]아산 1포장장 (공성실업) | U29: HMMC | V29: 자차 | W29: 현대글로비스주식회사 | X29: ECMU5193316 | Y29: 4510 | Z29: M6427485 | AA29: 보기 | AB29: 경기99사1487 | AC29: 박준일 | AD29: 01052330030 | AE29: LOVE1487 | AK29: N | AP29: N | AQ29: D | AS29: 주선 | AT29: N | AV29: 0 | AX29: N | AY29: 1011 | AZ29: ㈜이엘에스솔루션 | BC29: 수출 | BD29: 반제품 | BE29: 운송료 | BF29: N | BI29: N | BK29: N | BM29: GLC00003 | BN29: 부산신항 [GA]아산 1포장장 (공성실업) 부산신항 | BO29: 0 | BP29: N | BQ29: KRBNP | BR29: 부산신항 | BT29: N | BW29: __:__ | BX29: 2026-06-02 18:53:29 | BY29: H000_GA | CK29: N | CQ29: N | CT29: N | CV29: 0 | CY29: 계열 | DA29: 02)16:51 | DB29: 02)16:51 | DC29: 02)16:54 | DH29: 1023500 | DN29: 0 | DO29: 0 | DP29: N | DS29: 박승기 | DV29: 컨테이너_수출 | DW29: 5010001 | DX29: 0
B30: 165 | E30: W260602-00000395 | F30: X260602-001984 | G30: Y260602-001984 | H30: 배차확정 | I30: 미생성 | J30: 수출 | K30: 46177 | L30: 10:00 | M30: CMA2606010011 | N30: CMA2606010011 | O30: CMA | P30: CMA-CGM | Q30: KRPUS | R30: SIKOP | S30: SIKOP | T30: [GA]아산 1포장장 (공성실업) | U30: HMMC | V30: 자차 | W30: 현대글로비스주식회사 | Y30: 4510 | AB30: 경기99바3976 | AC30: 윤대식 | AD30: 01090907883 | AE30: GOLD3976 | AK30: N | AP30: N | AQ30: D | AS30: 주선 | AT30: N | AV30: 0 | AX30: N | AY30: 1011 | AZ30: ㈜이엘에스솔루션 | BC30: 수출 | BD30: 반제품 | BE30: 운송료 | BF30: N | BI30: Y | BJ30: 2026-06-03 09:24:25 | BK30: Y | BM30: GLC00003 | BN30: 부산신항 [GA]아산 1포장장 (공성실업) 부산신항 | BO30: 0 | BP30: N | BQ30: KRBNP | BR30: 부산신항 | BT30: N | BW30: __:__ | BX30: 2026-06-02 18:13:22 | BY30: H000_GA | CK30: N | CP30: BNCTC | CQ30: Y | CT30: N | CV30: 0 | CY30: 계열 | DA30: 02)16:51 | DB30: 02)16:51 | DC30: 02)16:55 | DH30: 1023500 | DN30: 0 | DO30: 0 | DP30: N | DS30: 박승기 | DV30: 컨테이너_수출 | DW30: 5010001 | DX30: 0
B31: 164 | E31: W260602-00000394 | F31: X260602-001985 | G31: Y260602-001985 | H31: 배차확정 | I31: 미생성 | J31: 수출 | K31: 46177 | L31: 10:30 | M31: CMA2606010011 | N31: CMA2606010011 | O31: CMA | P31: CMA-CGM | S31: SIKOP | T31: [GA]아산 1포장장 (공성실업) | U31: HMMC | V31: 포유 | W31: 현대글로비스주식회사 | X31: ECMU5790944 | Y31: 4510 | Z31: M6412845 | AA31: 보기 | AB31: 경남99사8337 | AC31: 박상무 | AD31: 01085064681 | AE31: FYOU8337 | AK31: N | AP31: N | AQ31: D | AS31: 주선 | AT31: N | AV31: 0 | AX31: N | AY31: 1011 | AZ31: ㈜이엘에스솔루션 | BC31: 수출 | BD31: 반제품 | BE31: 운송료 | BF31: N | BI31: N | BK31: N | BM31: GLC00003 | BN31: 부산신항 [GA]아산 1포장장 (공성실업) 부산신항 | BO31: 0 | BP31: N | BQ31: KRBNP | BR31: 부산신항 | BT31: N | BW31: __:__ | BX31: 2026-06-03 09:44:56 | BY31: H000_GA | CK31: N | CQ31: N | CT31: N | CV31: 0 | CY31: 계열 | DA31: 02)16:51 | DB31: 02)16:51 | DC31: 03)09:44 | DH31: 1023500 | DN31: 0 | DO31: 0 | DP31: N | DS31: 박승기 | DV31: 컨테이너_수출 | DW31: 5010001 | DX31: 0
B32: 163 | E32: W260602-00000393 | F32: X260602-001986 | G32: Y260602-001986 | H32: 배정 | I32: 미생성 | J32: 수출 | K32: 46177 | L32: 15:00 | M32: 005GX17204 | N32: 005GX17204 | O32: WHL | P32: Wanhai라인 | S32: INKAT | T32: [GA]아산 1포장장 (공성실업) | U32: KIN | V32: 신승 | W32: 현대글로비스주식회사 | Y32: 4510 | AK32: N | AP32: N | AQ32: D | AS32: 주선 | AT32: N | AV32: 0 | AX32: N | AY32: 1011 | AZ32: ㈜이엘에스솔루션 | BC32: 수출 | BD32: 반제품 | BE32: 운송료 | BI32: N | BK32: N | BM32: GLC00003 | BN32: 부산신항 [GA]아산 1포장장 (공성실업) 부산신항 | BO32: 0 | BP32: N | BQ32: KRBNP | BR32: 부산신항 | BT32: N | BW32: __:__ | BY32: H000_GA | CK32: N | CQ32: N | CT32: N | CV32: 0 | CY32: 계열 | DA32: 02)16:51 | DB32: 02)16:51 | DH32: 1023500 | DN32: 0 | DO32: 0 | DP32: N | DS32: 박승기 | DV32: 컨테이너_수출 | DW32: 5010001 | DX32: 0
B33: 162 | E33: W260602-00000392 | F33: X260602-002069 | G33: Y260602-002069 | H33: 배정 | I33: 미생성 | J33: 수출 | K33: 46177 | L33: 09:00 | M33: D713CJ044 | N33: D713CJ044 | O33: MAE | P33: 머스크 | S33: MXLZC | T33: [GC]아산 3포장장 (아산YSP) | U33: KMX/KMM | V33: 이지 | W33: 현대글로비스주식회사 | Y33: 4510 | AK33: N | AP33: N | AQ33: D | AS33: 주선 | AT33: N | AV33: 0 | AX33: N | AY33: 1011 | AZ33: ㈜이엘에스솔루션 | BC33: 수출 | BD33: 반제품 | BE33: 운송료 | BI33: N | BK33: N | BM33: AAAAAAAAA | BN33: 컨테이너 미정의 | BP33: N | BQ33: AAA | BR33: 미정의 | BT33: N | BW33: __:__ | BY33: H000_GC | CK33: N | CQ33: N | CT33: N | CV33: 0 | CY33: 계열 | DA33: 02)17:29 | DB33: 02)17:29 | DH33: 0 | DN33: 0 | DO33: 0 | DP33: N | DS33: 박승기 | DV33: 컨테이너_수출 | DW33: 5010001 | DX33: 0
B34: 161 | E34: W260602-00000392 | F34: X260602-001987 | G34: Y260602-001987 | H34: 배정 | I34: 미생성 | J34: 수출 | K34: 46177 | L34: 13:00 | M34: D713CJ044 | N34: D713CJ044 | O34: MAE | P34: 머스크 | S34: MXLZC | T34: [GC]아산 3포장장 (아산YSP) | U34: KMX/KMM | V34: 미배정 | W34: 현대글로비스주식회사 | Y34: 4510 | AK34: N | AP34: N | AQ34: D | AS34: 주선 | AT34: N | AV34: 0 | AX34: N | AY34: 1011 | AZ34: ㈜이엘에스솔루션 | BC34: 수출 | BD34: 반제품 | BE34: 운송료 | BI34: N | BK34: N | BM34: AAAAAAAAA | BN34: 컨테이너 미정의 | BP34: N | BQ34: AAA | BR34: 미정의 | BT34: N | BW34: __:__ | BY34: H000_GC | CK34: N | CQ34: N | CT34: N | CV34: 0 | CY34: 계열 | DA34: 02)16:51 | DB34: 02)16:51 | DH34: 0 | DN34: 0 | DO34: 0 | DP34: N | DS34: 박승기 | DV34: 컨테이너_수출 | DW34: 5010001 | DX34: 0
B35: 160 | E35: W260602-00000391 | F35: X260602-001988 | G35: Y260602-001988 | H35: 배정 | I35: 미생성 | J35: 수출 | K35: 46177 | L35: 13:00 | M35: D713CJ044 | N35: D713CJ044 | O35: MAE | P35: 머스크 | S35: MXLZC | T35: [GC]아산 3포장장 (아산YSP) | U35: KMX/KMM | V35: CSS | W35: 현대글로비스주식회사 | Y35: 4510 | AK35: N | AP35: N | AQ35: D | AS35: 주선 | AT35: N | AV35: 0 | AX35: N | AY35: 1011 | AZ35: ㈜이엘에스솔루션 | BC35: 수출 | BD35: 반제품 | BE35: 운송료 | BI35: N | BK35: N | BM35: AAAAAAAAA | BN35: 컨테이너 미정의 | BP35: N | BQ35: AAA | BR35: 미정의 | BT35: N | BW35: __:__ | BY35: H000_GC | CK35: N | CQ35: N | CT35: N | CV35: 0 | CY35: 계열 | DA35: 02)16:51 | DB35: 02)16:51 | DH35: 0 | DN35: 0 | DO35: 0 | DP35: N | DS35: 박승기 | DV35: 컨테이너_수출 | DW35: 5010001 | DX35: 0
B36: 159 | E36: W260602-00000390 | F36: X260602-001989 | G36: Y260602-001989 | H36: 배정 | I36: 미생성 | J36: 수출 | K36: 46177 | L36: 14:00 | M36: D713CJ044 | N36: D713CJ044 | O36: MAE | P36: 머스크 | S36: USMOB | T36: [GC]아산 3포장장 (아산YSP) | U36: HMMA | V36: 신승 | W36: 현대글로비스주식회사 | Y36: 4510 | AK36: N | AP36: N | AQ36: D | AS36: 주선 | AT36: N | AV36: 0 | AX36: N | AY36: 1011 | AZ36: ㈜이엘에스솔루션 | BC36: 수출 | BD36: 반제품 | BE36: 운송료 | BI36: N | BK36: N | BM36: AAAAAAAAA | BN36: 컨테이너 미정의 | BP36: N | BQ36: AAA | BR36: 미정의 | BT36: N | BW36: __:__ | BY36: H000_GC | CK36: N | CQ36: N | CT36: N | CV36: 0 | CY36: 계열 | DA36: 02)16:51 | DB36: 02)16:51 | DH36: 0 | DN36: 0 | DO36: 0 | DP36: N | DS36: 박승기 | DV36: 컨테이너_수출 | DW36: 5010001 | DX36: 0
B37: 158 | E37: W260602-00000389 | F37: X260602-001990 | G37: Y260602-001990 | H37: 배정 | I37: 미생성 | J37: 수출 | K37: 46177 | L37: 15:00 | M37: D713CJ044 | N37: D713CJ044 | O37: MAE | P37: 머스크 | S37: USMOB | T37: [GC]아산 3포장장 (아산YSP) | U37: HMMA | V37: 신승 | W37: 현대글로비스주식회사 | Y37: 4510 | AK37: N | AP37: N | AQ37: D | AS37: 주선 | AT37: N | AV37: 0 | AX37: N | AY37: 1011 | AZ37: ㈜이엘에스솔루션 | BC37: 수출 | BD37: 반제품 | BE37: 운송료 | BI37: N | BK37: N | BM37: AAAAAAAAA | BN37: 컨테이너 미정의 | BP37: N | BQ37: AAA | BR37: 미정의 | BT37: N | BW37: __:__ | BY37: H000_GC | CK37: N | CQ37: N | CT37: N | CV37: 0 | CY37: 계열 | DA37: 02)16:51 | DB37: 02)16:51 | DH37: 0 | DN37: 0 | DO37: 0 | DP37: N | DS37: 박승기 | DV37: 컨테이너_수출 | DW37: 5010001 | DX37: 0
B38: 157 | E38: W260602-00000388 | F38: X260602-001991 | G38: Y260602-001991 | H38: 배정 | I38: 미생성 | J38: 수출 | K38: 46177 | L38: 15:00 | M38: D713CJ044 | N38: D713CJ044 | O38: MAE | P38: 머스크 | S38: USMOB | T38: [GC]아산 3포장장 (아산YSP) | U38: HMMA | V38: 신승 | W38: 현대글로비스주식회사 | Y38: 4510 | AK38: N | AP38: N | AQ38: D | AS38: 주선 | AT38: N | AV38: 0 | AX38: N | AY38: 1011 | AZ38: ㈜이엘에스솔루션 | BC38: 수출 | BD38: 반제품 | BE38: 운송료 | BI38: N | BK38: N | BM38: AAAAAAAAA | BN38: 컨테이너 미정의 | BP38: N | BQ38: AAA | BR38: 미정의 | BT38: N | BW38: __:__ | BY38: H000_GC | CK38: N | CQ38: N | CT38: N | CV38: 0 | CY38: 계열 | DA38: 02)16:51 | DB38: 02)16:51 | DH38: 0 | DN38: 0 | DO38: 0 | DP38: N | DS38: 박승기 | DV38: 컨테이너_수출 | DW38: 5010001 | DX38: 0
B39: 156 | E39: W260602-00000387 | F39: X260602-001992 | G39: Y260602-001992 | H39: 배차확정 | I39: 미생성 | J39: 수출 | K39: 46177 | L39: 08:00 | M39: SELG82813400 | N39: SELG82813400 | O39: ONE | P39: 오션네트워크익스프레스 | S39: USMOB | T39: [GC]아산 3포장장 (아산YSP) | U39: HANON ALABAMA | V39: 자차 | W39: 현대글로비스주식회사 | Y39: 4510 | AB39: 부산98사6411 | AC39: 강동현 | AD39: 01039029092 | AE39: LSLS6411 | AK39: N | AP39: N | AQ39: D | AS39: 주선 | AT39: N | AV39: 0 | AX39: N | AY39: 1011 | AZ39: ㈜이엘에스솔루션 | BC39: 수출 | BD39: 반제품 | BE39: 운송료 | BF39: N | BI39: N | BK39: N | BM39: GLC00022 | BN39: 부산신항 [GC]아산 3포장장 (아산YSP) 부산신항 | BO39: 0 | BP39: N | BQ39: KRBNP | BR39: 부산신항 | BT39: N | BW39: __:__ | BY39: H000_GC | CK39: N | CQ39: N | CT39: N | CV39: 0 | CY39: 계열 | DA39: 02)16:51 | DB39: 02)16:51 | DC39: 02)16:55 | DH39: 1002200 | DN39: 0 | DO39: 0 | DP39: N | DS39: 박승기 | DV39: 컨테이너_수출 | DW39: 5010001 | DX39: 0
B40: 155 | E40: W260602-00000386 | F40: X260602-001993 | G40: Y260602-001993 | H40: 배정 | I40: 미생성 | J40: 수출 | K40: 46177 | L40: 16:00 | M40: 040600302750 | N40: 040600302750 | O40: EMC | P40: 에버그린 | S40: USSAV | T40: [GC]아산 3포장장 (아산YSP) | U40: KAGA | V40: 이지 | W40: 현대글로비스주식회사 | Y40: 4510 | AK40: N | AP40: N | AQ40: D | AS40: 주선 | AT40: N | AV40: 0 | AX40: N | AY40: 1011 | AZ40: ㈜이엘에스솔루션 | BC40: 수출 | BD40: 반제품 | BE40: 운송료 | BI40: N | BK40: N | BM40: AAAAAAAAA | BN40: 컨테이너 미정의 | BP40: N | BQ40: AAA | BR40: 미정의 | BT40: N | BW40: __:__ | BY40: H000_GC | CK40: N | CQ40: N | CT40: N | CV40: 0 | CY40: 계열 | DA40: 02)16:51 | DB40: 02)16:51 | DH40: 0 | DN40: 0 | DO40: 0 | DP40: N | DS40: 박승기 | DV40: 컨테이너_수출 | DW40: 5010001 | DX40: 0
B41: 154 | E41: W260602-00000385 | F41: X260602-001994 | G41: Y260602-001994 | H41: 배정 | I41: 미생성 | J41: 수출 | K41: 46177 | L41: 10:00 | M41: CMA2606010011-1 | N41: CMA2606010011-1 | O41: CMA | P41: CMA-CGM | S41: SIKOP | T41: [GC]아산 3포장장 (아산YSP) | U41: KASK | V41: 유엘피 | W41: 현대글로비스주식회사 | Y41: 2210 | AK41: N | AP41: N | AQ41: D | AS41: 주선 | AT41: N | AV41: 0 | AX41: N | AY41: 1011 | AZ41: ㈜이엘에스솔루션 | BC41: 수출 | BD41: 반제품 | BE41: 운송료 | BI41: N | BK41: N | BM41: GLC00022 | BN41: 부산신항 [GC]아산 3포장장 (아산YSP) 부산신항 | BO41: 0 | BP41: N | BQ41: KRBNP | BR41: 부산신항 | BT41: N | BW41: __:__ | BY41: H000_GC | CK41: N | CQ41: N | CT41: N | CV41: 0 | CY41: 계열 | DA41: 02)16:51 | DB41: 02)16:51 | DH41: 892500 | DN41: 0 | DO41: 0 | DP41: N | DS41: 박승기 | DV41: 컨테이너_수출 | DW41: 5010001 | DX41: 0
B42: 153 | E42: W260602-00000384 | F42: X260602-001995 | G42: Y260602-001995 | H42: 배정 | I42: 미생성 | J42: 수출 | K42: 46177 | L42: 08:00 | M42: CMA2606010011-1 | N42: CMA2606010011-1 | O42: CMA | P42: CMA-CGM | S42: SIKOP | T42: [GC]아산 3포장장 (아산YSP) | U42: HMMC | V42: 유엘피 | W42: 현대글로비스주식회사 | Y42: 2210 | AK42: N | AP42: N | AQ42: D | AS42: 주선 | AT42: N | AV42: 0 | AX42: N | AY42: 1011 | AZ42: ㈜이엘에스솔루션 | BC42: 수출 | BD42: 반제품 | BE42: 운송료 | BI42: N | BK42: N | BM42: GLC00022 | BN42: 부산신항 [GC]아산 3포장장 (아산YSP) 부산신항 | BO42: 0 | BP42: N | BQ42: KRBNP | BR42: 부산신항 | BT42: N | BW42: __:__ | BY42: H000_GC | CK42: N | CQ42: N | CT42: N | CV42: 0 | CY42: 계열 | DA42: 02)16:51 | DB42: 02)16:51 | DH42: 892500 | DN42: 0 | DO42: 0 | DP42: N | DS42: 박승기 | DV42: 컨테이너_수출 | DW42: 5010001 | DX42: 0
B43: 152 | E43: W260602-00000383 | F43: X260602-001996 | G43: Y260602-001996 | H43: 배차확정 | I43: 미생성 | J43: 수출 | K43: 46177 | L43: 09:00 | M43: SELG82813400 | N43: SELG82813400 | O43: ONE | P43: 오션네트워크익스프레스 | S43: USLAX | T43: [GC]아산 3포장장 (아산YSP) | U43: HMMA | V43: 자차 | W43: 현대글로비스주식회사 | X43: ONEU0621719 | Y43: 4510 | Z43: KRAX14757 | AA43: 보기 | AB43: 경북98사7570 | AC43: 김수환 | AD43: 01062730440 | AE43: KDBE7570 | AK43: N | AP43: N | AQ43: D | AS43: 주선 | AT43: N | AV43: 0 | AX43: N | AY43: 1011 | AZ43: ㈜이엘에스솔루션 | BC43: 수출 | BD43: 반제품 | BE43: 운송료 | BF43: N | BI43: N | BK43: N | BM43: GLC00022 | BN43: 부산신항 [GC]아산 3포장장 (아산YSP) 부산신항 | BO43: 0 | BP43: N | BQ43: KRBNP | BR43: 부산신항 | BT43: N | BW43: __:__ | BX43: 2026-06-02 22:00:46 | BY43: H000_GC | CK43: N | CQ43: N | CT43: N | CV43: 0 | CY43: 계열 | DA43: 02)16:51 | DB43: 02)16:51 | DC43: 02)16:55 | DH43: 1002200 | DN43: 0 | DO43: 0 | DP43: N | DS43: 박승기 | DV43: 컨테이너_수출 | DW43: 5010001 | DX43: 0
B44: 151 | E44: W260602-00000382 | F44: X260602-001997 | G44: Y260602-001997 | H44: 배정 | I44: 미생성 | J44: 수출 | K44: 46177 | L44: 10:00 | M44: SELG82813400 | N44: SELG82813400 | O44: ONE | P44: 오션네트워크익스프레스 | S44: USLAX | T44: [GC]아산 3포장장 (아산YSP) | U44: HMMA | V44: 삼익 | W44: 현대글로비스주식회사 | Y44: 4510 | AK44: N | AP44: N | AQ44: D | AS44: 주선 | AT44: N | AV44: 0 | AX44: N | AY44: 1011 | AZ44: ㈜이엘에스솔루션 | BC44: 수출 | BD44: 반제품 | BE44: 운송료 | BI44: N | BK44: N | BM44: AAAAAAAAA | BN44: 컨테이너 미정의 | BP44: N | BQ44: AAA | BR44: 미정의 | BT44: N | BW44: __:__ | BY44: H000_GC | CK44: N | CQ44: N | CT44: N | CV44: 0 | CY44: 계열 | DA44: 02)16:51 | DB44: 02)16:51 | DH44: 0 | DN44: 0 | DO44: 0 | DP44: N | DS44: 박승기 | DV44: 컨테이너_수출 | DW44: 5010001 | DX44: 0
B45: 150 | E45: W260602-00000381 | F45: X260602-001998 | G45: Y260602-001998 | H45: 배정 | I45: 미생성 | J45: 수출 | K45: 46177 | L45: 11:00 | M45: D713CJ044 | N45: D713CJ044 | O45: MAE | P45: 머스크 | S45: USLAX | T45: [GC]아산 3포장장 (아산YSP) | U45: KAGA | V45: 동원 | W45: 현대글로비스주식회사 | Y45: 4510 | AK45: N | AP45: N | AQ45: D | AS45: 주선 | AT45: N | AV45: 0 | AX45: N | AY45: 1011 | AZ45: ㈜이엘에스솔루션 | BC45: 수출 | BD45: 반제품 | BE45: 운송료 | BI45: N | BK45: N | BM45: AAAAAAAAA | BN45: 컨테이너 미정의 | BP45: N | BQ45: AAA | BR45: 미정의 | BT45: N | BW45: __:__ | BY45: H000_GC | CK45: N | CQ45: N | CT45: N | CV45: 0 | CY45: 계열 | DA45: 02)16:51 | DB45: 02)16:51 | DH45: 0 | DN45: 0 | DO45: 0 | DP45: N | DS45: 박승기 | DV45: 컨테이너_수출 | DW45: 5010001 | DX45: 0
B46: 149 | E46: W260602-00000380 | F46: X260602-001999 | G46: Y260602-001999 | H46: 배정 | I46: 미생성 | J46: 수출 | K46: 46177 | L46: 14:50 | M46: HLAKRGLOVKDPUS | N46: HLAKRGLOVKDPUS | O46: HLC | P46: 하파그로이드 | S46: MXLZC | T46: [KC]KCC 글라스 | U46: KMX/KMM | V46: 셔틀 | W46: 현대글로비스주식회사 | Y46: 4510 | AK46: N | AP46: N | AQ46: D | AS46: 주선 | AT46: N | AV46: 0 | AX46: N | AY46: 1011 | AZ46: ㈜이엘에스솔루션 | BC46: 수출 | BD46: 반제품 | BE46: 운송료 | BI46: N | BK46: N | BM46: AAAAAAAAA | BN46: 컨테이너 미정의 | BP46: N | BQ46: AAA | BR46: 미정의 | BT46: N | BW46: __:__ | BY46: H000_KC | CK46: N | CQ46: N | CT46: N | CV46: 0 | CY46: 계열 | DA46: 02)16:51 | DB46: 02)16:51 | DH46: 0 | DN46: 0 | DO46: 0 | DP46: N | DS46: 박승기 | DV46: 컨테이너_수출 | DW46: 5010001 | DX46: 0
B47: 148 | E47: W260602-00000379 | F47: X260602-002000 | G47: Y260602-002000 | H47: 배정 | I47: 미생성 | J47: 수출 | K47: 46177 | L47: 13:30 | M47: D713CJ044 | N47: D713CJ044 | O47: MAE | P47: 머스크 | S47: USMOB | T47: [KC]KCC 글라스 | U47: HMMA | V47: 칸 | W47: 현대글로비스주식회사 | Y47: 4510 | AK47: N | AP47: N | AQ47: D | AS47: 주선 | AT47: N | AV47: 0 | AX47: N | AY47: 1011 | AZ47: ㈜이엘에스솔루션 | BC47: 수출 | BD47: 반제품 | BE47: 운송료 | BI47: N | BK47: N | BM47: GLC00035 | BN47: 부산신항 [KC]KCC 글라스 부산신항 | BO47: 0 | BP47: N | BQ47: KRBNP | BR47: 부산신항 | BT47: N | BW47: __:__ | BY47: H000_KC | CK47: N | CQ47: N | CT47: N | CV47: 0 | CY47: 계열 | DA47: 02)16:51 | DB47: 02)16:51 | DH47: 935600 | DN47: 0 | DO47: 0 | DP47: N | DS47: 박승기 | DV47: 컨테이너_수출 | DW47: 5010001 | DX47: 0
B48: 147 | E48: W260602-00000378 | F48: X260602-002001 | G48: Y260602-002001 | H48: 배정 | I48: 미생성 | J48: 수출 | K48: 46177 | L48: 13:50 | M48: 040600302750 | N48: 040600302750 | O48: EMC | P48: 에버그린 | S48: USSAV | T48: [KC]KCC 글라스 | U48: KAGA | V48: 칸 | W48: 현대글로비스주식회사 | Y48: 4510 | AK48: N | AP48: N | AQ48: D | AS48: 주선 | AT48: N | AV48: 0 | AX48: N | AY48: 1011 | AZ48: ㈜이엘에스솔루션 | BC48: 수출 | BD48: 반제품 | BE48: 운송료 | BI48: N | BK48: N | BM48: GLC00035 | BN48: 부산신항 [KC]KCC 글라스 부산신항 | BO48: 0 | BP48: N | BQ48: KRBNP | BR48: 부산신항 | BT48: N | BW48: __:__ | BY48: H000_KC | CK48: N | CQ48: N | CT48: N | CV48: 0 | CY48: 계열 | DA48: 02)16:51 | DB48: 02)16:51 | DH48: 935600 | DN48: 0 | DO48: 0 | DP48: N | DS48: 박승기 | DV48: 컨테이너_수출 | DW48: 5010001 | DX48: 0
B49: 146 | E49: W260602-00000377 | F49: X260602-002002 | G49: Y260602-002002 | H49: 배정 | I49: 미생성 | J49: 수출 | K49: 46177 | L49: 14:10 | M49: 040600302750 | N49: 040600302750 | O49: EMC | P49: 에버그린 | S49: USSAV | T49: [KC]KCC 글라스 | U49: KAGA | V49: 이지 | W49: 현대글로비스주식회사 | Y49: 4510 | AK49: N | AP49: N | AQ49: D | AS49: 주선 | AT49: N | AV49: 0 | AX49: N | AY49: 1011 | AZ49: ㈜이엘에스솔루션 | BC49: 수출 | BD49: 반제품 | BE49: 운송료 | BI49: N | BK49: N | BM49: GLC00035 | BN49: 부산신항 [KC]KCC 글라스 부산신항 | BO49: 0 | BP49: N | BQ49: KRBNP | BR49: 부산신항 | BT49: N | BW49: __:__ | BY49: H000_KC | CK49: N | CQ49: N | CT49: N | CV49: 0 | CY49: 계열 | DA49: 02)16:51 | DB49: 02)16:51 | DH49: 935600 | DN49: 0 | DO49: 0 | DP49: N | DS49: 박승기 | DV49: 컨테이너_수출 | DW49: 5010001 | DX49: 0
B50: 145 | E50: W260602-00000376 | F50: X260602-002003 | G50: Y260602-002003 | H50: 배차확정 | I50: 미생성 | J50: 수출 | K50: 46177 | L50: 14:30 | M50: CMA2605290012 | N50: CMA2605290012 | O50: CMA | P50: CMA-CGM | S50: USSAV | T50: [KC]KCC 글라스 | U50: HMGMA | V50: 자차 | W50: 현대글로비스주식회사 | X50: TGBU5280738 | Y50: 4510 | Z50: M6412832 | AA50: 보기 | AB50: 경남99바4895 | AC50: 전성환 | AD50: 01026260220 | AE50: GJEW4895 | AK50: N | AP50: N | AQ50: D | AS50: 주선 | AT50: N | AV50: 0 | AX50: N | AY50: 1011 | AZ50: ㈜이엘에스솔루션 | BC50: 수출 | BD50: 반제품 | BE50: 운송료 | BF50: N | BI50: N | BK50: N | BM50: GLC00035 | BN50: 부산신항 [KC]KCC 글라스 부산신항 | BO50: 0 | BP50: N | BQ50: KRBNP | BR50: 부산신항 | BT50: N | BW50: __:__ | BX50: 2026-06-02 17:30:19 | BY50: H000_KC | CK50: N | CQ50: N | CT50: N | CV50: 0 | CY50: 계열 | DA50: 02)16:51 | DB50: 02)16:51 | DC50: 02)16:53 | DH50: 935600 | DN50: 0 | DO50: 0 | DP50: N | DS50: 박승기 | DV50: 컨테이너_수출 | DW50: 5010001 | DX50: 0
B51: 144 | E51: W260602-00000375 | F51: X260602-002004 | G51: Y260602-002004 | H51: 배정 | I51: 미생성 | J51: 수출 | K51: 46177 | L51: 10:00 | M51: D713CJ044 | N51: D713CJ044 | O51: MAE | P51: 머스크 | S51: USLAX | T51: [KC]KCC 글라스 | U51: KAGA | V51: 칸 | W51: 현대글로비스주식회사 | Y51: 4510 | AK51: N | AP51: N | AQ51: D | AS51: 주선 | AT51: N | AV51: 0 | AX51: N | AY51: 1011 | AZ51: ㈜이엘에스솔루션 | BC51: 수출 | BD51: 반제품 | BE51: 운송료 | BI51: N | BK51: N | BM51: GLC00035 | BN51: 부산신항 [KC]KCC 글라스 부산신항 | BO51: 0 | BP51: N | BQ51: KRBNP | BR51: 부산신항 | BT51: N | BW51: __:__ | BY51: H000_KC | CK51: N | CQ51: N | CT51: N | CV51: 0 | CY51: 계열 | DA51: 02)16:51 | DB51: 02)16:51 | DH51: 935600 | DN51: 0 | DO51: 0 | DP51: N | DS51: 박승기 | DV51: 컨테이너_수출 | DW51: 5010001 | DX51: 0
B52: 143 | E52: W260602-00000292 | F52: X260602-001804 | G52: Y260602-001804 | H52: 배차확정 | I52: 미생성 | J52: 수출 | K52: 46176 | L52: 09:00 | M52: 040600302750 | N52: 040600302750 | O52: EMC | P52: 에버그린 | S52: USSAV | T52: [GB]아산 2포장장 (오토쎌) | U52: KAGA | V52: 이지 | W52: 현대글로비스주식회사 | X52: EGSU1533660 | Y52: 4510 | Z52: EMCMQM0998 | AA52: 보기 | AB52: 경기99아1365 | AC52: 이주환 | AD52: 01041316728 | AE52: SMSM1365 | AK52: N | AP52: N | AQ52: D | AS52: 주선 | AT52: N | AV52: 0 | AX52: N | AY52: 1011 | AZ52: ㈜이엘에스솔루션 | BC52: 수출 | BD52: 반제품 | BE52: 운송료 | BF52: N | BI52: N | BK52: N | BM52: GLC00263 | BN52: 부산신항 [GB]아산 2포장장 부산신항 | BO52: 0 | BP52: N | BQ52: KRBNP | BR52: 부산신항 | BT52: N | BW52: __:__ | BX52: 2026-06-03 07:38:40 | BY52: H000_GB | CK52: N | CP52: DGTBC | CQ52: Y | CT52: N | CV52: 0 | CY52: 계열 | DA52: 02)16:22 | DB52: 02)16:22 | DC52: 03)07:36 | DH52: 1023500 | DN52: 0 | DO52: 0 | DP52: N | DS52: 박승기 | DV52: 컨테이너_수출 | DW52: 5010001 | DX52: 0
B53: 142 | E53: W260602-00000291 | F53: X260602-001805 | G53: Y260602-001805 | H53: 배차확정 | I53: 미생성 | J53: 수출 | K53: 46176 | L53: 10:00 | M53: 040600302750 | N53: 040600302750 | O53: EMC | P53: 에버그린 | S53: USSAV | T53: [GB]아산 2포장장 (오토쎌) | U53: KAGA | V53: 이지 | W53: 현대글로비스주식회사 | X53: CAAU5880130 | Y53: 4510 | Z53: EMCFCC9475 | AA53: 보기 | AB53: 충남99사9324 | AC53: 이오선 | AD53: 01023708245 | AE53: MKMK9324 | AK53: N | AP53: N | AQ53: D | AS53: 주선 | AT53: N | AV53: 0 | AX53: N | AY53: 1011 | AZ53: ㈜이엘에스솔루션 | BC53: 수출 | BD53: 반제품 | BE53: 운송료 | BF53: N | BI53: N | BK53: N | BM53: GLC00263 | BN53: 부산신항 [GB]아산 2포장장 부산신항 | BO53: 0 | BP53: N | BQ53: KRBNP | BR53: 부산신항 | BT53: N | BW53: __:__ | BX53: 2026-06-03 07:39:02 | BY53: H000_GB | CK53: N | CP53: DGTBC | CQ53: Y | CT53: N | CV53: 0 | CY53: 계열 | DA53: 02)16:22 | DB53: 02)16:22 | DC53: 03)07:36 | DH53: 1023500 | DN53: 0 | DO53: 0 | DP53: N | DS53: 박승기 | DV53: 컨테이너_수출 | DW53: 5010001 | DX53: 0
B54: 141 | E54: W260602-00000290 | F54: X260602-001806 | G54: Y260602-001806 | H54: 배차확정 | I54: 미생성 | J54: 수출 | K54: 46176 | L54: 16:00 | M54: 040600302750 | N54: 040600302750 | O54: EMC | P54: 에버그린 | S54: USSAV | T54: [GB]아산 2포장장 (오토쎌) | U54: KAGA | V54: 이지 | W54: 현대글로비스주식회사 | X54: GAOU6321272 | Y54: 4510 | Z54: EMCFCC9755 | AA54: 보기 | AB54: 충남99사9324 | AC54: 이오선 | AD54: 01023708245 | AE54: MKMK9324 | AK54: N | AP54: N | AQ54: D | AS54: 주선 | AT54: N | AV54: 0 | AX54: N | AY54: 1011 | AZ54: ㈜이엘에스솔루션 | BC54: 수출 | BD54: 반제품 | BE54: 운송료 | BF54: N | BI54: N | BK54: N | BM54: GLC00263 | BN54: 부산신항 [GB]아산 2포장장 부산신항 | BO54: 0 | BP54: N | BQ54: KRBNP | BR54: 부산신항 | BT54: N | BW54: __:__ | BX54: 2026-06-03 10:54:43 | BY54: H000_GB | CK54: N | CP54: DGTBC | CQ54: Y | CT54: N | CV54: 0 | CY54: 계열 | DA54: 02)16:22 | DB54: 02)16:22 | DC54: 03)10:38 | DH54: 1023500 | DN54: 0 | DO54: 0 | DP54: N | DS54: 박승기 | DV54: 컨테이너_수출 | DW54: 5010001 | DX54: 0
A55: 세방(주) | B55: 140 | E55: W260602-00000289 | F55: X260602-001807 | G55: Y260602-001807 | H55: 배차확정 | I55: 미생성 | J55: 수출 | K55: 46176 | L55: 13:00 | M55: D713CJ044 | N55: D713CJ044 | O55: MAE | P55: 머스크 | S55: USMOB | T55: [GB]아산 2포장장 (오토쎌) | U55: HMMA | V55: 자차 | W55: 현대글로비스주식회사 | X55: FFAU7341090 | Y55: 4510 | Z55: KR1160914 | AA55: 보기 | AB55: 경기99바3976 | AC55: 윤대식 | AD55: 01090907883 | AE55: GOLD3976 | AK55: N | AP55: N | AQ55: D | AS55: 주선 | AT55: N | AV55: 0 | AX55: N | AY55: 1011 | AZ55: ㈜이엘에스솔루션 | BC55: 수출 | BD55: 반제품 | BE55: 운송료 | BF55: N | BI55: N | BK55: N | BM55: GLC00263 | BN55: 부산신항 [GB]아산 2포장장 부산신항 | BO55: 0 | BP55: N | BQ55: KRBNP | BR55: 부산신항 | BT55: N | BW55: __:__ | BX55: 2026-06-02 19:13:16 | BY55: H000_GB | CK55: Y | CL55: B000016649 | CM55: B015&이지스녹산 | CP55: PNCOC | CQ55: Y | CT55: N | CV55: 0 | CY55: 계열 | DA55: 02)16:22 | DB55: 02)16:22 | DC55: 02)16:45 | DH55: 1023500 | DN55: 0 | DO55: 0 | DP55: N | DS55: 박승기 | DV55: 컨테이너_수출 | DW55: 5010001 | DX55: 0
A56: 세방(주) | B56: 139 | E56: W260602-00000288 | F56: X260602-001808 | G56: Y260602-001808 | H56: 배차확정 | I56: 미생성 | J56: 수출 | K56: 46176 | L56: 15:00 | M56: D713CJ044 | N56: D713CJ044 | O56: MAE | P56: 머스크 | S56: USMOB | T56: [GB]아산 2포장장 (오토쎌) | U56: HMMA | V56: 자차 | W56: 현대글로비스주식회사 | X56: MRKU6147501 | Y56: 4510 | Z56: KR1160930 | AA56: 보기 | AB56: 울산99바9676 | AC56: 장성운 | AD56: 01035114690 | AE56: FSFS9676 | AK56: N | AP56: N | AQ56: D | AS56: 주선 | AT56: N | AV56: 0 | AX56: N | AY56: 1011 | AZ56: ㈜이엘에스솔루션 | BC56: 수출 | BD56: 반제품 | BE56: 운송료 | BF56: N | BI56: N | BK56: N | BM56: GLC00263 | BN56: 부산신항 [GB]아산 2포장장 부산신항 | BO56: 0 | BP56: N | BQ56: KRBNP | BR56: 부산신항 | BT56: N | BW56: __:__ | BX56: 2026-06-03 07:50:45 | BY56: H000_GB | CK56: Y | CL56: B000016649 | CM56: B015&이지스녹산 | CP56: PNCOC | CQ56: Y | CT56: N | CV56: 0 | CY56: 계열 | DA56: 02)16:22 | DB56: 02)16:22 | DC56: 02)16:45 | DH56: 1023500 | DN56: 0 | DO56: 0 | DP56: N | DS56: 박승기 | DV56: 컨테이너_수출 | DW56: 5010001 | DX56: 0
B57: 138 | E57: W260602-00000287 | F57: X260602-001809 | G57: Y260602-001809 | H57: 배차확정 | I57: 미생성 | J57: 수출 | K57: 46176 | L57: 10:00 | M57: 005GX17204 | N57: 005GX17204 | O57: WHL | P57: Wanhai라인 | S57: INKAT | T57: [GB]아산 2포장장 (오토쎌) | U57: HMI/HMI PUNE | V57: 자차 | W57: 현대글로비스주식회사 | X57: WHSU8030780 | Y57: 4510 | Z57: WHA3168736 | AA57: 보기 | AB57: 부산98사7354 | AC57: 최경도 | AD57: 01039029092 | AE57: SMSM7354 | AK57: N | AP57: N | AQ57: D | AS57: 주선 | AT57: N | AV57: 0 | AX57: N | AY57: 1011 | AZ57: ㈜이엘에스솔루션 | BC57: 수출 | BD57: 반제품 | BE57: 운송료 | BF57: N | BI57: N | BK57: N | BM57: GLC00263 | BN57: 부산신항 [GB]아산 2포장장 부산신항 | BO57: 0 | BP57: N | BQ57: KRBNP | BR57: 부산신항 | BT57: N | BW57: __:__ | BX57: 2026-06-02 17:33:11 | BY57: H000_GB | CA57: 2026-06-03 10:22:03 | CK57: N | CP57: DGTBC | CQ57: Y | CS57: DGTBC | CT57: Y | CV57: 0 | CY57: 계열 | DA57: 02)16:22 | DB57: 02)16:22 | DC57: 02)16:45 | DH57: 1023500 | DN57: 0 | DO57: 0 | DP57: N | DS57: 박승기 | DV57: 컨테이너_수출 | DW57: 5010001 | DX57: 0
B58: 137 | E58: W260602-00000286 | F58: X260602-001810 | G58: Y260602-001810 | H58: 배차확정 | I58: 미생성 | J58: 수출 | K58: 46176 | L58: 11:00 | M58: 005GX17204 | N58: 005GX17204 | O58: WHL | P58: Wanhai라인 | S58: INKAT | T58: [GB]아산 2포장장 (오토쎌) | U58: HMI/HMI PUNE | V58: 자차 | W58: 현대글로비스주식회사 | X58: WHSU6182819 | Y58: 4510 | Z58: WHA3168614 | AA58: 보기 | AB58: 부산98사2885 | AC58: 강성욱 | AD58: 01028163959 | AE58: KOKO2885 | AK58: N | AP58: N | AQ58: D | AS58: 주선 | AT58: N | AV58: 0 | AX58: N | AY58: 1011 | AZ58: ㈜이엘에스솔루션 | BC58: 수출 | BD58: 반제품 | BE58: 운송료 | BF58: N | BI58: N | BK58: N | BM58: GLC00263 | BN58: 부산신항 [GB]아산 2포장장 부산신항 | BO58: 0 | BP58: N | BQ58: KRBNP | BR58: 부산신항 | BT58: N | BW58: __:__ | BX58: 2026-06-02 17:39:34 | BY58: H000_GB | CK58: N | CP58: DGTBC | CQ58: Y | CS58: DGTBC | CT58: Y | CV58: 0 | CY58: 계열 | DA58: 02)16:22 | DB58: 02)16:22 | DC58: 02)16:45 | DH58: 1023500 | DN58: 0 | DO58: 0 | DP58: N | DS58: 박승기 | DV58: 컨테이너_수출 | DW58: 5010001 | DX58: 0
B59: 136 | E59: W260602-00000285 | F59: X260602-001811 | G59: Y260602-001811 | H59: 배차확정 | I59: 미생성 | J59: 수출 | K59: 46176 | L59: 09:00 | M59: 005GX17204 | N59: 005GX17204 | O59: WHL | P59: Wanhai라인 | S59: INKAT | T59: [GB]아산 2포장장 (오토쎌) | U59: KIN | V59: 자차 | W59: 현대글로비스주식회사 | X59: WHSU6054309 | Y59: 4510 | Z59: WHA3168609 | AA59: 보기 | AB59: 인천98자2508 | AC59: 한명훈 | AD59: 01024773035 | AE59: HMHM2508 | AK59: N | AP59: N | AQ59: D | AS59: 주선 | AT59: N | AV59: 0 | AX59: N | AY59: 1011 | AZ59: ㈜이엘에스솔루션 | BC59: 수출 | BD59: 반제품 | BE59: 운송료 | BF59: N | BI59: N | BK59: N | BM59: GLC00263 | BN59: 부산신항 [GB]아산 2포장장 부산신항 | BO59: 0 | BP59: N | BQ59: KRBNP | BR59: 부산신항 | BT59: N | BW59: __:__ | BX59: 2026-06-03 00:30:24 | BY59: H000_GB | CK59: N | CP59: DGTBC | CQ59: Y | CS59: DGTBC | CT59: Y | CV59: 0 | CY59: 계열 | DA59: 02)16:22 | DB59: 02)16:22 | DC59: 02)16:46 | DH59: 1023500 | DN59: 0 | DO59: 0 | DP59: N | DS59: 박승기 | DV59: 컨테이너_수출 | DW59: 5010001 | DX59: 0
B60: 135 | E60: W260602-00000284 | F60: X260602-001812 | G60: Y260602-001812 | H60: 배차확정 | I60: 미생성 | J60: 수출 | K60: 46176 | L60: 11:00 | M60: 005GX17204 | N60: 005GX17204 | O60: WHL | P60: Wanhai라인 | S60: INKAT | T60: [GB]아산 2포장장 (오토쎌) | U60: KIN | V60: 자차 | W60: 현대글로비스주식회사 | X60: WHSU5166747 | Y60: 4510 | Z60: WHA3168603 | AA60: 보기 | AB60: 대구99바2909 | AC60: 이국형 | AD60: 01088560424 | AE60: FLFL2909 | AK60: N | AP60: N | AQ60: D | AS60: 주선 | AT60: N | AV60: 0 | AX60: N | AY60: 1011 | AZ60: ㈜이엘에스솔루션 | BC60: 수출 | BD60: 반제품 | BE60: 운송료 | BF60: N | BI60: N | BK60: N | BM60: GLC00263 | BN60: 부산신항 [GB]아산 2포장장 부산신항 | BO60: 0 | BP60: N | BQ60: KRBNP | BR60: 부산신항 | BT60: N | BW60: __:__ | BX60: 2026-06-02 17:30:30 | BY60: H000_GB | CK60: N | CP60: DGTBC | CQ60: Y | CS60: DGTBC | CT60: Y | CV60: 0 | CY60: 계열 | DA60: 02)16:22 | DB60: 02)16:22 | DC60: 02)16:46 | DH60: 1023500 | DN60: 0 | DO60: 0 | DP60: N | DS60: 박승기 | DV60: 컨테이너_수출 | DW60: 5010001 | DX60: 0
B61: 134 | E61: W260602-00000283 | F61: X260602-001813 | G61: Y260602-001813 | H61: 배차확정 | I61: 미생성 | J61: 수출 | K61: 46176 | L61: 13:00 | M61: 005GX17204 | N61: 005GX17204 | O61: WHL | P61: Wanhai라인 | S61: INKAT | T61: [GB]아산 2포장장 (오토쎌) | U61: KIN | V61: 자차 | W61: 현대글로비스주식회사 | X61: TXGU8148672 | Y61: 4510 | Z61: WHA3168738 | AA61: 보기 | AB61: 부산99사4852 | AC61: 김순철 | AD61: 01087448686 | AE61: JSGL4852 | AK61: N | AP61: N | AQ61: D | AS61: 주선 | AT61: N | AV61: 0 | AX61: N | AY61: 1011 | AZ61: ㈜이엘에스솔루션 | BC61: 수출 | BD61: 반제품 | BE61: 운송료 | BF61: N | BI61: N | BK61: N | BM61: GLC00263 | BN61: 부산신항 [GB]아산 2포장장 부산신항 | BO61: 0 | BP61: N | BQ61: KRBNP | BR61: 부산신항 | BT61: N | BW61: __:__ | BX61: 2026-06-02 17:30:23 | BY61: H000_GB | CK61: N | CP61: DGTBC | CQ61: Y | CS61: DGTBC | CT61: Y | CV61: 0 | CY61: 계열 | DA61: 02)16:22 | DB61: 02)16:22 | DC61: 02)16:46 | DH61: 1023500 | DN61: 0 | DO61: 0 | DP61: N | DS61: 박승기 | DV61: 컨테이너_수출 | DW61: 5010001 | DX61: 0
B62: 133 | E62: W260602-00000282 | F62: X260602-001814 | G62: Y260602-001814 | H62: 배차확정 | I62: 미생성 | J62: 수출 | K62: 46176 | L62: 14:00 | M62: 005GX17204 | N62: 005GX17204 | O62: WHL | P62: Wanhai라인 | S62: INKAT | T62: [GB]아산 2포장장 (오토쎌) | U62: KIN | V62: 자차 | W62: 현대글로비스주식회사 | X62: WHSU8526723 | Y62: 4510 | Z62: WHA3168606 | AA62: 보기 | AB62: 경북98아8163 | AC62: 피재갑 | AD62: 01044534566 | AE62: KDBE8163 | AK62: N | AP62: N | AQ62: D | AS62: 주선 | AT62: N | AV62: 0 | AX62: N | AY62: 1011 | AZ62: ㈜이엘에스솔루션 | BC62: 수출 | BD62: 반제품 | BE62: 운송료 | BF62: N | BI62: N | BK62: N | BM62: GLC00263 | BN62: 부산신항 [GB]아산 2포장장 부산신항 | BO62: 0 | BP62: N | BQ62: KRBNP | BR62: 부산신항 | BT62: N | BW62: __:__ | BX62: 2026-06-02 19:52:49 | BY62: H000_GB | CK62: N | CP62: DGTBC | CQ62: Y | CS62: DGTBC | CT62: Y | CV62: 0 | CY62: 계열 | DA62: 02)16:22 | DB62: 02)16:22 | DC62: 02)16:46 | DH62: 1023500 | DN62: 0 | DO62: 0 | DP62: N | DS62: 박승기 | DV62: 컨테이너_수출 | DW62: 5010001 | DX62: 0
B63: 132 | E63: W260602-00000281 | F63: X260602-001815 | G63: Y260602-001815 | H63: 배차확정 | I63: 미생성 | J63: 수출 | K63: 46176 | L63: 15:00 | M63: 005GX17204 | N63: 005GX17204 | O63: WHL | P63: Wanhai라인 | S63: INKAT | T63: [GB]아산 2포장장 (오토쎌) | U63: KIN | V63: 자차 | W63: 현대글로비스주식회사 | X63: WHSU6879634 | Y63: 4510 | Z63: WHA3168620 | AA63: 보기 | AB63: 경남99바3256 | AC63: 박병희 | AD63: 01035373253 | AE63: SYSY3256 | AK63: N | AP63: N | AQ63: D | AS63: 주선 | AT63: N | AV63: 0 | AX63: N | AY63: 1011 | AZ63: ㈜이엘에스솔루션 | BC63: 수출 | BD63: 반제품 | BE63: 운송료 | BF63: N | BI63: N | BK63: N | BM63: GLC00263 | BN63: 부산신항 [GB]아산 2포장장 부산신항 | BO63: 0 | BP63: N | BQ63: KRBNP | BR63: 부산신항 | BT63: N | BW63: __:__ | BX63: 2026-06-03 07:53:02 | BY63: H000_GB | CK63: N | CP63: DGTBC | CQ63: Y | CS63: DGTBC | CT63: Y | CV63: 0 | CY63: 계열 | DA63: 02)16:22 | DB63: 02)16:22 | DC63: 02)16:46 | DH63: 1023500 | DN63: 0 | DO63: 0 | DP63: N | DS63: 박승기 | DV63: 컨테이너_수출 | DW63: 5010001 | DX63: 0
B64: 131 | E64: W260602-00000136 | F64: X260602-001581 | G64: Y260602-001581 | H64: 운송완료 | I64: 정산실적생성 | J64: 수출 | K64: 46175 | L64: 15:00 | M64: CI260529-7 | N64: CI260529-7 | O64: LYG | P64: 연운항훼리 | Q64: KRINC | R64: CNLYG | S64: CNLYG | T64: [GS]아산 서영 | U64: KIA LUCKY MOTORS | V64: IFPCC | W64: 현대글로비스주식회사 | X64: CKFU9210225 | Y64: 4510 | Z64: LYG299006 | AA64: 보기 | AB64: 인천99아8453 | AC64: 황연수 | AD64: 01057758453 | AE64: YLCF8453 | AG64: 46176 | AH64: 46177 | AI64: N | AK64: N | AP64: N | AQ64: D | AS64: 주선 | AT64: N | AV64: 0 | AX64: N | AY64: 1011 | AZ64: ㈜이엘에스솔루션 | BC64: 수출 | BD64: 반제품 | BE64: 운송료 | BF64: N | BI64: N | BK64: N | BM64: AAAAAAAAA | BN64: 컨테이너 미정의 | BP64: N | BQ64: KRINF | BR64: 인천항국제여객터미널 | BT64: N | BW64: __:__ | BX64: 2026-06-02 13:29:57 | BY64: S009_H02 | CK64: N | CP64: IFPCC | CQ64: Y | CS64: IFPCC | CT64: Y | CV64: 0 | CY64: 계열 | DA64: 02)11:13 | DB64: 02)11:13 | DC64: 02)13:29 | DE64: 46176 | DH64: 0 | DN64: 0 | DO64: 0 | DP64: N | DS64: 김병주 | DV64: 컨테이너_수출 | DW64: 5010001 | DX64: 0
B65: 130 | E65: W260601-00000688 | F65: X260601-001269 | G65: Y260601-001269 | H65: 운송완료 | I65: 정산실적생성 | J65: 수출 | K65: 46175 | L65: 14:00 | M65: KR04401885 | N65: KR04401885 | O65: KMD | P65: 고려해운 | Q65: KRPNC | R65: INKTP | S65: INKAT | T65: [GB]아산 2포장장 | U65: KIN | V65: 대신 | W65: 현대글로비스주식회사 | X65: TEMU7820727 | Y65: 4510 | Z65: KSC798194 | AA65: 보기 | AB65: 부산99사4692 | AC65: 강수환 | AD65: 01099984348 | AE65: MOAA4692 | AG65: 46179 | AH65: 46178 | AI65: N | AK65: N | AP65: N | AQ65: D | AS65: 주선 | AT65: N | AV65: 0 | AX65: N | AY65: 1011 | AZ65: ㈜이엘에스솔루션 | BC65: 수출 | BD65: 반제품 | BE65: 운송료 | BF65: N | BI65: N | BK65: N | BM65: GLC00263 | BN65: 부산신항 [GB]아산 2포장장 부산신항 | BO65: 0 | BP65: N | BQ65: KRBNP | BR65: 부산신항 | BT65: N | BW65: __:__ | BX65: 2026-06-02 07:52:51 | BY65: H000_GB | CK65: N | CP65: DGTBC | CQ65: Y | CS65: DGTBC | CT65: Y | CV65: 0 | CY65: 계열 | DA65: 01)17:39 | DB65: 01)17:39 | DC65: 02)07:45 | DD65: 02)07:44 | DE65: 46176 | DH65: 1023500 | DN65: 0 | DO65: 0 | DP65: N | DS65: 임지언 | DV65: 컨테이너_수출 | DW65: 5010001 | DX65: 0
B66: 129 | E66: W260601-00000688 | F66: X260601-001268 | G66: Y260601-001268 | H66: 운송완료 | I66: 정산실적생성 | J66: 수출 | K66: 46175 | L66: 11:00 | M66: KR04401885 | N66: KR04401885 | O66: KMD | P66: 고려해운 | Q66: KRPNC | R66: INKTP | S66: INKAT | T66: [GB]아산 2포장장 | U66: KIN | V66: 대신 | W66: 현대글로비스주식회사 | X66: BMOU6934716 | Y66: 4510 | Z66: KSC758859 | AA66: 보기 | AB66: 경북98사5822 | AC66: 이가람 | AD66: 01047667318 | AE66: D8805822 | AG66: 46179 | AH66: 46178 | AI66: N | AK66: N | AP66: N | AQ66: D | AS66: 주선 | AT66: N | AV66: 0 | AX66: N | AY66: 1011 | AZ66: ㈜이엘에스솔루션 | BC66: 수출 | BD66: 반제품 | BE66: 운송료 | BF66: N | BI66: N | BK66: N | BM66: GLC00263 | BN66: 부산신항 [GB]아산 2포장장 부산신항 | BO66: 0 | BP66: N | BQ66: KRBNP | BR66: 부산신항 | BT66: N | BW66: __:__ | BX66: 2026-06-02 07:53:08 | BY66: H000_GB | CK66: N | CP66: HJNCP | CQ66: Y | CS66: DGTBC | CT66: Y | CV66: 0 | CY66: 계열 | DA66: 01)17:35 | DB66: 01)17:35 | DC66: 02)07:44 | DE66: 46176 | DH66: 1023500 | DN66: 0 | DO66: 0 | DP66: N | DS66: 임지언 | DV66: 컨테이너_수출 | DW66: 5010001 | DX66: 0
B67: 128 | E67: W260601-00000688 | F67: X260601-001267 | G67: Y260601-001267 | H67: 운송완료 | I67: 정산실적생성 | J67: 수출 | K67: 46175 | L67: 10:00 | M67: KR04401885 | N67: KR04401885 | O67: KMD | P67: 고려해운 | Q67: KRPNC | R67: INKTP | S67: INKAT | T67: [GB]아산 2포장장 | U67: KIN | V67: 대신 | W67: 현대글로비스주식회사 | X67: TEMU6692025 | Y67: 4510 | Z67: KSC835322 | AA67: 보기 | AB67: 인천98아4008 | AC67: 윤근영 | AD67: 01030054008 | AE67: FLFL4008 | AG67: 46179 | AH67: 46178 | AI67: N | AK67: N | AP67: N | AQ67: D | AS67: 주선 | AT67: N | AV67: 0 | AX67: N | AY67: 1011 | AZ67: ㈜이엘에스솔루션 | BC67: 수출 | BD67: 반제품 | BE67: 운송료 | BF67: N | BI67: N | BK67: N | BM67: GLC00263 | BN67: 부산신항 [GB]아산 2포장장 부산신항 | BO67: 0 | BP67: N | BQ67: KRBNP | BR67: 부산신항 | BT67: N | BW67: __:__ | BX67: 2026-06-02 07:53:20 | BY67: H000_GB | CK67: N | CP67: DGTBC | CQ67: Y | CS67: DGTBC | CT67: Y | CV67: 0 | CY67: 계열 | DA67: 01)17:35 | DB67: 01)17:35 | DC67: 02)07:44 | DE67: 46176 | DH67: 1023500 | DN67: 0 | DO67: 0 | DP67: N | DS67: 임지언 | DV67: 컨테이너_수출 | DW67: 5010001 | DX67: 0
B68: 127 | E68: W260601-00000688 | F68: X260601-001266 | G68: Y260601-001266 | H68: 운송완료 | I68: 정산실적생성 | J68: 수출 | K68: 46175 | L68: 09:00 | M68: KR04401885 | N68: KR04401885 | O68: KMD | P68: 고려해운 | Q68: KRPNC | R68: INKTP | S68: INKAT | T68: [GB]아산 2포장장 | U68: KIN | V68: 자차 | W68: 현대글로비스주식회사 | X68: KMTU9514380 | Y68: 4510 | Z68: KSC835440 | AA68: 보기 | AB68: 대구98바3558 | AC68: 문성진 | AD68: 01036465666 | AE68: SYSY3558 | AG68: 46179 | AH68: 46178 | AI68: N | AK68: N | AP68: N | AQ68: D | AS68: 주선 | AT68: N | AV68: 0 | AX68: N | AY68: 1011 | AZ68: ㈜이엘에스솔루션 | BC68: 수출 | BD68: 반제품 | BE68: 운송료 | BF68: N | BI68: N | BK68: N | BM68: GLC00263 | BN68: 부산신항 [GB]아산 2포장장 부산신항 | BO68: 0 | BP68: N | BQ68: KRBNP | BR68: 부산신항 | BT68: N | BW68: __:__ | BX68: 2026-06-01 18:10:23 | BY68: H000_GB | CK68: N | CP68: DGTBC | CQ68: Y | CS68: DGTBC | CT68: Y | CV68: 0 | CY68: 계열 | DA68: 01)17:35 | DB68: 01)17:35 | DC68: 01)17:36 | DE68: 46176 | DH68: 1023500 | DN68: 0 | DO68: 0 | DP68: N | DS68: 임지언 | DV68: 컨테이너_수출 | DW68: 5010001 | DX68: 0
A69: 세방(주) | B69: 126 | E69: W260601-00000687 | F69: X260601-001265 | G69: Y260601-001265 | H69: 배차확정 | I69: 미생성 | J69: 수출 | K69: 46174 | L69: 19:00 | M69: D713CJ044 | N69: D713CJ044 | O69: MAE | P69: 머스크 | Q69: KRPUS | R69: USMOB | S69: INKAT | T69: [GA]아산 1포장장 (공성실업) | U69: KIN | W69: 현대글로비스주식회사 | X69: TCKU7120760 | Y69: 4510 | Z69: KR1235408 | AA69: 보기 | AB69: 경기99아1365 | AC69: 이주환 | AD69: 01041316728 | AE69: SMSM1365 | AG69: 44926 | AH69: 44926 | AI69: N | AK69: N | AP69: N | AQ69: D | AS69: 주선 | AT69: N | AV69: 0 | AX69: N | AY69: 1011 | AZ69: ㈜이엘에스솔루션 | BC69: 수출 | BD69: 반제품 | BE69: 운송료 | BF69: N | BI69: N | BK69: N | BM69: GLC00003 | BN69: 부산신항 [GA]아산 1포장장 (공성실업) 부산신항 | BP69: N | BQ69: KRBNP | BR69: 부산신항 | BT69: N | BW69: __:__ | BX69: 2026-06-01 17:48:37 | BY69: H000_GA | CK69: Y | CL69: B000016649 | CM69: B015&이지스녹산 | CP69: HJNCP | CQ69: Y | CR69: 2026-05-30 12:23:00 | CS69: PNCOC | CT69: Y | CV69: 0 | CY69: 계열 | DA69: 01)17:29 | DB69: 01)17:29 | DC69: 01)17:40 | DH69: 1023500 | DN69: 0 | DO69: 0 | DP69: N | DS69: 김송미 | DV69: 컨테이너_수출 | DW69: 5010001 | DX69: 0
A70: 세방(주) | B70: 125 | E70: W260601-00000651 | F70: X260601-001121 | G70: Y260601-001121 | H70: 운송완료 | I70: 정산실적생성 | J70: 수출 | K70: 46175 | L70: 14:00 | M70: CMA2605270018 | N70: CMA2605270018 | O70: CMA | P70: CMA-CGM | S70: USSAV | T70: [GB]아산 2포장장 (오토쎌) | U70: KAGA | V70: 자차 | W70: 현대글로비스주식회사 | X70: CMAU9917058 | Y70: 4510 | Z70: M6524888 | AA70: 보기 | AB70: 경북98아8163 | AC70: 피재갑 | AD70: 01044534566 | AE70: KDBE8163 | AK70: N | AP70: N | AQ70: D | AS70: 주선 | AT70: N | AV70: 0 | AX70: N | AY70: 1011 | AZ70: ㈜이엘에스솔루션 | BC70: 수출 | BD70: 반제품 | BE70: 운송료 | BF70: N | BI70: N | BK70: N | BM70: GLC00263 | BN70: 부산신항 [GB]아산 2포장장 부산신항 | BO70: 0 | BP70: N | BQ70: KRBNP | BR70: 부산신항 | BT70: N | BW70: __:__ | BX70: 2026-06-01 23:16:43 | BY70: H000_GB | CK70: Y | CL70: B000016649 | CM70: B015&이지스두동 | CN70: 2 | CP70: BNCTC | CQ70: Y | CT70: N | CV70: 0 | CY70: 계열 | DA70: 01)16:32 | DB70: 01)16:32 | DC70: 01)22:57 | DD70: 01)22:56 | DE70: 46175 | DH70: 1023500 | DN70: 0 | DO70: 0 | DP70: N | DS70: 박승기 | DV70: 컨테이너_수출 | DW70: 5010001 | DX70: 0
B71: 124 | E71: W260601-00000650 | F71: X260601-001122 | G71: Y260601-001122 | H71: 운송완료 | I71: 정산실적생성 | J71: 수출 | K71: 46175 | L71: 15:00 | M71: SELG82718800 | N71: SELG82718800 | O71: ONE | P71: 오션네트워크익스프레스 | S71: USMOB | T71: [GC]아산 3포장장 (아산YSP) | U71: HMMA | V71: 이지 | W71: 현대글로비스주식회사 | X71: ONEU1573240 | Y71: 4510 | Z71: KRAX55279 | AA71: 보기 | AB71: 충남99사9582 | AC71: 손승식 | AD71: 01094488116 | AE71: ROAD9582 | AK71: N | AP71: N | AQ71: D | AS71: 주선 | AT71: N | AV71: 0 | AX71: N | AY71: 1011 | AZ71: ㈜이엘에스솔루션 | BC71: 수출 | BD71: 반제품 | BE71: 운송료 | BF71: N | BI71: N | BK71: N | BM71: GLC00022 | BN71: 부산신항 [GC]아산 3포장장 (아산YSP) 부산신항 | BP71: N | BQ71: KRBNP | BR71: 부산신항 | BT71: N | BW71: __:__ | BX71: 2026-06-02 13:43:33 | BY71: H000_GC | CK71: N | CP71: HJNCP | CQ71: Y | CT71: N | CV71: 0 | CY71: 계열 | DA71: 01)16:32 | DB71: 01)16:32 | DC71: 02)13:42 | DE71: 46176 | DH71: 1002200 | DN71: 0 | DO71: 0 | DP71: N | DS71: 박승기 | DV71: 컨테이너_수출 | DW71: 5010001 | DX71: 0
B72: 123 | E72: W260601-00000649 | F72: X260601-001123 | G72: Y260601-001123 | H72: 운송완료 | I72: 정산실적생성 | J72: 수출 | K72: 46175 | L72: 08:00 | M72: SELG82718800 | N72: SELG82718800 | O72: ONE | P72: 오션네트워크익스프레스 | S72: USMOB | T72: [GB]아산 2포장장 (오토쎌) | U72: HMMA | V72: 자차 | W72: 현대글로비스주식회사 | X72: TRHU4019894 | Y72: 4510 | Z72: KRAX73898 | AA72: 보기 | AB72: 부산98사2885 | AC72: 강성욱 | AD72: 01028163959 | AE72: KOKO2885 | AK72: N | AP72: N | AQ72: D | AS72: 주선 | AT72: N | AV72: 0 | AX72: N | AY72: 1011 | AZ72: ㈜이엘에스솔루션 | BC72: 수출 | BD72: 반제품 | BE72: 운송료 | BF72: N | BI72: N | BK72: N | BM72: GLC00263 | BN72: 부산신항 [GB]아산 2포장장 부산신항 | BO72: 0 | BP72: N | BQ72: KRBNP | BR72: 부산신항 | BT72: N | BW72: __:__ | BX72: 2026-06-01 17:27:04 | BY72: H000_GB | CK72: N | CP72: HJNCP | CQ72: Y | CT72: N | CV72: 0 | CY72: 계열 | DA72: 01)16:32 | DB72: 01)16:32 | DC72: 01)16:44 | DE72: 46176 | DH72: 1023500 | DN72: 0 | DO72: 0 | DP72: N | DS72: 박승기 | DV72: 컨테이너_수출 | DW72: 5010001 | DX72: 0
A73: 세방(주) | B73: 122 | E73: W260601-00000648 | F73: X260601-001124 | G73: Y260601-001124 | H73: 운송완료 | I73: 정산실적생성 | J73: 수출 | K73: 46175 | L73: 10:00 | M73: SELG82718800 | N73: SELG82718800 | O73: ONE | P73: 오션네트워크익스프레스 | S73: USMOB | T73: [GB]아산 2포장장 (오토쎌) | U73: HMMA | V73: 자차 | W73: 현대글로비스주식회사 | X73: TEMU7511230 | Y73: 4510 | Z73: KRAX49603 | AA73: 보기 | AB73: 경기99사1487 | AC73: 박준일 | AD73: 01052330030 | AE73: LOVE1487 | AK73: N | AP73: N | AQ73: D | AS73: 주선 | AT73: N | AV73: 0 | AX73: N | AY73: 1011 | AZ73: ㈜이엘에스솔루션 | BC73: 수출 | BD73: 반제품 | BE73: 운송료 | BF73: N | BI73: N | BK73: N | BM73: GLC00263 | BN73: 부산신항 [GB]아산 2포장장 부산신항 | BO73: 0 | BP73: N | BQ73: KRBNP | BR73: 부산신항 | BT73: N | BW73: __:__ | BX73: 2026-06-01 17:31:37 | BY73: H000_GB | CA73: 2026-06-02 10:37:38 | CK73: Y | CL73: B000016649 | CM73: 신지우암 / SB청암 | CN73: 2 | CP73: HJNCP | CQ73: Y | CR73: 2026-06-01 17:33:00 | CT73: N | CV73: 0 | CY73: 계열 | DA73: 01)16:32 | DB73: 01)16:32 | DC73: 01)16:44 | DE73: 46175 | DH73: 1023500 | DN73: 0 | DO73: 0 | DP73: N | DS73: 박승기 | DV73: 컨테이너_수출 | DW73: 5010001 | DX73: 0
A74: 세방(주) | B74: 121 | E74: W260601-00000647 | F74: X260601-001125 | G74: Y260601-001125 | H74: 운송완료 | I74: 정산실적생성 | J74: 수출 | K74: 46175 | L74: 13:00 | M74: SELG82718800 | N74: SELG82718800 | O74: ONE | P74: 오션네트워크익스프레스 | S74: USMOB | T74: [GB]아산 2포장장 (오토쎌) | U74: HMMA | V74: 네슬리 | W74: 현대글로비스주식회사 | X74: ONEU6942151 | Y74: 4510 | Z74: KRAV28414 | AA74: 보기 | AB74: 부산99사4818 | AC74: 최성규 | AD74: 01026137635 | AE74: FLFL4818 | AK74: N | AP74: N | AQ74: D | AS74: 주선 | AT74: N | AV74: 0 | AX74: N | AY74: 1011 | AZ74: ㈜이엘에스솔루션 | BC74: 수출 | BD74: 반제품 | BE74: 운송료 | BF74: N | BI74: N | BK74: N | BM74: GLC00263 | BN74: 부산신항 [GB]아산 2포장장 부산신항 | BO74: 0 | BP74: N | BQ74: KRBNP | BR74: 부산신항 | BT74: N | BW74: __:__ | BX74: 2026-06-02 08:41:20 | BY74: H000_GB | CK74: Y | CL74: B000016649 | CM74: 신지우암 / SB청암 | CN74: 1 | CP74: HJNCP | CQ74: Y | CT74: N | CV74: 0 | CY74: 계열 | DA74: 01)16:32 | DB74: 01)16:32 | DC74: 02)08:39 | DE74: 46176 | DH74: 909100 | DN74: 0 | DO74: 0 | DP74: N | DS74: 박승기 | DV74: 컨테이너_수출 | DW74: 5010001 | DX74: 0
A75: 세방(주) | B75: 120 | E75: W260601-00000646 | F75: X260601-001126 | G75: Y260601-001126 | H75: 운송완료 | I75: 정산실적생성 | J75: 수출 | K75: 46175 | L75: 14:00 | M75: SELG82718800 | N75: SELG82718800 | O75: ONE | P75: 오션네트워크익스프레스 | S75: USMOB | T75: [GB]아산 2포장장 (오토쎌) | U75: HMMA | V75: 삼익 | W75: 현대글로비스주식회사 | X75: ONEU6964546 | Y75: 4510 | Z75: KRAT38517 | AA75: 보기 | AB75: 경기99바9684 | AC75: 김종덕 | AD75: 01062159234 | AE75: GSKW9684 | AK75: N | AP75: N | AQ75: D | AS75: 주선 | AT75: N | AV75: 0 | AX75: N | AY75: 1011 | AZ75: ㈜이엘에스솔루션 | BC75: 수출 | BD75: 반제품 | BE75: 운송료 | BF75: N | BI75: N | BK75: N | BM75: GLC00263 | BN75: 부산신항 [GB]아산 2포장장 부산신항 | BO75: 0 | BP75: N | BQ75: KRBNP | BR75: 부산신항 | BT75: N | BW75: __:__ | BX75: 2026-06-02 10:09:39 | BY75: H000_GB | CK75: Y | CL75: B000016649 | CM75: B015&이지스녹산 | CN75: 1 | CP75: HJNCP | CQ75: Y | CT75: N | CV75: 0 | CY75: 계열 | DA75: 01)16:32 | DB75: 01)16:32 | DC75: 02)10:06 | DE75: 46176 | DH75: 909100 | DN75: 0 | DO75: 0 | DP75: N | DS75: 박승기 | DV75: 컨테이너_수출 | DW75: 5010001 | DX75: 0
B76: 119 | E76: W260601-00000645 | F76: X260601-001127 | G76: Y260601-001127 | H76: 운송완료 | I76: 정산실적생성 | J76: 수출 | K76: 46175 | L76: 16:00 | M76: D713CJ044 | N76: D713CJ044 | O76: MAE | P76: 머스크 | S76: USMOB | T76: [GB]아산 2포장장 (오토쎌) | U76: HMMA | V76: 셔틀 | W76: 현대글로비스주식회사 | X76: MRSU8929626 | Y76: 4510 | Z76: KR1026690 | AA76: 보기 | AB76: 대전99바8680 | AC76: 유정근 | AD76: 01054848738 | AE76: D8808680 | AK76: N | AP76: N | AQ76: D | AS76: 주선 | AT76: N | AV76: 0 | AX76: N | AY76: 1011 | AZ76: ㈜이엘에스솔루션 | BC76: 수출 | BD76: 반제품 | BE76: 운송료 | BF76: N | BI76: N | BK76: N | BM76: GLC00058 | BN76: 의왕ICD [GB]아산 2포장장 (오토쎌) 부산신항 | BP76: N | BQ76: KRUWN | BR76: 의왕ICD | BT76: N | BW76: __:__ | BX76: 2026-06-02 14:36:11 | BY76: H000_GB | CK76: N | CP76: SECLC | CQ76: Y | CT76: N | CV76: 0 | CY76: 계열 | DA76: 01)16:32 | DB76: 01)16:32 | DC76: 02)14:35 | DE76: 46176 | DH76: 909100 | DN76: 0 | DO76: 0 | DP76: N | DS76: 박승기 | DV76: 컨테이너_수출 | DW76: 5010001 | DX76: 0
B77: 118 | E77: W260601-00000644 | F77: X260601-001128 | G77: Y260601-001128 | H77: 운송완료 | I77: 정산실적생성 | J77: 수출 | K77: 46175 | L77: 18:00 | M77: D713CJ044 | N77: D713CJ044 | O77: MAE | P77: 머스크 | S77: USMOB | T77: [GB]아산 2포장장 (오토쎌) | U77: HMMA | V77: 셔틀 | W77: 현대글로비스주식회사 | X77: MRSU6831179 | Y77: 4510 | Z77: KR1062100 | AA77: 보기 | AB77: 충북99바1096 | AC77: 김진동 | AD77: 01088034936 | AE77: GKIM1096 | AK77: N | AP77: N | AQ77: D | AS77: 주선 | AT77: N | AV77: 0 | AX77: N | AY77: 1011 | AZ77: ㈜이엘에스솔루션 | BC77: 수출 | BD77: 반제품 | BE77: 운송료 | BF77: N | BI77: N | BK77: N | BM77: GLC00058 | BN77: 의왕ICD [GB]아산 2포장장 (오토쎌) 부산신항 | BP77: N | BQ77: KRUWN | BR77: 의왕ICD | BT77: N | BW77: __:__ | BX77: 2026-06-02 15:54:40 | BY77: H000_GB | CK77: N | CP77: SECLC | CQ77: Y | CT77: N | CV77: 0 | CY77: 계열 | DA77: 01)16:32 | DB77: 01)16:32 | DC77: 02)14:40 | DE77: 46176 | DH77: 909100 | DN77: 0 | DO77: 0 | DP77: N | DS77: 박승기 | DV77: 컨테이너_수출 | DW77: 5010001 | DX77: 0
A78: 세방(주) | B78: 117 | E78: W260601-00000643 | F78: X260602-001419 | G78: Y260602-001419 | H78: 운송완료 | I78: 정산실적생성 | J78: 수출 | K78: 46175 | L78: 19:00 | M78: D713CJ044 | N78: D713CJ044 | O78: MAE | P78: 머스크 | S78: USMOB | T78: [GB]아산 2포장장 (오토쎌) | U78: HMMA | V78: 경평 | W78: 현대글로비스주식회사 | X78: TCKU6177885 | Y78: 4510 | Z78: KR0851474 | AA78: 보기 | AB78: 부산98바5442 | AC78: 조광현 | AD78: 01045867301 | AE78: CKHK5442 | AK78: N | AP78: N | AQ78: D | AS78: 주선 | AT78: N | AV78: 0 | AX78: N | AY78: 1011 | AZ78: ㈜이엘에스솔루션 | BC78: 수출 | BD78: 반제품 | BE78: 운송료 | BF78: N | BI78: N | BK78: N | BM78: GLC00058 | BN78: 의왕ICD [GB]아산 2포장장 (오토쎌) 부산신항 | BO78: 0 | BP78: N | BQ78: KRUWN | BR78: 의왕ICD | BT78: N | BW78: __:__ | BX78: 2026-06-02 13:39:40 | BY78: H000_GB | CK78: Y | CL78: B000016649 | CM78: 신지우암 / SB청암 | CN78: 1 | CP78: SECLC | CQ78: Y | CT78: N | CV78: 0 | CY78: 계열 | DA78: 02)08:43 | DB78: 02)08:43 | DC78: 02)13:38 | DE78: 46176 | DH78: 909100 | DN78: 0 | DO78: 0 | DP78: N | DS78: 박승기 | DV78: 컨테이너_수출 | DW78: 5010001 | DX78: 0
A79: 세방(주) | B79: 116 | E79: W260601-00000643 | F79: X260602-001418 | G79: Y260602-001418 | H79: 운송완료 | I79: 정산실적생성 | J79: 수출 | K79: 46175 | L79: 16:00 | M79: D713CJ044 | N79: D713CJ044 | O79: MAE | P79: 머스크 | S79: USMOB | T79: [GB]아산 2포장장 (오토쎌) | U79: HMMA | V79: CSS | W79: 현대글로비스주식회사 | X79: MRSU6245687 | Y79: 4510 | Z79: KR0851518 | AA79: 보기 | AB79: 부산98사2586 | AC79: 정택우 | AD79: 01094751840 | AE79: CSSU2586 | AK79: N | AP79: N | AQ79: D | AS79: 주선 | AT79: N | AV79: 0 | AX79: N | AY79: 1011 | AZ79: ㈜이엘에스솔루션 | BC79: 수출 | BD79: 반제품 | BE79: 운송료 | BF79: N | BI79: N | BK79: N | BM79: GLC00058 | BN79: 의왕ICD [GB]아산 2포장장 (오토쎌) 부산신항 | BO79: 0 | BP79: N | BQ79: KRUWN | BR79: 의왕ICD | BT79: N | BW79: __:__ | BX79: 2026-06-02 13:17:02 | BY79: H000_GB | CK79: Y | CL79: B000016649 | CM79: 신지우암 / SB청암 | CN79: 1 | CP79: SECLC | CQ79: Y | CT79: N | CV79: 0 | CY79: 계열 | DA79: 02)08:43 | DB79: 02)08:43 | DC79: 02)13:16 | DE79: 46176 | DH79: 909100 | DN79: 0 | DO79: 0 | DP79: N | DS79: 박승기 | DV79: 컨테이너_수출 | DW79: 5010001 | DX79: 0
A80: 세방(주) | B80: 115 | E80: W260601-00000643 | F80: X260602-001417 | G80: Y260602-001417 | H80: 운송완료 | I80: 정산실적생성 | J80: 수출 | K80: 46175 | L80: 19:00 | M80: D713CJ044 | N80: D713CJ044 | O80: MAE | P80: 머스크 | S80: USMOB | T80: [GB]아산 2포장장 (오토쎌) | U80: HMMA | V80: CSS | W80: 현대글로비스주식회사 | X80: MRSU3678826 | Y80: 4510 | Z80: KR0851520 | AA80: 보기 | AB80: 울산99바1433 | AC80: 방영삼 | AD80: 01057572458 | AE80: HIHI1433 | AK80: N | AP80: N | AQ80: D | AS80: 주선 | AT80: N | AV80: 0 | AX80: N | AY80: 1011 | AZ80: ㈜이엘에스솔루션 | BC80: 수출 | BD80: 반제품 | BE80: 운송료 | BF80: N | BI80: N | BK80: N | BM80: GLC00058 | BN80: 의왕ICD [GB]아산 2포장장 (오토쎌) 부산신항 | BO80: 0 | BP80: N | BQ80: KRUWN | BR80: 의왕ICD | BT80: N | BW80: __:__ | BX80: 2026-06-02 13:16:49 | BY80: H000_GB | CK80: Y | CL80: B000016649 | CM80: 신지우암 / SB청암 | CN80: 1 | CP80: SECLC | CQ80: Y | CT80: N | CV80: 0 | CY80: 계열 | DA80: 02)08:43 | DB80: 02)08:43 | DC80: 02)13:16 | DE80: 46176 | DH80: 909100 | DN80: 0 | DO80: 0 | DP80: N | DS80: 박승기 | DV80: 컨테이너_수출 | DW80: 5010001 | DX80: 0
A81: 세방(주) | B81: 114 | E81: W260601-00000643 | F81: X260602-001416 | G81: Y260602-001416 | H81: 운송완료 | I81: 정산실적생성 | J81: 수출 | K81: 46175 | L81: 20:00 | M81: D713CJ044 | N81: D713CJ044 | O81: MAE | P81: 머스크 | S81: USMOB | T81: [GB]아산 2포장장 (오토쎌) | U81: HMMA | V81: CSS | W81: 현대글로비스주식회사 | X81: TCLU8290959 | Y81: 4510 | Z81: KR0851478 | AA81: 보기 | AB81: 경남99사5301 | AC81: 이용환 | AD81: 01055006187 | AE81: KSKS5301 | AK81: N | AP81: N | AQ81: D | AS81: 주선 | AT81: N | AV81: 0 | AX81: N | AY81: 1011 | AZ81: ㈜이엘에스솔루션 | BC81: 수출 | BD81: 반제품 | BE81: 운송료 | BF81: N | BI81: N | BK81: N | BM81: GLC00058 | BN81: 의왕ICD [GB]아산 2포장장 (오토쎌) 부산신항 | BO81: 0 | BP81: N | BQ81: KRUWN | BR81: 의왕ICD | BT81: N | BW81: __:__ | BX81: 2026-06-02 14:34:37 | BY81: H000_GB | CK81: Y | CL81: B000016649 | CM81: B015&이지스녹산 | CN81: 1 | CP81: SECLC | CQ81: Y | CT81: N | CV81: 0 | CY81: 계열 | DA81: 02)08:42 | DB81: 02)08:42 | DC81: 02)14:33 | DE81: 46176 | DH81: 909100 | DN81: 0 | DO81: 0 | DP81: N | DS81: 박승기 | DV81: 컨테이너_수출 | DW81: 5010001 | DX81: 0
B82: 113 | E82: W260601-00000643 | F82: X260601-001129 | G82: Y260601-001129 | H82: 운송완료 | I82: 정산실적생성 | J82: 수출 | K82: 46175 | L82: 13:00 | M82: D713CJ044 | N82: D713CJ044 | O82: MAE | P82: 머스크 | S82: USLAX | T82: [GB]아산 2포장장 (오토쎌) | U82: KAGA | V82: 이지 | W82: 현대글로비스주식회사 | X82: MRSU4761262 | Y82: 4510 | Z82: KR1235405 | AA82: 보기 | AB82: 충남99사9324 | AC82: 이오선 | AD82: 01023708245 | AE82: MKMK9324 | AK82: N | AP82: N | AQ82: D | AS82: 주선 | AT82: N | AV82: 0 | AX82: N | AY82: 1011 | AZ82: ㈜이엘에스솔루션 | BC82: 수출 | BD82: 반제품 | BE82: 운송료 | BF82: N | BI82: N | BK82: N | BM82: GLC00058 | BN82: 의왕ICD [GB]아산 2포장장 (오토쎌) 부산신항 | BO82: 0 | BP82: N | BQ82: KRUWN | BR82: 의왕ICD | BT82: N | BW82: __:__ | BX82: 2026-06-02 12:12:12 | BY82: H000_GB | CK82: N | CP82: SECLC | CQ82: Y | CT82: N | CV82: 0 | CY82: 계열 | DA82: 01)16:32 | DB82: 01)16:32 | DC82: 02)12:11 | DE82: 46176 | DH82: 909100 | DN82: 0 | DO82: 0 | DP82: N | DS82: 박승기 | DV82: 컨테이너_수출 | DW82: 5010001 | DX82: 0
B83: 112 | E83: W260601-00000642 | F83: X260601-001130 | G83: Y260601-001130 | H83: 운송완료 | I83: 정산실적생성 | J83: 수출 | K83: 46175 | L83: 14:00 | M83: 005GX17204 | N83: 005GX17204 | O83: WHL | P83: Wanhai라인 | Q83: KRBNP | R83: INKAT | S83: INKAT | T83: [GB]아산 2포장장 (오토쎌) | U83: HMI/HMI PUNE | V83: 셔틀 | W83: 현대글로비스주식회사 | X83: WHSU5588423 | Y83: 4510 | Z83: WHLL317238 | AA83: 보기 | AB83: 충북99바1096 | AC83: 김진동 | AD83: 01088034936 | AE83: GKIM1096 | AP83: N | AQ83: D | AS83: 주선 | AT83: N | AV83: 0 | AX83: N | AY83: 1011 | AZ83: ㈜이엘에스솔루션 | BC83: 수출 | BD83: 반제품 | BE83: 운송료 | BF83: N | BI83: Y | BJ83: 2026-06-02 14:02:39 | BK83: Y | BM83: GLC00263 | BN83: 부산신항 [GB]아산 2포장장 부산신항 | BO83: 0 | BP83: N | BQ83: KRBNP | BR83: 부산신항 | BT83: N | BW83: __:__ | BX83: 2026-06-02 10:17:58 | BY83: H000_GB | CK83: N | CP83: DGTBC | CQ83: Y | CS83: DGTBC | CT83: Y | CV83: 0 | CW83: 15000 | CY83: 계열 | DA83: 01)16:32 | DB83: 01)16:32 | DC83: 02)10:17 | DD83: 01)17:41 | DE83: 46176 | DH83: 1023500 | DN83: 0 | DO83: 0 | DP83: N | DS83: 박승기 | DV83: 컨테이너_수출 | DW83: 5010001 | DX83: 0
B84: 111 | E84: W260601-00000641 | F84: X260601-001131 | G84: Y260601-001131 | H84: 운송완료 | I84: 정산실적생성 | J84: 수출 | K84: 46175 | L84: 08:00 | M84: 005GX17204 | N84: 005GX17204 | O84: IAL | P84: 인터아시아라인 | Q84: KRBNP | R84: INKAT | S84: INKAT | T84: [GB]아산 2포장장 (오토쎌) | U84: HMI/HMI PUNE | V84: 대신 | W84: 현대글로비스주식회사 | X84: IAAU1059775 | Y84: 4510 | Z84: IAAH857133 | AA84: 보기 | AB84: 광주98아1272 | AC84: 조인수 | AD84: 01062048754 | AE84: WJWJ1272 | AP84: N | AQ84: D | AS84: 주선 | AT84: N | AV84: 0 | AX84: N | AY84: 1011 | AZ84: ㈜이엘에스솔루션 | BC84: 수출 | BD84: 반제품 | BE84: 운송료 | BF84: N | BI84: N | BK84: N | BM84: GLC00263 | BN84: 부산신항 [GB]아산 2포장장 부산신항 | BO84: 0 | BP84: N | BQ84: KRBNP | BR84: 부산신항 | BT84: N | BW84: __:__ | BX84: 2026-06-02 07:54:15 | BY84: H000_GB | CK84: N | CP84: DGTBC | CQ84: Y | CS84: DGTBC | CT84: Y | CV84: 0 | CY84: 계열 | DA84: 01)16:32 | DB84: 01)16:32 | DC84: 02)07:44 | DD84: 01)16:54 | DE84: 46176 | DH84: 1023500 | DN84: 0 | DO84: 0 | DP84: N | DS84: 박승기 | DV84: 컨테이너_수출 | DW84: 5010001 | DX84: 0
A85: 세방(주) | B85: 110 | E85: W260601-00000640 | F85: X260601-001132 | G85: Y260601-001132 | H85: 운송완료 | I85: 정산실적생성 | J85: 수출 | K85: 46175 | L85: 18:00 | M85: SELA71117000 | N85: SELA71117000 | O85: HMM | P85: 에이치엠엠(주) | S85: INNSA | T85: [GB]아산 2포장장 (오토쎌) | U85: HMI/HMI PUNE | V85: 셔틀 | W85: 현대글로비스주식회사 | X85: HMMU6472262 | Y85: 4510 | Z85: 25H0413422 | AA85: 보기 | AB85: 부산98바5393 | AC85: 조병석 | AD85: 01038442452 | AE85: BSBS5393 | AK85: N | AP85: N | AQ85: D | AS85: 주선 | AT85: N | AV85: 0 | AX85: N | AY85: 1011 | AZ85: ㈜이엘에스솔루션 | BC85: 수출 | BD85: 반제품 | BE85: 운송료 | BF85: N | BI85: N | BK85: N | BM85: GLC00263 | BN85: 부산신항 [GB]아산 2포장장 부산신항 | BP85: N | BQ85: KRBNP | BR85: 부산신항 | BT85: N | BW85: __:__ | BX85: 2026-06-02 13:58:06 | BY85: H000_GB | CK85: Y | CL85: B000016649 | CM85: 신지우암 / SB청암 | CN85: 1 | CP85: HPNTC | CQ85: Y | CT85: N | CV85: 0 | CY85: 계열 | DA85: 01)16:32 | DB85: 01)16:32 | DC85: 02)13:56 | DE85: 46176 | DH85: 1023500 | DN85: 0 | DO85: 0 | DP85: N | DS85: 박승기 | DV85: 컨테이너_수출 | DW85: 5010001 | DX85: 0
A86: 세방(주) | B86: 109 | E86: W260601-00000639 | F86: X260601-001133 | G86: Y260601-001133 | H86: 운송완료 | I86: 정산실적생성 | J86: 수출 | K86: 46175 | L86: 09:00 | M86: CMA2605290009 | N86: CMA2605290009 | O86: CMA | P86: CMA-CGM | Q86: KRPUS | R86: SIKOP | S86: SIKOP | T86: [GA]아산 1포장장 (공성실업) | U86: KASK | V86: 자차 | W86: 현대글로비스주식회사 | X86: CMAU6470109 | Y86: 4510 | Z86: M6431505 | AA86: 보기 | AB86: 경기99바3976 | AC86: 윤대식 | AD86: 01090907883 | AE86: GOLD3976 | AP86: N | AQ86: D | AS86: 주선 | AT86: N | AV86: 0 | AX86: N | AY86: 1011 | AZ86: ㈜이엘에스솔루션 | BC86: 수출 | BD86: 반제품 | BE86: 운송료 | BF86: N | BI86: N | BK86: N | BM86: GLC00003 | BN86: 부산신항 [GA]아산 1포장장 (공성실업) 부산신항 | BO86: 0 | BP86: N | BQ86: KRBNP | BR86: 부산신항 | BT86: N | BW86: __:__ | BX86: 2026-06-01 18:32:35 | BY86: H000_GA | CA86: 2026-06-02 12:08:30 | CK86: Y | CL86: B000016649 | CM86: 신지우암 / SB청암 | CN86: 2 | CP86: BNCTC | CQ86: Y | CR86: 2026-06-01 18:23:00 | CS86: BNCTC | CT86: Y | CV86: 0 | CY86: 계열 | DA86: 01)16:32 | DB86: 01)16:32 | DC86: 01)16:44 | DE86: 46175 | DH86: 1023500 | DN86: 0 | DO86: 0 | DP86: N | DS86: 박승기 | DV86: 컨테이너_수출 | DW86: 5010001 | DX86: 0
A87: 세방(주) | B87: 108 | E87: W260601-00000638 | F87: X260601-001134 | G87: Y260601-001134 | H87: 운송완료 | I87: 정산실적생성 | J87: 수출 | K87: 46175 | L87: 10:30 | M87: CMA2605290009 | N87: CMA2605290009 | O87: CMA | P87: CMA-CGM | Q87: KRPUS | R87: SIKOP | S87: SIKOP | T87: [GA]아산 1포장장 (공성실업) | U87: KASK | V87: 자차 | W87: 현대글로비스주식회사 | X87: XHCU5375371 | Y87: 4510 | Z87: M6427291 | AA87: 보기 | AB87: 부산99사4852 | AC87: 김순철 | AD87: 01087448686 | AE87: JSGL4852 | AP87: N | AQ87: D | AS87: 주선 | AT87: N | AV87: 0 | AX87: N | AY87: 1011 | AZ87: ㈜이엘에스솔루션 | BC87: 수출 | BD87: 반제품 | BE87: 운송료 | BF87: N | BI87: N | BK87: N | BM87: GLC00003 | BN87: 부산신항 [GA]아산 1포장장 (공성실업) 부산신항 | BO87: 0 | BP87: N | BQ87: KRBNP | BR87: 부산신항 | BT87: N | BW87: __:__ | BX87: 2026-06-01 20:07:48 | BY87: H000_GA | CA87: 2026-06-02 10:34:51 | CK87: Y | CL87: B000016649 | CM87: 신지우암 / SB청암 | CN87: 2 | CP87: BNCTC | CQ87: Y | CR87: 2026-06-01 20:13:00 | CS87: BNCTC | CT87: Y | CV87: 0 | CY87: 계열 | DA87: 01)16:32 | DB87: 01)16:32 | DC87: 01)16:44 | DE87: 46175 | DH87: 1023500 | DN87: 0 | DO87: 0 | DP87: N | DS87: 박승기 | DV87: 컨테이너_수출 | DW87: 5010001 | DX87: 0
B88: 107 | E88: W260601-00000637 | F88: X260601-001135 | G88: Y260601-001135 | H88: 운송완료 | I88: 정산실적생성 | J88: 수출 | K88: 46175 | L88: 13:00 | M88: CMA2605290009 | N88: CMA2605290009 | O88: CMA | P88: CMA-CGM | Q88: KRPUS | R88: SIKOP | S88: SIKOP | T88: [GA]아산 1포장장 (공성실업) | U88: KASK | V88: 자차 | W88: 현대글로비스주식회사 | X88: TGBU7700043 | Y88: 4510 | Z88: M6513294 | AA88: 보기 | AB88: 경북98사1145 | AC88: 김현수 | AD88: 01074705405 | AE88: KDBE1145 | AP88: N | AQ88: D | AS88: 주선 | AT88: N | AV88: 0 | AX88: N | AY88: 1011 | AZ88: ㈜이엘에스솔루션 | BC88: 수출 | BD88: 반제품 | BE88: 운송료 | BF88: N | BI88: N | BK88: N | BM88: GLC00003 | BN88: 부산신항 [GA]아산 1포장장 (공성실업) 부산신항 | BO88: 0 | BP88: N | BQ88: KRBNP | BR88: 부산신항 | BT88: N | BW88: __:__ | BX88: 2026-06-01 21:05:56 | BY88: H000_GA | CK88: N | CP88: BNCTC | CQ88: Y | CS88: BNCTC | CT88: Y | CV88: 0 | CY88: 계열 | DA88: 01)16:32 | DB88: 01)16:32 | DC88: 01)16:43 | DE88: 46176 | DH88: 1023500 | DN88: 0 | DO88: 0 | DP88: N | DS88: 박승기 | DV88: 컨테이너_수출 | DW88: 5010001 | DX88: 0
B89: 106 | E89: W260601-00000636 | F89: X260601-001136 | G89: Y260601-001136 | H89: 운송완료 | I89: 정산실적생성 | J89: 수출 | K89: 46175 | L89: 13:00 | M89: CMA2605290009 | N89: CMA2605290009 | O89: CMA | P89: CMA-CGM | Q89: KRPUS | R89: SIKOP | S89: SIKOP | T89: [GA]아산 1포장장 (공성실업) | U89: KASK | V89: 자차 | W89: 현대글로비스주식회사 | X89: ECMU4937157 | Y89: 4510 | Z89: M6427428 | AA89: 보기 | AB89: 경남99바4922 | AC89: 이명열 | AD89: 01053830311 | AE89: FSFS4922 | AP89: N | AQ89: D | AS89: 주선 | AT89: N | AV89: 0 | AX89: N | AY89: 1011 | AZ89: ㈜이엘에스솔루션 | BC89: 수출 | BD89: 반제품 | BE89: 운송료 | BF89: N | BI89: N | BK89: N | BM89: GLC00003 | BN89: 부산신항 [GA]아산 1포장장 (공성실업) 부산신항 | BO89: 0 | BP89: N | BQ89: KRBNP | BR89: 부산신항 | BT89: N | BW89: __:__ | BX89: 2026-06-02 08:06:00 | BY89: H000_GA | CA89: 2026-06-02 12:52:04 | CK89: N | CP89: BNCTC | CQ89: Y | CR89: 2026-06-01 21:57:00 | CS89: BNCTC | CT89: Y | CV89: 0 | CY89: 계열 | DA89: 01)16:32 | DB89: 01)16:32 | DC89: 01)16:43 | DE89: 46175 | DH89: 1023500 | DN89: 0 | DO89: 0 | DP89: N | DS89: 박승기 | DV89: 컨테이너_수출 | DW89: 5010001 | DX89: 0
A90: 세방(주) | B90: 105 | E90: W260601-00000635 | F90: X260602-001394 | G90: Y260602-001394 | H90: 운송완료 | I90: 정산실적생성 | J90: 수출 | K90: 46175 | L90: 15:00 | M90: CMA2605290009 | N90: CMA2605290009 | O90: CMA | P90: CMA-CGM | S90: SIKOP | T90: [GA]아산 1포장장 (공성실업) | U90: KASK | V90: 셔틀 | W90: 현대글로비스주식회사 | X90: CAIU9693443 | Y90: 4510 | Z90: R8715619 | AA90: 보기 | AB90: 경남99바7955 | AC90: 김종구 | AD90: 01094806279 | AE90: GMLC7955 | AK90: N | AP90: N | AQ90: D | AS90: 주선 | AT90: N | AV90: 0 | AX90: N | AY90: 1011 | AZ90: ㈜이엘에스솔루션 | BC90: 수출 | BD90: 반제품 | BE90: 운송료 | BF90: N | BI90: N | BK90: N | BM90: GLC00003 | BN90: 부산신항 [GA]아산 1포장장 (공성실업) 부산신항 | BO90: 0 | BP90: N | BQ90: KRBNP | BR90: 부산신항 | BT90: N | BW90: __:__ | BX90: 2026-06-02 14:34:41 | BY90: H000_GA | CK90: Y | CL90: B000016649 | CM90: 신지우암 / SB청암 | CN90: 1 | CP90: BNCTC | CQ90: Y | CT90: N | CV90: 0 | CY90: 계열 | DA90: 02)08:16 | DB90: 02)08:16 | DC90: 02)13:57 | DE90: 46176 | DH90: 1023500 | DN90: 0 | DO90: 0 | DP90: N | DS90: 박승기 | DV90: 컨테이너_수출 | DW90: 5010001 | DX90: 0
A91: 세방(주) | B91: 104 | E91: W260601-00000635 | F91: X260602-001393 | G91: Y260602-001393 | H91: 운송완료 | I91: 정산실적생성 | J91: 수출 | K91: 46175 | L91: 15:00 | M91: CMA2605290009 | N91: CMA2605280010 | O91: CMA | P91: CMA-CGM | S91: SIKOP | T91: [GA]아산 1포장장 (공성실업) | U91: HMMC | V91: 대신 | W91: 현대글로비스주식회사 | X91: CMAU9938277 | Y91: 4510 | Z91: M6412752 | AA91: 보기 | AB91: 충북98바3520 | AC91: 한만복 | AD91: 01067506750 | AE91: DSDS3520 | AK91: N | AP91: N | AQ91: D | AS91: 주선 | AT91: N | AV91: 0 | AX91: N | AY91: 1011 | AZ91: ㈜이엘에스솔루션 | BC91: 수출 | BD91: 반제품 | BE91: 운송료 | BF91: N | BI91: N | BK91: N | BM91: GLC00003 | BN91: 부산신항 [GA]아산 1포장장 (공성실업) 부산신항 | BO91: 0 | BP91: N | BQ91: KRBNP | BR91: 부산신항 | BT91: N | BW91: __:__ | BX91: 2026-06-02 13:14:31 | BY91: H000_GA | CK91: Y | CL91: B000016649 | CM91: 신지우암 / SB청암 | CN91: 1 | CP91: BNCTC | CQ91: Y | CT91: N | CV91: 0 | CY91: 계열 | DA91: 02)08:16 | DB91: 02)08:16 | DC91: 02)14:17 | DD91: 02)14:17 | DE91: 46176 | DH91: 1023500 | DN91: 0 | DO91: 0 | DP91: N | DS91: 박승기 | DV91: 컨테이너_수출 | DW91: 5010001 | DX91: 0
A92: 세방(주) | B92: 103 | E92: W260601-00000635 | F92: X260602-001392 | G92: Y260602-001392 | H92: 운송완료 | I92: 정산실적생성 | J92: 수출 | K92: 46175 | L92: 16:00 | M92: CMA2605290009 | N92: CMA2605280010 | O92: CMA | P92: CMA-CGM | S92: SIKOP | T92: [GA]아산 1포장장 (공성실업) | U92: HMMC | V92: 대신 | W92: 현대글로비스주식회사 | X92: TIIU4328076 | Y92: 4510 | Z92: M6631989 | AA92: 보기 | AB92: 부산98사1046 | AC92: 박상현 | AD92: 01045663902 | AE92: SJLU1046 | AK92: N | AP92: N | AQ92: D | AS92: 주선 | AT92: N | AV92: 0 | AX92: N | AY92: 1011 | AZ92: ㈜이엘에스솔루션 | BC92: 수출 | BD92: 반제품 | BE92: 운송료 | BF92: N | BI92: N | BK92: N | BM92: GLC00003 | BN92: 부산신항 [GA]아산 1포장장 (공성실업) 부산신항 | BO92: 0 | BP92: N | BQ92: KRBNP | BR92: 부산신항 | BT92: N | BW92: __:__ | BX92: 2026-06-02 13:14:18 | BY92: H000_GA | CK92: Y | CL92: B000016649 | CM92: 신지우암 / SB청암 | CN92: 1 | CP92: DGTBC | CQ92: Y | CT92: N | CV92: 0 | CY92: 계열 | DA92: 02)08:16 | DB92: 02)08:16 | DC92: 02)14:15 | DD92: 02)14:14 | DE92: 46176 | DH92: 1023500 | DN92: 0 | DO92: 0 | DP92: N | DS92: 박승기 | DV92: 컨테이너_수출 | DW92: 5010001 | DX92: 0
A93: 세방(주) | B93: 102 | E93: W260601-00000635 | F93: X260602-001391 | G93: Y260602-001391 | H93: 운송완료 | I93: 정산실적생성 | J93: 수출 | K93: 46175 | L93: 16:00 | M93: CMA2605290009 | N93: CMA2605290009 | O93: CMA | P93: CMA-CGM | S93: SIKOP | T93: [GA]아산 1포장장 (공성실업) | U93: KASK | V93: 신승 | W93: 현대글로비스주식회사 | X93: CMAU8673403 | Y93: 4510 | Z93: R8791742 | AA93: 보기 | AB93: 부산99바8947 | AC93: 이경재 | AD93: 01024257372 | AE93: CSSU8947 | AK93: N | AP93: N | AQ93: D | AS93: 주선 | AT93: N | AV93: 0 | AX93: N | AY93: 1011 | AZ93: ㈜이엘에스솔루션 | BC93: 수출 | BD93: 반제품 | BE93: 운송료 | BF93: N | BI93: N | BK93: N | BM93: GLC00003 | BN93: 부산신항 [GA]아산 1포장장 (공성실업) 부산신항 | BO93: 0 | BP93: N | BQ93: KRBNP | BR93: 부산신항 | BT93: N | BW93: __:__ | BX93: 2026-06-02 14:52:37 | BY93: H000_GA | CK93: Y | CL93: B000016649 | CM93: B015&이지스녹산 | CN93: 1 | CP93: BNCTC | CQ93: Y | CT93: N | CV93: 0 | CY93: 계열 | DA93: 02)08:16 | DB93: 02)08:16 | DC93: 02)14:52 | DE93: 46176 | DH93: 1023500 | DN93: 0 | DO93: 0 | DP93: N | DS93: 박승기 | DV93: 컨테이너_수출 | DW93: 5010001 | DX93: 0
A94: 세방(주) | B94: 101 | E94: W260601-00000635 | F94: X260601-001137 | G94: Y260601-001137 | H94: 운송완료 | I94: 정산실적생성 | J94: 수출 | K94: 46175 | L94: 18:00 | M94: CMA2605290009 | N94: CMA2605290009 | O94: CMA | P94: CMA-CGM | S94: SIKOP | T94: [GA]아산 1포장장 (공성실업) | U94: KASK | V94: 신승 | W94: 현대글로비스주식회사 | X94: CMAU6179686 | Y94: 4510 | Z94: R8858747 | AA94: 보기 | AB94: 경기98아6471 | AC94: 박은탁 | AD94: 01086369572 | AE94: FYOU6471 | AK94: N | AP94: N | AQ94: D | AS94: 주선 | AT94: N | AV94: 0 | AX94: N | AY94: 1011 | AZ94: ㈜이엘에스솔루션 | BC94: 수출 | BD94: 반제품 | BE94: 운송료 | BF94: N | BI94: N | BK94: N | BM94: GLC00003 | BN94: 부산신항 [GA]아산 1포장장 (공성실업) 부산신항 | BO94: 0 | BP94: N | BQ94: KRBNP | BR94: 부산신항 | BT94: N | BW94: __:__ | BX94: 2026-06-02 14:50:47 | BY94: H000_GA | CK94: Y | CL94: B000016649 | CM94: 신지우암 / SB청암 | CN94: 1 | CP94: BNCTC | CQ94: Y | CT94: N | CV94: 0 | CY94: 계열 | DA94: 01)16:32 | DB94: 01)16:32 | DC94: 02)14:50 | DE94: 46176 | DH94: 1023500 | DN94: 0 | DO94: 0 | DP94: N | DS94: 박승기 | DV94: 컨테이너_수출 | DW94: 5010001 | DX94: 0
A95: 세방(주) | B95: 100 | E95: W260601-00000634 | F95: X260601-001138 | G95: Y260601-001138 | H95: 운송완료 | I95: 정산실적생성 | J95: 수출 | K95: 46175 | L95: 08:00 | M95: CMA2605290009 | N95: CMA2605290009 | O95: CMA | P95: CMA-CGM | S95: SIKOP | T95: [GA]아산 1포장장 (공성실업) | U95: KASK | V95: 셔틀 | W95: 현대글로비스주식회사 | X95: DRYU9980526 | Y95: 4510 | Z95: M6431541 | AA95: 보기 | AB95: 부산99사5218 | AC95: 강영석 | AD95: 01033698558 | AE95: D8805218 | AK95: N | AP95: N | AQ95: D | AS95: 주선 | AT95: N | AV95: 0 | AX95: N | AY95: 1011 | AZ95: ㈜이엘에스솔루션 | BC95: 수출 | BD95: 반제품 | BE95: 운송료 | BF95: N | BI95: N | BK95: N | BM95: GLC00003 | BN95: 부산신항 [GA]아산 1포장장 (공성실업) 부산신항 | BP95: N | BQ95: KRBNP | BR95: 부산신항 | BT95: N | BW95: __:__ | BX95: 2026-06-01 16:43:59 | BY95: H000_GA | CK95: Y | CL95: B000016649 | CM95: 신지우암 / SB청암 | CN95: 1 | CP95: BNCTC | CQ95: Y | CR95: 2026-06-01 15:48:00 | CT95: N | CV95: 0 | CY95: 계열 | DA95: 01)16:32 | DB95: 01)16:32 | DC95: 01)16:43 | DE95: 46176 | DH95: 1023500 | DN95: 0 | DO95: 0 | DP95: N | DS95: 박승기 | DV95: 컨테이너_수출 | DW95: 5010001 | DX95: 0
A96: 세방(주) | B96: 99 | E96: W260601-00000633 | F96: X260601-001139 | G96: Y260601-001139 | H96: 운송완료 | I96: 정산실적생성 | J96: 수출 | K96: 46175 | L96: 10:30 | M96: CMA2605290009 | N96: CMA2605290009 | O96: CMA | P96: CMA-CGM | S96: SIKOP | T96: [GA]아산 1포장장 (공성실업) | U96: HMMC | V96: 대신 | W96: 현대글로비스주식회사 | X96: TCLU6486177 | Y96: 4510 | Z96: M6427435 | AA96: 보기 | AB96: 충남98사1980 | AC96: 서정환 | AD96: 01035598694 | AE96: JHJH1980 | AK96: N | AP96: N | AQ96: D | AS96: 주선 | AT96: N | AV96: 0 | AX96: N | AY96: 1011 | AZ96: ㈜이엘에스솔루션 | BC96: 수출 | BD96: 반제품 | BE96: 운송료 | BF96: N | BI96: N | BK96: N | BM96: GLC00003 | BN96: 부산신항 [GA]아산 1포장장 (공성실업) 부산신항 | BP96: N | BQ96: KRBNP | BR96: 부산신항 | BT96: N | BW96: __:__ | BX96: 2026-06-02 07:54:30 | BY96: H000_GA | CK96: Y | CL96: B000016649 | CM96: B015&이지스두동 | CN96: 1 | CP96: BNCTC | CQ96: Y | CT96: N | CV96: 0 | CY96: 계열 | DA96: 01)16:32 | DB96: 01)16:32 | DC96: 02)07:46 | DE96: 46176 | DH96: 1023500 | DN96: 0 | DO96: 0 | DP96: N | DS96: 박승기 | DV96: 컨테이너_수출 | DW96: 5010001 | DX96: 0
A97: 세방(주) | B97: 98 | E97: W260601-00000632 | F97: X260601-001140 | G97: Y260601-001140 | H97: 운송완료 | I97: 정산실적생성 | J97: 수출 | K97: 46175 | L97: 13:00 | M97: CMA2605290009 | N97: CMA2605290009 | O97: CMA | P97: CMA-CGM | S97: SIKOP | T97: [GA]아산 1포장장 (공성실업) | U97: HMMC | V97: 대신 | W97: 현대글로비스주식회사 | X97: TCKU6205890 | Y97: 4510 | Z97: M6427445 | AA97: 보기 | AB97: 부산98사3985 | AC97: 서재혁 | AD97: 01045988694 | AE97: JHJH3985 | AK97: N | AP97: N | AQ97: D | AS97: 주선 | AT97: N | AV97: 0 | AX97: N | AY97: 1011 | AZ97: ㈜이엘에스솔루션 | BC97: 수출 | BD97: 반제품 | BE97: 운송료 | BF97: N | BI97: N | BK97: N | BM97: GLC00003 | BN97: 부산신항 [GA]아산 1포장장 (공성실업) 부산신항 | BP97: N | BQ97: KRBNP | BR97: 부산신항 | BT97: N | BW97: __:__ | BX97: 2026-06-02 07:54:42 | BY97: H000_GA | CK97: Y | CL97: B000016649 | CM97: B015&이지스두동 | CN97: 1 | CP97: BNCTC | CQ97: Y | CT97: N | CV97: 0 | CY97: 계열 | DA97: 01)16:32 | DB97: 01)16:32 | DC97: 02)07:46 | DE97: 46176 | DH97: 1023500 | DN97: 0 | DO97: 0 | DP97: N | DS97: 박승기 | DV97: 컨테이너_수출 | DW97: 5010001 | DX97: 0
A98: 세방(주) | B98: 97 | E98: W260601-00000631 | F98: X260601-001141 | G98: Y260601-001141 | H98: 운송완료 | I98: 정산실적생성 | J98: 수출 | K98: 46175 | L98: 14:00 | M98: CMA2605290009 | N98: CMA2605290009 | O98: CMA | P98: CMA-CGM | S98: SIKOP | T98: [GA]아산 1포장장 (공성실업) | U98: HMMC | V98: 대신 | W98: 현대글로비스주식회사 | X98: FFAU4365735 | Y98: 4510 | Z98: M6431625 | AA98: 보기 | AB98: 대구99바2913 | AC98: 차점수 | AD98: 01038127010 | AE98: FSFS2913 | AK98: N | AP98: N | AQ98: D | AS98: 주선 | AT98: N | AV98: 0 | AX98: N | AY98: 1011 | AZ98: ㈜이엘에스솔루션 | BC98: 수출 | BD98: 반제품 | BE98: 운송료 | BF98: N | BI98: N | BK98: N | BM98: GLC00003 | BN98: 부산신항 [GA]아산 1포장장 (공성실업) 부산신항 | BP98: N | BQ98: KRBNP | BR98: 부산신항 | BT98: N | BW98: __:__ | BX98: 2026-06-02 07:54:54 | BY98: H000_GA | CK98: Y | CL98: B000016649 | CM98: B015&이지스두동 | CN98: 1 | CP98: BNCTC | CQ98: Y | CT98: N | CV98: 0 | CY98: 계열 | DA98: 01)16:32 | DB98: 01)16:32 | DC98: 02)07:46 | DE98: 46176 | DH98: 1023500 | DN98: 0 | DO98: 0 | DP98: N | DS98: 박승기 | DV98: 컨테이너_수출 | DW98: 5010001 | DX98: 0
B99: 96 | E99: W260601-00000630 | F99: X260601-001142 | G99: Y260601-001142 | H99: 운송완료 | I99: 정산실적생성 | J99: 수출 | K99: 46175 | L99: 08:00 | M99: CMA2605290009 | N99: CMA2605290009 | O99: CMA | P99: CMA-CGM | Q99: KRPUS | R99: SIKOP | S99: SIKOP | T99: [GA]아산 1포장장 (공성실업) | U99: HMMC | V99: 자차 | W99: 현대글로비스주식회사 | X99: TEMU7191964 | Y99: 4510 | Z99: M6431670 | AA99: 보기 | AB99: 부산99바7157 | AC99: 현우진 | AD99: 01062228360 | AE99: DSDS7157 | AP99: N | AQ99: D | AS99: 주선 | AT99: N | AV99: 0 | AX99: N | AY99: 1011 | AZ99: ㈜이엘에스솔루션 | BC99: 수출 | BD99: 반제품 | BE99: 운송료 | BF99: N | BI99: N | BK99: N | BM99: GLC00003 | BN99: 부산신항 [GA]아산 1포장장 (공성실업) 부산신항 | BO99: 0 | BP99: N | BQ99: KRBNP | BR99: 부산신항 | BT99: N | BW99: __:__ | BX99: 2026-06-01 17:41:33 | BY99: H000_GA | CK99: N | CP99: BNCTC | CQ99: Y | CR99: 2026-06-01 17:47:00 | CS99: BNCTC | CT99: Y | CV99: 0 | CY99: 계열 | DA99: 01)16:32 | DB99: 01)16:32 | DC99: 01)16:43 | DE99: 46176 | DH99: 1023500 | DN99: 0 | DO99: 0 | DP99: N | DS99: 박승기 | DV99: 컨테이너_수출 | DW99: 5010001 | DX99: 0
A100: 세방(주) | B100: 95 | E100: W260601-00000629 | F100: X260601-001143 | G100: Y260601-001143 | H100: 운송완료 | I100: 정산실적생성 | J100: 수출 | K100: 46175 | L100: 08:00 | M100: CMA2605290009 | N100: CMA2605290009 | O100: CMA | P100: CMA-CGM | Q100: KRPUS | R100: SIKOP | S100: SIKOP | T100: [GA]아산 1포장장 (공성실업) | U100: HMMC | V100: 자차 | W100: 현대글로비스주식회사 | X100: CMAU9717743 | Y100: 4510 | Z100: M431649 | AA100: 보기 | AB100: 부산98사7354 | AC100: 최경도 | AD100: 01039029092 | AE100: SMSM7354 | AP100: N | AQ100: D | AS100: 주선 | AT100: N | AV100: 0 | AX100: N | AY100: 1011 | AZ100: ㈜이엘에스솔루션 | BC100: 수출 | BD100: 반제품 | BE100: 운송료 | BF100: N | BI100: N | BK100: N | BM100: GLC00003 | BN100: 부산신항 [GA]아산 1포장장 (공성실업) 부산신항 | BO100: 0 | BP100: N | BQ100: KRBNP | BR100: 부산신항 | BT100: N | BW100: __:__ | BX100: 2026-06-01 18:51:59 | BY100: H000_GA | CA100: 2026-06-02 08:29:11 | CK100: Y | CL100: B000016649 | CM100: 신지우암 / SB청암 | CN100: 2 | CP100: BNCTC | CQ100: Y | CR100: 2026-06-01 18:43:00 | CS100: BNCTC | CT100: Y | CV100: 0 | CY100: 계열 | DA100: 01)16:32 | DB100: 01)16:32 | DC100: 01)16:43 | DE100: 46175 | DH100: 1023500 | DN100: 0 | DO100: 0 | DP100: N | DS100: 박승기 | DV100: 컨테이너_수출 | DW100: 5010001 | DX100: 0
...

Sheet GLAPS정리
A1: GLPAS선사 (해당 코드만 사용!!) I/F | B1: CKD선사(메일오더) | C1: CKD선사(시스템) | D1: GLPAS선사(해당 코드만 사용!!) I/F | E1: GLOVE 선사코드 | G1: CKD | L1: CKD /KIA | S1: 국가 | U1: POD코드 | V1: KD용~ | AC1: 1.터미널 코드 | AJ1: LOCATION | AK1: DESCRIPTION | AL1: 구분 | AM1: KD보낼값 | AO1: 지역 | AP1: 코드 | AQ1: 이름 | AR1: 상세주소 | AS1: 배후단지 | AU1: 화주 | AV1: 코드 | AX1: 운송사 | AY1: CODE | AZ1: BP | BB1: 오더(KD기준) | BC1: GLAPS | BG1: GLAPS 코드 | BH1: 엑셀 입력값 | BI1: GLAPS 코드 | BJ1: DESCRIPTION | BK1: LOCATION | BL1: GLAPS 포트 | BM1: 구분 | BN1: KD보낼값 | BO1: 비고 | BP1: 임시 시행업체 | BR1: 권역 | BS1: 포장협력사 | BT1: GLOVE 코드 | BU1: CKD시스템 코드 | BV1: CKD시스템
A2: KMD | B2: KMTC | C2: [KM] KMTC | D2: KMD | E2: S106 | G2: 포장장 | H2: CODE | I2: 주소 | J2: 비고 | L2: CONSIGNEE | M2: CODE | N2: TEAM | O2: 지역 | S2: DUBAI | T2: 두바이 | U2: AEDXB | V2: 국가 | W2: POD코드 | AC2: 지역 | AD2: 터미널명칭 | AE2: Location CODE | AF2: Location Description | AG2: 특이사항 | AJ2: 03002007 | AK2: 부산세관 신항지정장치장 | AL2: KRBNP_ZONE | AM2: [KRBNP]BUSAN(NEW) | AO2: 신항 | AP2: B015_SBSWH | AQ2: SB송정CY | AR2: 부산 강서구 송정동 870-5, 송정W/H | AS2: 녹산 | AU2: 현대글로비스 | AV2: KR10 | AX2: 천일 | AY2: B050 | AZ2: B000029339 | BB2: BUSAN | BC2: KRBNX | BD2: 부산북항 | BG2: 로케이션 | BH2: KCTDC(신) | BI2: KCTDC | BJ2: 부산세관 신항지정장치장 | BK2: 03002007 | BL2: KRBNP | BM2: KRBNP_ZONE | BN2: [KRBNP]BUSAN(NEW) | BV2: 실출하지 코드
A3: EMA | B3: EVERGREEN | C3: [EG] EVERGREEN | D3: EMA | E3: S258 | G3: 아산 1포장장 | H3: H000_GA | I3: 충남 아산시 인주면 인주산단로 75-60 | J3: 아산1센터 | L3: KASK | M3: SK02 | N3: 100760 | O3: 유럽 | P3: 기아 슬로바키아 | S3: JEBEL ALI | T3: 재밸알리 | U3: AEJEA | V3: 싱가폴 | W3: SGSIN | AC3: 부산 신항 | AD3: 다목적 | AE3: 03077003 | AF3: 부산신항다목적터미날(주) | AG3: 다목적 | AJ3: 03077003 | AK3: 부산신항다목적터미날(주) | AL3: KRBNP_ZONE | AM3: [KRBNP]BUSAN(NEW) | AP3: B015_SBIGS | AQ3: 이지스녹산 | AR3: 부산시 강서구 녹산산업북로 119 이지스녹산 | AS3: 녹산 | AU3: 현대자동차 | AX3: 광미로지스 | AY3: G002 | AZ3: B000007246 | BB3: BUSAN(NEW) | BC3: KRBNP | BD3: 부산신항 | BG3: 로케이션 | BH3: 다목적(신) | BI3: PNDKC | BJ3: 부산신항다목적터미날(주) | BK3: 03077003 | BL3: KRBNP | BM3: KRBNP_ZONE | BN3: [KRBNP]BUSAN(NEW) | BR3: 충청남도(1센터) | BS3: 아산 1포장장 (공성실업) | BT3: H000_GA | BU3: GA | BV3: EAS
A4: ONE | B4: ONE | C4: [ON] ONE | D4: ONE | E4: LA0317 | G4: 아산 2포장장 | H4: H000_GB | I4: 충남 아산시 인주면 인주산단로 75-60 | J4: 아산1센터 | L4: KMS | M4: SK02 | N4: 100760 | O4: 유럽 | P4: 기아 슬로바키아 | S4: Belgium | T4: 벨기애 | U4: BEANR | V4: 모빌 | W4: USMOB | AD4: HJNC | AE4: 03077006 | AF4: 한진부산컨테이너터미널 (HJNC) | AG4: 한진 | AJ4: 03077006 | AK4: 한진부산컨테이너터미널 (HJNC) | AL4: KRBNP_ZONE | AM4: [KRBNP]BUSAN(NEW) | AP4: B015_SBNSC | AQ4: 서측CY | AR4: 경상남도 창원시 진해구 수도동 301번지 | AS4: 웅동 | AU4: 모비스 | AV4: B000034432 | AX4: 한타 | AY4: B590 | AZ4: B000004409 | BB4: PYONGTAEK | BC4: KRPTK | BD4: 평택항 | BG4: 로케이션 | BH4: HJNC(신) | BI4: HJNCP | BJ4: 한진부산컨테이너터미널 (HJNC) | BK4: 03077006 | BL4: KRBNP | BM4: KRBNP_ZONE | BN4: [KRBNP]BUSAN(NEW) | BR4: 충청남도(1센터) | BS4: 아산 2포장장 (오토쎌) | BT4: H000_GB | BU4: GB | BV4: EAS
A5: MAE | B5: MAERSK | C5: [MA] MAERSK | D5: MAE | E5: S024 | G5: 아산 3포장장 | H5: H000_GC | I5: 충청남도 아산시 음봉면 아산밸리로388번길 186 | J5: 아산2센터 | L5: ADM | M5: GA3067 | N5: 100760 | O5: 유럽 | P5: ADM JIZZAKH | Q5: QINGDAO, XINGANG 김장훈 KIA | S5: ANTWERP | T5: 앤트워프 | U5: BEANR | V5: 브라질 | W5: BRSSZ | AD5: HPNT | AE5: 03077011 | AF5: 현대부산신항만 (HPNT) | AG5: 현대 | AJ5: 03077007 | AK5: 한진해운신항만㈜자유무역지역 | AL5: KRBNP_ZONE | AM5: [KRBNP]BUSAN(NEW) | AP5: B015_SEJEN | AQ5: 제니스 | AR5: 부산광역시 강서구 송정동 1711-4 세방제니스CY | AS5: 녹산 | AX5: 스타국제물류㈜ | AY5: B675 | AZ5: B000017449 | BB5: 의왕ICD | BC5: KRUWN | BD5: 의왕(부곡) | BG5: 로케이션 | BI5: HJNCF | BJ5: 한진해운신항만㈜자유무역지역 | BK5: 03077007 | BL5: KRBNP | BM5: KRBNP_ZONE | BN5: [KRBNP]BUSAN(NEW) | BR5: 충청남도(2센터) | BS5: 아산 3포장장 (아산YSP) | BT5: H000_GC | BU5: GC | BV5: EAS1
A6: CMA | B6: CMA | C6: [CM] CMA | D6: CMA | E6: E234 | G6: KCC 글라스 | H6: H000_KC | I6: 세종특별자치시 전의면 산단길 134 | L6: ADM JIZZAKH | M6: GA3067 | N6: 100760 | O6: 유럽 | P6: ADM JIZZAKH | Q6: QINGDAO, XINGANG 김장훈 KIA | S6: ATLANTA | T6: 아틀란타 | U6: ATL | V6: 코퍼 | W6: SIKOP | AD6: PNIT | AE6: 03077013 | AF6: 부산신항국제터미널 (PNIT) | AG6: 국제 | AJ6: 03077011 | AK6: 현대부산신항만 (HPNT) | AL6: KRBNP_ZONE | AM6: [KRBNP]BUSAN(NEW) | AP6: B015_SBCAM | AQ6: 청암신항 | AR6: 부산 강서구 송정동1196-1 SB청암신항 | AS6: 녹산 | AX6: ELS솔루션 | AY6: E1487 | AZ6: B000005273 | BB6: ULSAN | BC6: KRUSN(신항) ,KRONS(정일) 수기정정 | BD6: 울산신항 | BG6: 로케이션 | BH6: HPNT(신) | BI6: HPNTC | BJ6: 현대부산신항만 (HPNT) | BK6: 03077011 | BL6: KRBNP | BM6: KRBNP_ZONE | BN6: [KRBNP]BUSAN(NEW) | BR6: 충청남도 | BS6: KAC (KCC글라스세종) | BT6: H000_KC | BU6: KC | BV6: KAC
A7: WHL | B7: WANHAI LINE | C7: [WL] WANHAI LINE | D7: WHL | E7: S199 | G7: 경림 3공장 | H7: H000_YK | I7: 충남 아산시 신창면 서부북로 397-8 (3공장) | J7: 3공장 | L7: INALFA EUROPE | M7: F000019206 | N7: 100760 | O7: 유럽 | P7: Inalfa Roof Systems BV | S7: FREMANTLE | T7: 프리맨탈 | U7: AUFRE | V7: 조지아 | W7: USSAV | AD7: BNCT | AE7: 03077026 | AF7: BUSAN NEW CONTAINER TERMINAL (BNCT) | AG7: 고려 | AJ7: 03077012 | AK7: 현대부산신항만㈜CFS | AL7: KRBNP_ZONE | AM7: [KRBNP]BUSAN(NEW) | AP7: B015_KOSENAG | AQ7: 코센코안골 | AR7: 경상남도 창원시 진해구 안골로89번길 106 코센코안골CY | AS7: 웅동 | AX7: 세방 | AY7: B015 | AZ7: B000016649 | BB7: KRONS | BC7: KRONS | BD7: 울산정일 | BG7: 로케이션 | BI7: HMMCY | BJ7: 현대부산신항만㈜CFS | BK7: 03077012 | BL7: KRBNP | BM7: KRBNP_ZONE | BN7: [KRBNP]BUSAN(NEW) | BR7: 충청남도 | BS7: 경림 3공장 | BT7: H000_YK | BU7: KC | BV7: EGL
A8: CNC | B8: CNC | C8: [CN] CNC | D8: CNC | E8: E234 | G8: 경림 2공장 | H8: H000_YK2 | I8: 충남 아산시 신창면 서부북로 82 (2공장) | J8: 2공장 | L8: Kia Kazakhstan | M8: F000018551 | N8: 100760 | O8: 유럽 | P8: 기아 카자흐스탄 | S8: SYDNEY | T8: 시드니 | U8: AUSYD | V8: 인니 | W8: IDTPP | AD8: PNC | AE8: 03077102 | AF8: 부산신항만 주식회사(PNC) | AG8: 부산 | AJ8: 03077013 | AK8: 부산신항국제터미널 (PNIT) | AL8: KRBNP_ZONE | AM8: [KRBNP]BUSAN(NEW) | AP8: B590_HTSJ | AQ8: 한타송정CY | AR8: 부산광역시 강서구 송정동 1190-32 | AS8: 녹산 | AX8: 유니팩 | AY8: Y132 | AZ8: B000003280 | BB8: GUNSAN | BC8: KRKUV | BD8: 군산 | BG8: 로케이션 | BH8: PNIT(신) | BI8: PNITC | BJ8: 부산신항국제터미널 (PNIT) | BK8: 03077013 | BL8: KRBNP | BM8: KRBNP_ZONE | BN8: [KRBNP]BUSAN(NEW) | BR8: 충청남도 | BS8: 경림 2공장 | BT8: H000_YK2 | BU8: KC | BV8: EGL
A9: COH | B9: CO HEUNG | C9: [CH] CO HEUNG | D9: COH | E9: S682 | G9: 셀맥 팽성 | H9: H000_SM | I9: 경기도 평택시 팽성읍 추팔산단 1길 64 | J9: 팽성공장 | L9: DWI | M9: I584 | N9: 100760 | O9: 유럽 | P9: 주식회사 포스코인터내셔널 | S9: CHATTOGRAM | T9: 치타공 | U9: BDCGP | V9: 인도 | W9: INKAT | AD9: BCT | AE9: 03077126 | AF9: 부산컨테이너터미널 (BCT) | AG9: BCT | AJ9: 03077026 | AK9: BUSAN NEW CONTAINER TERMINAL (BNCT) | AL9: KRBNP_ZONE | AM9: [KRBNP]BUSAN(NEW) | AP9: B590_HTSH | AQ9: 신항CY | AR9: 경남 창원시 진해구 용원동 1337-7 | AS9: 웅동 | AX9: 현성로지스틱 | AY9: U415 | AZ9: B000034663 | BB9: KWANGYANG | BC9: KRKAN | BD9: 광양항 | BG9: 로케이션 | BH9: BNCT(신) | BI9: BNCTC | BJ9: BUSAN NEW CONTAINER TERMINAL (BNCT) | BK9: 03077026 | BL9: KRBNP | BM9: KRBNP_ZONE | BN9: [KRBNP]BUSAN(NEW) | BR9: 경기도 | BS9: 셀맥 팽성 | BT9: H000_SM | BU9: KC | BV9: ESM
A10: NSL | B10: 남성해운 | C10: [NS] 남성해운 | D10: NSL | E10: S101 | G10: 셀맥 오성 | H10: H000_SM2 | I10: 경기도 평택시 오성면 오성서로 168 | J10: 오성공장 | L10: HMMC | M10: HMMC | N10: 100760 | O10: 유럽 | P10: Hyundai Motor Manufactiring Czech | S10: Chittagong | T10: 치타공 | U10: BDCGP | V10: LA | W10: USLAX | AD10: DGT | AE10: 03077135 | AF10: 동원글로벌터미널부산(DGT) | AG10: 동원 | AJ10: 03077102 | AK10: 부산신항만 주식회사(PNC) | AL10: KRBNP_ZONE | AM10: [KRBNP]BUSAN(NEW) | AP10: B590_HTBGDC | AQ10: BGDC | AR10: 경상남도 창원시 진해구 신항4로 15-77 | AS10: 웅동 | AX10: 선진TLS | AY10: K587 | AZ10: B000026065 | BB10: KRINC | BC10: KRINC | BD10: 인천항 | BG10: 로케이션 | BH10: PNC(신) | BI10: PNCOC | BJ10: 부산신항만 주식회사(PNC) | BK10: 03077102 | BL10: KRBNP | BM10: KRBNP_ZONE | BN10: [KRBNP]BUSAN(NEW) | BR10: 경기도 | BS10: 셀맥 오성 | BT10: H000_SM2 | BU10: KC | BV10: ESM
A11: SKR | B11: 장금상선 | C11: [JS] 장금상선 | D11: SKR | E11: S056 | G11: 전주 뷰텍 2포장장 | H11: H000_JB | I11: 전북 완주군 봉동읍 완주산단7로 107 | J11: 뷰텍2포장장 | L11: MAGNA | M11: F000018792 | N11: 100760 | O11: 유럽 | P11: 마그나 오토모티브 | S11: DHAKA | T11: 다카 | U11: BDDAC | V11: 터키 | W11: TREVY | AC11: 부산 북항 | AE11: 03012219 | AF11: 인터지스 감만 터미널 (BGCT) | AJ11: 03077126 | AK11: 부산컨테이너터미널(주) | AL11: KRBNP_ZONE | AM11: [KRBNP]BUSAN(NEW) | AP11: B590_HTDWL | AQ11: DWL(대우로지스) | AR11: 경남 창원시 진해구 신항9로 136 | AS11: 웅동 | AX11: 구산물류 | AY11: B124 | AZ11: B000005189 | BB11: KRINC_FRY | BC11: KRINF | BD11: 인천항국제여객터미널 | BG11: 로케이션 | BH11: BCT(신) | BI11: BCTHD | BJ11: 부산컨테이너터미널(주) | BK11: 03077126 | BL11: KRBNP | BM11: KRBNP_ZONE | BN11: [KRBNP]BUSAN(NEW) | BR11: 전라북도 | BS11: 전주 뷰텍(2포장장) | BT11: H000_JB | BU11: JB | BV11: FJJ
A12: MSC | B12: MSC | C12: [MS] MSC | D12: MSC | E12: S071 | G12: 전주 뷰텍 1포장장 | H12: H000_JC | I12: 전라북도 완주군 봉동읍 완주산단2로 268 | J12: 뷰텍1포장장 | L12: HAOS | M12: HMCIST | N12: 100760 | O12: 유럽 | P12: HYUNDAI ASSAN OTOMOTIV SANAYI VE TICARET | S12: SANTOS | T12: 브라질 | U12: BRSSZ | V12: 슬로박 | W12: SIKOP | AD12: KCTC우암 | AE12: 03012257 | AF12: KCTC-우암터미널 (UTC) | AG12: 부산 남구 우암로 225 | AJ12: 03077135 | AK12: 동원글로벌컨테이너부산 | AL12: KRBNP_ZONE | AM12: [KRBNP]BUSAN(NEW) | AP12: E922_DAEWOO | AQ12: 대우로지스 | AR12: 경남 창원시 진해구 남문동 1190-1 | AS12: 웅동 | AX12: 성보 | AY12: B414 | AZ12: B000016289 | BB12: KRINC_NEW | BC12: KRINN | BD12: 인천신항 | BG12: 로케이션 | BH12: DGT(신) | BI12: DGTBC | BJ12: 동원글로벌컨테이너부산 | BK12: 03077135 | BL12: KRBNP | BM12: KRBNP_ZONE | BN12: [KRBNP]BUSAN(NEW) | BR12: 전라북도 | BS12: 전주 뷰텍(1포장장) | BT12: H000_JC | BU12: JC | BV12: FJJ
A13: HLC | B13: HAPAG LLOYD | C13: [HL] HAPAG LLOYD | D13: HLC | E13: S028 | G13: 금호타이어 | H13: H000_GG | I13: 광주광역시 광산구 어등대로 658 (어룡동 / 소촌동 센터 단가동일) | L13: HMTR | M13: HMCIST | N13: 100760 | O13: 유럽 | P13: HYUNDAI ASSAN OTOMOTIV SANAYI VE TICARET | Q13: HAOS->HMTR 명칭변경 | S13: MARKHAM | T13: 멀캄 | U13: CAMAK | V13: AMBARLI | W13: TRAMB | AD13: 7부두 | AE13: 03012343 | AF13: 인터지스 CY 7부두 | AG13: 7부두 | AJ13: 03078001 | AK13: 씨스테인웨그 | AL13: KRBNP_ZONE | AM13: [KRBNP]BUSAN(NEW) | AP13: E922_DGT | AQ13: 동원글로벌터미널 | AR13: 경상남도 창원시 진해구 신항로 633 | AS13: 웅동 | AX13: 현대모비스 | AY13: S013 | AZ13: B000034432 | BB13: INCHEON | BC13: KRINC(인천항) ,KRINF(여객), KRINN(신항) 수기정정 | BG13: 창고&영업소 | BH13: 씨스테인(신) | BI13: 03078001 | BJ13: 씨스테인웨그 | BK13: 03078001 | BL13: KRBNP | BM13: KRBNP_ZONE | BN13: [KRBNP]BUSAN(NEW) | BR13: 전라남도 | BS13: 금호타이어 | BT13: H000_GG | BU13: KC | BV13: GGJ
A14: HMM | B14: 현대상선 | C14: [HS] 현대상선 | D14: HMM | E14: S010 | G14: 광양 금호타이어 | H14: H000_GG1 | I14: 광양시 광양읍 초남공단3길 2 | L14: HMSG | M14: DH02 | N14: 100760 | O14: 유럽 | P14: Hyundai MotorSport GmbH | S14: MATADI | T14: 마타다이 | U14: CDMAT | V14: BREMERHAVEN | W14: DEBRV | AE14: 03002009 | AF14: 부산항국제여객터미널장치장 | AJ14: B015_KOSEN | AK14: 코센코물류 | AL14: KRBNP_ZONE | AM14: [KRBNP]BUSAN(NEW) | AX14: 한백뉴로텍 | AY14: N078 | AZ14: B000032574 | BG14: 창고&영업소 | BH14: 코센코(신) | BI14: B015KOSEN | BJ14: 코센코물류 | BK14: B015_KOSEN | BL14: KRBNP | BM14: KRBNP_ZONE | BN14: [KRBNP]BUSAN(NEW) | BR14: 전라남도 | BS14: 광양 금호타이어 | BT14: H000_GG1 | BU14: IH | BV14: HKY
A15: 성도글로비스 | B15: 성도글로비스 | C15: [CG] 성도글로비스 | D15: CG | E15: GA2650 | G15: 곡성 금호타이어 | H15: H000_GG2 | I15: 전라남도 곡성군 입면 금호길 85-63 금호타이어 | L15: HMMR | M15: HMMR | N15: 100760 | O15: 유럽 | P15: LLC"HYUNDAI MOTOR MANUFACTURING RUS"LIT. | S15: IQUIQUE | U15: CLIQQ | V15: BUTTERWORTH | W15: MYBTW | AE15: 03002010 | AF15: 제 1 부두 (부산) | AJ15: B015_KOSENAG | AK15: 코센코안골 CY | AL15: KRBNP_ZONE | AM15: [KRBNP]BUSAN(NEW) | AX15: 공성운수(주) | AY15: I022 | AZ15: B000007122 | BG15: 창고&영업소 | BH15: 코센코안골(신) | BI15: B015KOSENAG | BJ15: 코센코안골 CY | BK15: B015_KOSENAG | BL15: KRBNP | BM15: KRBNP_ZONE | BN15: [KRBNP]BUSAN(NEW) | BR15: 전라남도 | BS15: 곡성 금호타이어 | BT15: H000_GG2 | BU15: IH | BV15: KMH
A16: FERRY | B16: FERRY | C16: [PE] FERRY | D16: FERRY | E16: I216 | G16: GLS(첨단) | H16: H000_KG | I16: 광주광역시 북구 첨단연신로 279 (안전운임상 양산동 / 연제동) | L16: AGR | M16: HMMR | N16: 100760 | O16: 유럽 | P16: LLC"HYUNDAI MOTOR MANUFACTURING RUS"LIT. | Q16: (구 HMMR) | S16: Chile | T16: 칠레 | U16: CLSAI | V16: CHARLESTON | W16: USCHS | AE16: 03002199 | AF16: 제8부두 지정장치장 | AJ16: B015_SB1CY | AK16: SB1CY(세방) | AL16: KRBNP_ZONE | AM16: [KRBNP]BUSAN(NEW) | AX16: 동원 | AY16: E922 | AZ16: B000011469 | BG16: 창고&영업소 | BH16: 세방1CY(신) | BI16: B015SB1CY | BJ16: SB1CY(세방) | BK16: B015_SB1CY | BL16: KRBNP | BM16: KRBNP_ZONE | BN16: [KRBNP]BUSAN(NEW) | BR16: 전라남도 | BS16: GLS | BT16: H000_KG | BU16: KG | BV16: GGJ
A17: SLK | B17: SEALEAD | C17: [SL] SEALEAD | D17: SLK | E17: F000018181 | G17: 광주 YSP | H17: H000_KY | I17: 광주광역시 평동산단10번로 19 | L17: HTK | M17: GA2327 | N17: 100760 | O17: 유럽 | P17: Hyundai Trans Kazakhstan L.L.P | S17: HUANGPU PT | T17: 황푸 | U17: CNHUA | V17: CHATTOGRAM | W17: BDCGP | AE17: 03012003 | AF17: 부산진역철도보세창고 | AJ17: B015_SB2CY | AK17: SB2CY(세방) | AL17: KRBNP_ZONE | AM17: [KRBNP]BUSAN(NEW) | AX17: 머스크 | AY17: E866 | AZ17: B000032220 | BG17: 창고&영업소 | BH17: 세방2CY(신) | BI17: B015SB2CY | BJ17: SB2CY(세방) | BK17: B015_SB2CY | BL17: KRBNP | BM17: KRBNP_ZONE | BN17: [KRBNP]BUSAN(NEW) | BR17: 전라남도 | BS17: YSP | BT17: H000_KY | BU17: KY | BV17: GGJ
A18: SIT | B18: SITC | C18: [SI] SITC | D18: SIT | E18: S667 | G18: 울산 1포장장 | H18: H000_U1 | I18: 울산광역시 울주군 두서면 활천산업로 100 | L18: SEOYON SUMMIT AUTO | M18: F000019385(본사 직정산?확인할 것) | N18: 100760 | O18: 아태 | P18: 서연써밋오토모티브 | S18: LIANYUNGANG | T18: 린양강 | U18: CNLYG | V18: CHENNAI | W18: INMAA | AD18: BPT신선대 | AE18: 03077016 | AF18: 부산항터미널(주)신선대 (BPT신선대) | AG18: 신선대 | AJ18: B015_SBCAM | AK18: SB청암신항 | AL18: KRBNP_ZONE | AM18: [KRBNP]BUSAN(NEW) | AX18: 한솔로지스틱스 | AY18: S210 | AZ18: B000032695 | BG18: 창고&영업소 | BH18: 세방청암(신) | BI18: B015SBCAM | BJ18: SB청암신항 | BK18: B015_SBCAM | BL18: KRBNP | BM18: KRBNP_ZONE | BN18: [KRBNP]BUSAN(NEW) | BR18: 경상 | BS18: 울산 1포장장 (다원) | BT18: H000_U1 | BU18: U1 | BV18: UUS
A19: DYS | B19: 동영해운 | C19: [DY] 동영해운 | D19: DYS | E19: E1669 | G19: 울산 2포장장 | H19: H000_U2 | I19: 울산광역시 울주군 두서면 활천산업로 100 | L19: HMID | M19: GA2355 | N19: 100760 | O19: 아태 | P19: HYUNDAI MOTORS INDONESIA | S19: LUZHOU | U19: CNLZU | V19: CHU LAI | W19: VNC8Q | AD19: BPT감만 | AE19: 03012226 | AF19: 부산항터미널(주)감만 (BPT감만) | AG19: 감만 | AJ19: B015_SBCHW | AK19: 천우(세방) | AL19: KRBNP_ZONE | AM19: [KRBNP]BUSAN(NEW) | BG19: 창고&영업소 | BH19: 세방천우(신) | BI19: B015SBCHW | BJ19: 천우(세방) | BK19: B015_SBCHW | BL19: KRBNP | BM19: KRBNP_ZONE | BN19: [KRBNP]BUSAN(NEW) | BR19: 경상 | BS19: 울산 2포장장 (리바트) | BT19: H000_U2 | BU19: U2 | BV19: UUS
A20: HAS | B20: 흥아해운 | C20: [HA] 흥아해운 | D20: HAS | E20: LA2574 | G20: 울산 하나TPS | H20: H000_YH | I20: 울산광역시 울주군 두서면 활천산업로 160 | L20: HMMI | M20: GA1405 | N20: 100760 | O20: 아태 | P20: (주) 현대자동차 인도네시아 | S20: NANTONG | T20: 난퉁 | U20: CNNTG | V20: DA NANG | W20: VNDAD | AD20: HBCT | AE20: 03012240 | AF20: 한국허치슨터미널 (HBCT) | AG20: 오부두 | AJ20: B015_SBIGS | AK20: 이지스 두동(세방) | AL20: KRBNP_ZONE | AM20: [KRBNP]BUSAN(NEW) | BG20: 창고&영업소 | BH20: 세방이지스(신) | BI20: B015SBIGS | BJ20: 이지스 두동(세방) | BK20: B015_SBIGS | BL20: KRBNP | BM20: KRBNP_ZONE | BN20: [KRBNP]BUSAN(NEW) | BR20: 경상 | BS20: 하나 TPS | BT20: H000_YH | BU20: YH | BV20: UUS
A21: OOL | B21: OOCL | C21: [OC] OOCL | D21: OOL | E21: S117 | G21: 울산 PLS | H21: H000_YP | I21: 경북 경주시 외동읍 문산공단길 84-200 | L21: GII | M21: GA1453 | N21: 100760 | O21: 아태 | P21: PT GLOVIS INDONESIA INTERNATIONAL | S21: SHANGHAI | T21: 상하이 | U21: CNSHA | V21: DHAKA | W21: BDDAC | AE21: 03077061 | AF21: 천일용당CY | AJ21: B015_SBNPC | AK21: 세방신항쿨스 | AL21: KRBNP_ZONE | AM21: [KRBNP]BUSAN(NEW) | AW21: 반입지(DESTI~) 함수 | BG21: 창고&영업소 | BH21: 세방신항쿨스(신) | BI21: B015SBNPC | BJ21: 세방신항쿨스 | BK21: B015_SBNPC | BL21: KRBNP | BM21: KRBNP_ZONE | BN21: [KRBNP]BUSAN(NEW) | BR21: 경상북도 | BS21: PLS | BT21: H000_YP | BU21: YP | BV21: LGJ
A22: SML | B22: SM상선 | C22: [SM] SM상선 | D22: SML | E22: LA1082 | G22: 경주 유니팩 | H22: H000_YW2 | I22: 경북 경주시 외동읍 구어리 1414-2 (구어리) 경북경주시 외동읍 구어2산단로 1길 161 | J22: 경주 유니팩(냉천,구어,외동) | L22: CMC | M22: MC09 | N22: 100760 | O22: 아태 | P22: C.N.A Manufacturing Sdn. Bhd. | S22: QINGDAO | T22: 칭따오 | U22: CNTAO | V22: DJEN-DJEN | W22: DZDJE | AE22: 03077076 | AF22: (주)국보CY | AJ22: B015_SBNSC | AK22: 세방녹산쿨스 | AL22: KRBNP_ZONE | AM22: [KRBNP]BUSAN(NEW) | AW22: A (입력값) | AX22: B (결과코드) | BG22: 창고&영업소 | BH22: 세방녹산쿨스(신) | BI22: B015SBNSC | BJ22: 세방녹산쿨스 | BK22: B015_SBNSC | BL22: KRBNP | BM22: KRBNP_ZONE | BN22: [KRBNP]BUSAN(NEW) | BR22: 경상북도 | BS22: 경주 유니팩(냉천,구어,외동) | BT22: H000_YW2 | BU22: YW | BV22: LGJ
A23: COS | B23: COSCO | C23: [CO] COSCO | D23: COS | E23: S147 | G23: 울산 유니팩 | H23: H000_YW | I23: 울산광역시 울주군 두서면 활천 산업로 136 (활천리) | L23: KIA(PENANG) | M23: S103 | N23: 100760 | O23: 아태 | P23: 기아㈜ | Q23: CKD사업팀 김시온M PENANG | S23: WEIHAI | T23: 웨이하이 | U23: CNWEI | V23: ENNORE | W23: INENR | AD23: DPCT | AE23: 03012312 | AF23: 동부부산컨테이너터미널 (DPCT) | AG23: 동부감만 | AJ23: B015_SBSWH | AK23: 송정(세방) | AL23: KRBNP_ZONE | AM23: [KRBNP]BUSAN(NEW) | AW23: BUSAN(NEW) | AX23: KRPUS | BG23: 창고&영업소 | BH23: 세방송정(신) | BI23: B015SBSWH | BJ23: 송정(세방) | BK23: B015_SBSWH | BL23: KRBNP | BM23: KRBNP_ZONE | BN23: [KRBNP]BUSAN(NEW) | BR23: 경상 | BS23: 울산 유니팩(울산) | BT23: H000_YW | BU23: YW | BV23: UUS
A24: HSL | B24: 한성라인 | C24: [HG] 한성라인 | D24: HSL | E24: S897 | G24: KAC | H24: H000_KA | I24: 울산광역시 울주군 두서면 활천산업로 76 | L24: SMT | M24: LA3030 | N24: 100760 | O24: 아태 | P24: 수성특장㈜ | S24: XINGANG | T24: 신강 | U24: CNXGA | V24: ENSENADA | W24: MXESE | AD24: 신감만 | AE24: 03012010 | AF24: 신감만 한국허치슨(주)컨테이너 | AG24: 신감만오부두 | AJ24: B015_SBUNG | AK24: SB웅동 | AL24: KRBNP_ZONE | AM24: [KRBNP]BUSAN(NEW) | AW24: BUSAN | AX24: KRPUS | BG24: 창고&영업소 | BH24: 세방웅동(신) | BI24: B015SBUNG | BJ24: SB웅동 | BK24: B015_SBUNG | BL24: KRBNP | BM24: KRBNP_ZONE | BN24: [KRBNP]BUSAN(NEW) | BR24: 경상 | BS24: KAC(KCC글라스 울산) | BT24: H000_KA | BU24: IH | BV24: UKA
A25: DWS | B25: DOOWOO | C25: [OO] DOOWOO | D25: DWS | E25: S094 | G25: 베바스토 | H25: H000_BB | I25: 울산광역시 울주군 온산읍 처용산업로 6 | L25: EGY | M25: F000018228 | N25: 100760 | O25: 아태 | P25: EVMC | S25: XINGANG, CHINA | T25: 신강,차이나 | U25: CNXGG | V25: HAIPHONG | W25: VNHPH | AC25: 울산신항 | AD25: 울산신항 | AE25: 11012002 | AF25: 울산신항컨테이너터미널 | AJ25: B015_SEJEN | AK25: 세방&제니스CY | AL25: KRBNP_ZONE | AM25: [KRBNP]BUSAN(NEW) | AW25: PYONGTAEK | AX25: KRPTK | BG25: 창고&영업소 | BH25: 세방제니스(신) | BI25: B015SEJEN | BJ25: 세방&제니스CY | BK25: B015_SEJEN | BL25: KRBNP | BM25: KRBNP_ZONE | BN25: [KRBNP]BUSAN(NEW) | BR25: 경상 | BS25: 베바스토 | BT25: H000_BB | BU25: IH | BV25: UBB
A26: IAL | B26: IAL | C26: [IA] IAL | D26: IAL | E26: LA3632 | G26: 현대모비스 김천 | H26: H000_MK | I26: 경북 김천시 공단로 258-45 | J26: 현대모비스㈜ 김천공장 | L26: EVMC | M26: F000018228 | N26: 100760 | O26: 아태 | P26: EVMC | S26: ZHANGJIAGANG | T26: 장지강 | U26: CNZJG | V26: HAMBURG | W26: DEHAM | AE26: 11012003 | AF26: 유엔씨티 주식회사 | AJ26: B590_HTBCT | AK26: BCT(한타) | AL26: KRBNP_ZONE | AM26: [KRBNP]BUSAN(NEW) | AO26: 북항 | AP26: SGUM_CY | AQ26: 청암북항 | AR26: 부산광역시 남구 우암로 127 SB청암북항 | AS26: 북항 | AW26: KRPTK | AX26: KRPTK | BG26: 창고&영업소 | BH26: 한타BCT(신) | BI26: B590HTBCT | BJ26: BCT(한타) | BK26: B590_HTBCT | BL26: KRBNP | BM26: KRBNP_ZONE | BN26: [KRBNP]BUSAN(NEW) | BR26: 경상북도 | BS26: 현대모비스㈜ 김천공장 | BT26: H000_MK | BU26: IH | BV26: LKC
A27: JP | B27: JP | C27: [JP] JP | D27: JP | E27: B000118982 | G27: MIP | L27: PKT | M27: GA2409 | N27: 100760 | O27: 아태 | P27: PKT CONSOLIDATION SERVICE | S27: PUERTO CALDERA | U27: CRCAL | V27: HUANGPU PT | W27: CNHUA | AC27: 울산항 | AD27: 울산정일 | AE27: 11012030 | AF27: 정일부두 | AJ27: B590_HTBGDC | AK27: BGDC(한타) | AL27: KRBNP_ZONE | AM27: [KRBNP]BUSAN(NEW) | AP27: B015_SBEZY | AQ27: 이지콘CY | AR27: 부산 동구 성남로 27 이지콘CY | AS27: 북항 | AW27: ULSAN(NEW) | AX27: KRUSN | BG27: 창고&영업소 | BH27: 한타BGDC(신) | BI27: B590HTBGDC | BJ27: BGDC(한타) | BK27: B590_HTBGDC | BL27: KRBNP | BM27: KRBNP_ZONE | BN27: [KRBNP]BUSAN(NEW)
A28: YML | B28: YANG MING | C28: [YM] YANG MING | D28: YML | E28: E299 | G28: 포장장 | H28: CODE | I28: 주소 | J28: 비고 | L28: CM Industries | M28: LA4080 | N28: 100760 | O28: 아태 | P28: 씨엠인더스트리 유한회사(영업소) | S28: BREMERHAVEN | T28: 브레머하벤 | U28: DEBRV | V28: IQUIQUE | W28: CLIQQ | AC28: 인천/신항 | AD28: 한진인천 | AE28: 02012016 | AF28: 한진인천컨테이너터미널(주) | AJ28: B590_HTJS | AK28: 지사물류(한타) | AL28: KRBNP_ZONE | AM28: [KRBNP]BUSAN(NEW) | AW28: KRONS | AX28: KRONS | BG28: 창고&영업소 | BH28: 힌타지사물류(신) | BI28: B590HTJS | BJ28: 지사물류(한타) | BK28: B590_HTJS | BL28: KRBNP | BM28: KRBNP_ZONE | BN28: [KRBNP]BUSAN(NEW)
A29: WDF | B29: 위동항운 | C29: [WD] 위동항운 | D29: WDF | E29: S669 | G29: 서영(경주) | H29: S009_H01 | I29: 경북 경주시 외동읍 문산리282 | L29: HTCV | M29: GA0151 | N29: 100760 | O29: 아태 | P29: HYUNDAI THANH CONG COMMERCIAL VEHIC | S29: HAMBURG | T29: 함부르크, 독일 | U29: DEHAM | V29: ISTANBUL | W29: TRIST | AD29: 선광신인천 | AE29: 02012014 | AF29: 선광신컨테이너터미널 보세창고 | AJ29: B590_HTNS | AK29: 녹산CY(한타) | AL29: KRBNP_ZONE | AM29: [KRBNP]BUSAN(NEW) | AW29: GUNSAN | AX29: KRKUV | BG29: 창고&영업소 | BH29: 한타녹산(신) | BI29: B590HTNS | BJ29: 녹산CY(한타) | BK29: B590_HTNS | BL29: KRBNP | BM29: KRBNP_ZONE | BN29: [KRBNP]BUSAN(NEW)
A30: TSL | B30: TS LINES | C30: [TL] TS LINES | D30: TSL | E30: E659 | G30: 서영(아산) | H30: S009_H02 | I30: 충남 아산시 인주면 걸매리 1020 | J30: 아산서영 | L30: HTMV | M30: VH07 | N30: 100760 | O30: 아태 | P30: Hyundai Thanh Cong Viet Nam Auto Ma | S30: DJEN-DJEN | U30: DZDJE | V30: IZMIT KORFEZI | W30: TRIZT | AD30: 선광인천 | AE30: 02012230 | AF30: 선광 인천 터미널 (ISCT | AJ30: B590_HTSH | AK30: 신항CY(한타) | AL30: KRBNP_ZONE | AM30: [KRBNP]BUSAN(NEW) | AW30: KWANGYANG | AX30: KRKAN | BG30: 창고&영업소 | BH30: 한타신항(신) | BI30: B590HTSH | BJ30: 신항CY(한타) | BK30: B590_HTSH | BL30: KRBNP | BM30: KRBNP_ZONE | BN30: [KRBNP]BUSAN(NEW)
G31: 울산공장 | H31: S009_H06 | I31: 울산광역시 북구 효문동 염포로 700 | L31: HTC | M31: GA1328 | N31: 100760 | O31: 아태 | P31: 현대 탄콩 베트남 주식회사 | S31: GUAYAQUIL | T31: 과야킬 | U31: ECGYE | V31: JAKARTA | W31: JAKAR | AC31: 인천/북항 | AE31: 02012012 | AF31: 에스엠상선경인터미널(주) | AJ31: E922_DAEWOO | AK31: 대우로지스 CY | AL31: KRBNP_ZONE | AM31: [KRBNP]BUSAN(NEW) | AW31: KRKAN | AX31: KRKAN | BG31: 창고&영업소 | BH31: 동원대우보관소(신) | BI31: E922DAEWOO | BJ31: 대우로지스 CY | BK31: E922_DAEWOO | BL31: KRBNP | BM31: KRBNP_ZONE | BN31: [KRBNP]BUSAN(NEW) | BP31: B000004717
G32: 아산공장 | H32: S009_H08 | I32: 충남 아산시 인주면 현대로 1077 | L32: HMGICS | M32: GA2557 | N32: 100760 | O32: 아태 | P32: HMGICS | S32: POSORJA | U32: ECPSJ | V32: JEBEL ALI | W32: AEJEA | AE32: 02011219 | AF32: 진아(주) 보세창고 | AJ32: E922_DGT | AK32: 동원글로벌터미널 | AL32: KRBNP_ZONE | AM32: [KRBNP]BUSAN(NEW) | AW32: KRINC | AX32: KRINC | BG32: 창고&영업소 | BH32: 동원보관소(신) | BI32: E922DGT | BJ32: 동원글로벌터미널 | BK32: E922_DGT | BL32: KRBNP | BM32: KRBNP_ZONE | BN32: [KRBNP]BUSAN(NEW)
G33: 아산 대한 | H33: S009_H11 | I33: 충남 아산시 인주면 아산호로 95 | L33: DYK | M33: GA2797 | N33: 100760 | O33: 아태 | P33: KCN | S33: DAMIETTA | U33: EGDAM | V33: JIZZAKH | W33: UZJIZ | AD33: 선광종합 | AE33: 02012001 | AF33: 선광종합물류 | AG33: 인천여객 | AJ33: KRBNP | AK33: BUSAN NEW PORT | AL33: KRBNP_ZONE | AM33: [KRBNP]BUSAN(NEW) | AW33: KRINC_FRY | AX33: KRINC | BJ33: BUSAN NEW PORT | BK33: KRBNP | BL33: KRBNP | BM33: KRBNP_ZONE | BN33: [KRBNP]BUSAN(NEW) | BO33: 미등록
G34: 우성(아산) | H34: S009_H12 | I34: 충남 아산시 선장면 삽교천로 2-24 | J34: 아산 우성테크 | L34: HTBC | M34: CC54 | N34: 100760 | O34: 아태 | P34: HTBC(사천현대) | S34: VALENCIA | T34: 스페인 | U34: ESVLC | V34: KATTUPALLI | W34: INKAT | AD34: E1 | AE34: 02012007 | AF34: E1 컨테이너터미널 (북항) | AJ34: KRPUS_NEW | AK34: BUSAN NEW PORT | AL34: KRBNP_ZONE | AM34: [KRBNP]BUSAN(NEW) | AW34: INCHEON | AX34: KRINC | BJ34: BUSAN NEW PORT | BK34: KRPUS_NEW | BL34: KRBNP | BM34: KRBNP_ZONE | BN34: [KRBNP]BUSAN(NEW) | BO34: 미등록
G35: 동우(모화) | H35: S009_H14 | I35: 경북 경주시 외동읍 모화산단길 114 | L35: TENNECO | M35: GA0704 | N35: 100760 | O35: 아태 | P35: 테네코 | S35: EVYAP | T35: 이집트 | U35: EVYAP | V35: KOPER | W35: SIKOP | AD35: 인천여객 | AE35: 02012018 | AF35: 인천 국제여객터미널 보세창고 (북항) | AG35: 인천여객 | AJ35: S004_LOTNS | AK35: 롯데녹산CY | AL35: KRBNP_ZONE | AM35: [KRBNP]BUSAN(NEW) | AW35: KRINC_NEW | AX35: KRINC | BG35: 창고&영업소 | BH35: 롯데녹산(신) | BI35: S004LOTNS | BJ35: 롯데녹산CY | BK35: S004_LOTNS | BL35: KRBNP | BM35: KRBNP_ZONE | BN35: [KRBNP]BUSAN(NEW)
G36: 동우(문산) | H36: S009_H14 | I36: 경북 경주시 외동읍 문산공단길 84-105 | L36: KCN | M36: GA2797 | N36: 100760 | O36: 아태 | P36: KCN | S36: GROVEPORT | T36: 오하이오 | U36: FOH | V36: LAEM CHABANG | W36: THLCH | AE36: 02077130 | AF36: 우련CY | AJ36: SDR_NEW | AK36: 신대륙 (신항) | AL36: KRBNP_ZONE | AM36: [KRBNP]BUSAN(NEW) | BG36: 창고&영업소 | BH36: 신대륙(신) | BI36: SDRNEW | BJ36: 신대륙 (신항) | BK36: SDR_NEW | BL36: KRBNP | BM36: KRBNP_ZONE | BN36: [KRBNP]BUSAN(NEW) | BP36: B000004717
G37: 동우(메탈) | H37: S009_H14 | I37: 경북 경주시 외동읍 문산공단길 84-202 | L37: KIN | M37: GA0196 | N37: 100760 | O37: 아태 | P37: 기아차 인도공장 | S37: Southampton | T37: 영국 | U37: GBSOU | V37: LAZARO CARDENAS | W37: MXLZC | AD37: 인천항 | AE37: 02077002 | AF37: 인천컨테이너터미널 | AJ37: YDF | AK37: 웅동CY | AL37: KRBNP_ZONE | AM37: [KRBNP]BUSAN(NEW) | BG37: 창고&영업소 | BH37: 웅동(신) | BI37: YDF | BJ37: 웅동CY | BK37: YDF | BL37: KRBNP | BM37: KRBNP_ZONE | BN37: [KRBNP]BUSAN(NEW) | BO37: 추가 | BP37: B000004717
G38: 동우(입실) | H38: S009_H14 | I38: 경북 경주시 외동읍 입실리 1172-8 | L38: MENANG(HMC) | M38: F000018889/미발생 | N38: 100760 | O38: 아태 | P38: 현대차 말레이시아 공장 (메낭 현차) | S38: TEMA | U38: GHTEM | V38: LIANYUNGANG | W38: CNLYG | AE38: 02077178 | AF38: 인천항8부두주식회사 | AJ38: 03912047 | AK38: 고려우암콘테이너 | AL38: KRPUS_ZONE | AM38: [KRPUS]BUSAN | BG38: 창고&영업소 | BH38: 한타대우(신) | BI38: B590HTDWL | BJ38: 대우로지스(한타) | BK38: B590_HTDWL | BL38: KRBNP | BM38: KRBNP_ZONE | BN38: [KRBNP]BUSAN(NEW)
G39: 동우(명성) | H39: S009_H14 | I39: 경북 경주시 외동읍 문산공단길 84-250 | L39: MENANG | M39: F000018806 | N39: 100760 | O39: 아태 | P39: MENANG (기아) | Q39: 현재 기아만 발생~ | S39: PUERTO QUETZAL | U39: GTPRQ | V39: LONG BEACH | W39: USLGB | AC39: 광양 | AD39: 한국국제 | AE39: 06277033 | AF39: 한국국제터미널 주식회사 | AJ39: 03002009 | AK39: 부산항국제여객터미널장치장 | AL39: KRPUS_ZONE | AM39: [KRPUS]BUSAN | BG39: 창고&영업소 | BH39: 고려우암(북) | BI39: KCTCC | BJ39: 고려우암콘테이너 | BK39: 03912047 | BL39: KRBNX | BM39: KRPUS_ZONE | BN39: [KRPUS]BUSAN
G40: 동우(세웅) | H40: S009_H14 | I40: 경북 경주시 외동읍 문산공단 안길 7-10 | L40: PROCON | M40: GA1111 | N40: 100760 | O40: 아태 | P40: PROCON ENGINEERING PVT LTD | Q40: 비계열 KARACHI SPOT | S40: KOPER | T40: 코퍼 | U40: HUBUD | V40: LOS ANGELES | W40: USLAX | AD40: 광양대한통운 | AE40: 06277057 | AF40: 광양대한통운 | AJ40: 03002010 | AK40: 제 1 부두 (부산) | AL40: KRPUS_ZONE | AM40: [KRPUS]BUSAN | BG40: 창고&영업소 | BH40: 부산항국제여객(북) | BI40: PPMLC | BJ40: 부산항국제여객터미널장치장 | BK40: 03002009 | BL40: KRBNX | BM40: KRPUS_ZONE | BN40: [KRPUS]BUSAN
G41: 대한포장(울산1공장) | H41: S009_H17 | I41: 울산광역시 울주군 청량읍 처용산업3길 74(용암리 933) | L41: HMI | M41: IH01 | N41: 100760 | O41: 아태 | P41: 현대자동차(주)인디아 | S41: TANJUNG PRIOK | T41: 탄정프리옥 | U41: IDTPP | V41: LUZHOU | W41: CNLZU | AE41: 06277064 | AF41: 광양항관세자유지역(B015) | AJ41: 03002199 | AK41: 제8부두 지정장치장 | AL41: KRPUS_ZONE | AM41: [KRPUS]BUSAN | BG41: 로케이션 | BH41: 제1부두(북) | BI41: BS1OC | BJ41: 제 1 부두 (부산) | BK41: 03002010 | BL41: KRBNX | BM41: KRPUS_ZONE | BN41: [KRPUS]BUSAN
G42: 대한포장(울산2공장) | H42: S009_H17 | I42: 울산광역시 울주군 온산읍 처용산업 3길 30-27 | L42: HMI PUNE | M42: IH01 | N42: 100760 | O42: 아태 | P42: 현대자동차(주)인디아 | Q42: HMI 3공장 | S42: 이스라엘 | U42: ILMSP | V42: MALASZEWICZE | W42: PLMAA | AC42: 평택 | AE42: 016120002 | AF42: 평택당진항내항동부두(#1,2,3)CY | AJ42: 03012003 | AK42: 부산진역철도보세창고 | AL42: KRPUS_ZONE | AM42: [KRPUS]BUSAN | BG42: 로케이션 | BH42: PPMEC(북) | BI42: PPMEC | BJ42: 제8부두 지정장치장 | BK42: 03002199 | BL42: KRBNX | BM42: KRPUS_ZONE | BN42: [KRPUS]BUSAN
G43: 대한포장(울산3공장) | H43: S009_H17 | I43: 울산광역시 울주군 온산읍 처용산업 3길 30-36 | L43: YONGSAN | M43: YSIND | N43: 100760 | O43: 아태 | P43: 용산 인디아 | S43: ENNORE | U43: INENR | V43: MANZANILLO | W43: MXZLO | AD43: PNCT | AE43: 01612002 | AF43: 평택아이포트 (PNCT) | AJ43: 03012010 | AK43: 신감만 한국허치슨(주)컨테이너 | AL43: KRPUS_ZONE | AM43: [KRPUS]BUSAN | BG43: 로케이션 | BH43: 부산진철도(북) | BI43: KOPUC | BJ43: 부산진역철도보세창고 | BK43: 03012003 | BL43: KRBNX | BM43: KRPUS_ZONE | BN43: [KRPUS]BUSAN
G44: 대한포장(경주2공장_봉계) | H44: S009_H31 | I44: 울산광역시 울주군 두동면 봉계농공길 41 | L44: Garrett Motion | M44: GA2993 | N44: 100760 | O44: 아태 | P44: 가렛모션 | S44: KATTUPALLI | T44: 카투팔리 | U44: INKAT | V44: 멕시코 | W44: MXZLO | AD44: PCTC | AE44: 01612033 | AF44: 평택컨테이너터미널CY (PCTC) | AJ44: 03012219 | AK44: 인터지스 감만 터미널 (BGCT) | AL44: KRPUS_ZONE | AM44: [KRPUS]BUSAN | BG44: 로케이션 | BH44: 신감만(북) | BI44: GCTOC | BJ44: 신감만 한국허치슨(주)컨테이너 | BK44: 03012010 | BL44: KRBNX | BM44: KRPUS_ZONE | BN44: [KRPUS]BUSAN
G45: 유니팩(봉계) | H45: S009_H15 | I45: 울산시 울주군 두서면 활천산업로 136 | J45: 유니팩봉계, 직대포장장 | L45: BEIJING SEJONG | M45: GA2814 | N45: 100760 | O45: 아태 | P45: BEIJING SEJONG AUTO PARTS CO., LTD. | S45: CHENNAI | T45: 첸나이 | U45: INMAA | V45: MATADI | W45: CDMAT | AE45: 01612040 | AF45: 평택항카페리화물터미널 | AJ45: 03012226 | AK45: 부산항터미널(주)감만 (BPT감만) | AL45: KRPUS_ZONE | AM45: [KRPUS]BUSAN | BG45: 로케이션 | BH45: 인터지스감만(북) | BI45: KJTCC | BJ45: 인터지스 감만 터미널 (BGCT) | BK45: 03012219 | BL45: KRBNX | BM45: KRPUS_ZONE | BN45: [KRPUS]BUSAN
G46: 유니팩_봉계(차체 및 의장) | H46: S009_H15 | I46: 울산시 울주군 두서면 활천산업로 136 | L46: KIA LUCKY MOTORS | M46: GA0233 | N46: 100760 | O46: 아태 | P46: Lucky Motor Corporation Limited | S46: NHAVA SHEVA | T46: 나바샤바 | U46: INNSA | V46: MOBILE | W46: USMOB | AD46: 평택당진항 | AE46: 016120002 | AF46: 평택당진항내항동부두(#1,2,3)CY | AJ46: 03012240 | AK46: 한국허치슨터미널 (HBCT) | AL46: KRPUS_ZONE | AM46: [KRPUS]BUSAN | BG46: 로케이션 | BH46: BPT감만(북) | BI46: BICTC | BJ46: 부산항터미널(주)감만 (BPT감만) | BK46: 03012226 | BL46: KRBNX | BM46: KRPUS_ZONE | BN46: [KRPUS]BUSAN
G47: 유니팩_직대통합포장장 | H47: S009_H15 | I47: 울산시 울주군 두서면 활천산업로 136 | J47: 유니팩경주 | L47: FAIR TECH | M47: GA2668 | N47: 100760 | O47: 아태 | P47: FTL | S47: GENOA | T47: 제노아 | U47: ITGOA | V47: NANTONG PT | W47: CNNTG | AC47: 군산 | AD47: 군산항 | AE47: 08012025 | AF47: 군산항컨테이너터미널운영(주) | AJ47: 03012257 | AK47: KCTC-우암터미널 (UTC) | AL47: KRPUS_ZONE | AM47: [KRPUS]BUSAN | BG47: 로케이션 | BH47: 허치슨(북) | BI47: BCTOC | BJ47: 한국허치슨터미널 (HBCT) | BK47: 03012240 | BL47: KRBNX | BM47: KRPUS_ZONE | BN47: [KRPUS]BUSAN
G48: 유니팩(경주) | H48: S009_H16 | I48: 경주시 외동읍 문산공단길 84-206 | J48: 유니팩(경주,외동,문산,입실) | L48: FTL | M48: CA0241 | N48: 100760 | O48: 아태 | P48: FTL | S48: JAKARTA | T48: 자카르타 | U48: JAKAR | V48: NOUAKCHOTT | W48: MRNKC | AC48: 포항 | AD48: 포항신항 | AE48: 12276001 | AF48: 포항영일신항만(주) | AJ48: 03012312 | AK48: 동부부산컨테이너터미널 (DPCT) | AL48: KRPUS_ZONE | AM48: [KRPUS]BUSAN | BG48: 로케이션 | BH48: KCTC우암(북) | BI48: PPMKC | BJ48: KCTC-우암터미널 (UTC) | BK48: 03012257 | BL48: KRBNX | BM48: KRPUS_ZONE | BN48: [KRPUS]BUSAN | BO48: 폐업
G49: 유니팩(입실) | H49: S009_H16 | I49: 경주시 외동읍 문산공단길 84-206 | L49: CNA | M49: MC09 | N49: 100760 | O49: 아태 | P49: C.N.A Manufacturing Sdn. Bhd. | S49: OSAKA | U49: JPOSA | V49: OSAKA | W49: JPOSA | AC49: 의왕 | AD49: 의왕 | AE49: 13112002 | AF49: 코레일로지스주식회사 | AJ49: 03012343 | AK49: 인터지스7부두 (부산항 제7부두) | AL49: KRPUS_ZONE | AM49: [KRPUS]BUSAN | BG49: 로케이션 | BH49: DPCT(북) | BI49: GPDBC | BJ49: 동부부산컨테이너터미널 (DPCT) | BK49: 03012312 | BL49: KRBNX | BM49: KRPUS_ZONE | BN49: [KRPUS]BUSAN
G50: 유니팩(문산) | H50: S009_H16 | I50: 경주시 외동읍 문산공단길 84-206 | L50: ADIENT US LLC | M50: F000019156 | N50: 100760 | O50: 북미 | P50: Adient US LLC | S50: KARACHI | T50: 카라치 | U50: KLMKA | V50: PENANG | W50: MYPEN | AC50: 세방 | AD50: 세방 | AJ50: 03077016 | AK50: 부산항터미널(주)신선대 (BPT신선대) | AL50: KRPUS_ZONE | AM50: [KRPUS]BUSAN | BG50: 로케이션 | BH50: 7부두(북) | BI50: BS7OC | BJ50: 인터지스7부두 (부산항 제7부두) | BK50: 03012343 | BL50: KRBNX | BM50: KRPUS_ZONE | BN50: [KRPUS]BUSAN
G51: 유니팩(외동) | H51: S009_H16 | I51: 경주시 외동읍 문산공단길 84-206 | L51: INALFA USA | M51: GA3079 | N51: 100760 | O51: 북미 | P51: 인알파USA | S51: ALMATY | T51: 알마티 | U51: KZALA | V51: PORT KLANG | W51: MYPKG | AC51: 한타 | AD51: 한타 | AJ51: 03077061 | AK51: 천일용당CY | AL51: KRPUS_ZONE | AM51: [KRPUS]BUSAN | BG51: 로케이션 | BH51: BPT신선대(북) | BI51: PECTC | BJ51: 부산항터미널(주)신선대 (BPT신선대) | BK51: 03077016 | BL51: KRBNX | BM51: KRPUS_ZONE | BN51: [KRPUS]BUSAN
G52: 대한포장(경주) | H52: S009_H18 | I52: 경북 경주시 외동읍 외남로 1704-39 | J52: 경주대한(경주,외동,문산,입실) | L52: KAGA | M52: KMMG | N52: 100760 | O52: 북미 | P52: 기아자동차 조지아공장 | S52: 카자흐스탄 | T52: 카자흐스탄 | U52: KZPRA | V52: PORT QASIM | W52: PKBQM | AC52: 상차지 | AD52: 부산세관 신항지정장치장 | AE52: 03002007 | AJ52: 03077076 | AK52: (주)국보CY | AL52: KRPUS_ZONE | AM52: [KRPUS]BUSAN | BG52: 로케이션 | BH52: 천일용당(북) | BI52: CITBC | BJ52: 천일용당CY | BK52: 03077061 | BL52: KRBNX | BM52: KRPUS_ZONE | BN52: [KRPUS]BUSAN
G53: 핸즈코퍼레이션 | H53: S009_H19 | I53: 경북 경주시 외동읍 문산공단길 84-206 신뢰기업 경주공장 | L53: SAMBO A&T | M53: F000018555 | N53: 100760 | O53: 북미 | P53: 삼보A&T 아메리카 | S53: 라오스 | T53: 라오스 | U53: LASAV | V53: PORT VICTORIA | W53: SCPOV | AD53: 한진해운신항만㈜자유무역지역 | AE53: 03077007 | AJ53: B015_SBEZY | AK53: 이지콘(세방) | AL53: KRPUS_ZONE | AM53: [KRPUS]BUSAN | BG53: 로케이션 | BH53: 국보(북) | BI53: KBKSC | BJ53: (주)국보CY | BK53: 03077076 | BL53: KRBNX | BM53: KRPUS_ZONE | BN53: [KRPUS]BUSAN
G54: 금호타이어 | H54: S009_H20 | I54: 경기도 평택시 포승읍 평택항로 156번길 87 | L54: HANON ALABAMA | M54: GA1302 | N54: 100760 | O54: 북미 | P54: 한온 알라바마 | S54: YANGON | T54: 양곤 | U54: MMRGN | V54: PUERTO CALDERA | W54: CRCAL | AD54: 현대부산신항만㈜CFS | AE54: 03077012 | AJ54: B590_DNK | AK54: 디엔케이물류 | AL54: KRPUS_ZONE | AM54: [KRPUS]BUSAN | BG54: 창고&영업소 | BH54: 세방이지콘(북) | BI54: B015SBEZY | BJ54: 이지콘(세방) | BK54: B015_SBEZY | BL54: KRBNX | BM54: KRPUS_ZONE | BN54: [KRPUS]BUSAN
G55: 서영(용연) | H55: S009_H21 | I55: 울산광역시 남구 선암동 186-3 | J55: 용연서영 | L55: HSAA | M55: USHS | N55: 100760 | O55: 북미 | P55: 에이치에스 오토모티브 알라바마 | S55: NOUAKCHOTT | U55: MRNKC | V55: PUERTO QUETZAL | W55: GTPRQ | AD55: 씨스테인웨그 | AE55: 03078001 | AJ55: B590_HTYJ | AK55: 영진CY(한타) | AL55: KRPUS_ZONE | AM55: [KRPUS]BUSAN | BG55: 창고&영업소 | BH55: 한타디엔케이(북) | BI55: B590DNK | BJ55: 디엔케이물류 | BK55: B590_DNK | BL55: KRBNX | BM55: KRPUS_ZONE | BN55: [KRPUS]BUSAN
G56: 서영(여천) | H56: S009_H22 | I56: 울산광역시 남구 여천동 426-27 | J56: 여천서영 | L56: SEJONG ALABAMA | M56: SJAL | N56: 100760 | O56: 북미 | P56: SEJONG ALABAMA LLC | S56: ENSENADA | U56: MXESE | V56: QINGDAO | W56: CNTAO | AD56: 코센코물류 | AE56: B015_KOSEN | AJ56: BEST_F | AK56: 베스트우암(북항) | AL56: KRPUS_ZONE | AM56: [KRPUS]BUSAN | BG56: 창고&영업소 | BH56: 한타영진(북) | BI56: B590HTYJ | BJ56: 영진CY(한타) | BK56: B590_HTYJ | BL56: KRBNX | BM56: KRPUS_ZONE | BN56: [KRPUS]BUSAN
G57: 현대성우캐스팅(충주) | H57: S013_EZC | I57: 충북 충주시 충주산단2로 83 | L57: SEJONG GEORGIA | M57: GA0011 | N57: 100760 | O57: 북미 | P57: 세종조지아 | S57: LAZARO CARDENAS | T57: 라자루 | U57: MXLZC | V57: RENI | W57: UARNI | AD57: 코센코안골 CY | AE57: B015_KOSENAG | AJ57: KRPUS | AK57: BUSAN, KOREA | AL57: KRPUS_ZONE | AM57: [KRPUS]BUSAN | BG57: 창고&영업소 | BH57: 베스트우암(북) | BI57: BESTF | BJ57: 베스트우암(북항) | BK57: BEST_F | BL57: KRBNX | BM57: KRPUS_ZONE | BN57: [KRPUS]BUSAN | BP57: B000004717
G58: 대호물류(아산) | H58: S013_M13 | I58: 충남 아산시 영인면 윤보선로 67 | J58: 대호물류(아산) | L58: DSA | M58: GA2704 | N58: 100760 | O58: 북미 | P58: DAEHAN SOLUTION ALABAMA | S58: MANZANILLO | T58: 만자닐로 | U58: MXZLO | V58: SANTOS | W58: BRSSZ | AD58: SB1CY(세방) | AE58: B015_SB1CY | AJ58: KRPUS_OLD | AK58: BUSAN PORT (OLD) | AL58: KRPUS_ZONE | AM58: [KRPUS]BUSAN | BJ58: BUSAN, KOREA | BK58: KRPUS | BM58: KRPUS_ZONE | BN58: [KRPUS]BUSAN | BO58: 미등록
G59: 대호물류(경주) | H59: S013_M03 | I59: 경북 경주시 외동읍 제내사일길 59-49 | J59: 대호물류(경주) | L59: SEOYON E-HWA AL | M59: GA2717 | N59: 100760 | O59: 북미 | P59: Seoyon E-Hwa Interior Systems Alabama | S59: BUTTERWORTH, MALAYSIA | U59: MYBTW | V59: SAVANNAH | W59: USSAV | AD59: SB2CY(세방) | AE59: B015_SB2CY | AJ59: KUKDONG_F | AK59: 극동 CY | AL59: KRPUS_ZONE | AM59: [KRPUS]BUSAN | BJ59: BUSAN PORT (OLD) | BK59: KRPUS_OLD | BM59: KRPUS_ZONE | BN59: [KRPUS]BUSAN | BO59: 미등록
G60: 파텍스(서산) | H60: S009_H23 | I60: 충남 서산시 지곡면 무장길 29 | L60: 서연이화 | M60: GA2717 | N60: 100760 | O60: 북미 | P60: Seoyon E-Hwa Interior Systems Alabama | S60: PENANG | U60: MYPEN | V60: SHANGHAI | W60: CNSHA | AD60: SB청암신항 | AE60: B015_SBCAM | AJ60: NDW_CY | AK60: 뉴대원 CY | AL60: KRPUS_ZONE | AM60: [KRPUS]BUSAN | BG60: 창고&영업소 | BH60: 극동(북) | BI60: KUKDONGF | BJ60: 극동 CY | BK60: KUKDONG_F | BL60: KRBNX | BM60: KRPUS_ZONE | BN60: [KRPUS]BUSAN | BP60: B000004717
G61: 대한포장(현곡) | H61: S009_H27 | I61: 경상북도 경주시 현곡면 안현로 464 | L61: PHA | M61: GA2678 | N61: 100760 | O61: 북미 | P61: PHA Alabama, LLC | S61: PORT KELANG,MALAYSIA | U61: MYPKG | V61: SINGAPORE | W61: SGSIN | AD61: 천우(세방) | AE61: B015_SBCHW | AJ61: SGUM_CY | AK61: SB청암 | AL61: KRPUS_ZONE | AM61: [KRPUS]BUSAN | BG61: 창고&영업소 | BH61: 뉴대원(북) | BI61: SMKRC | BJ61: 뉴대원 CY | BK61: NDW_CY | BL61: KRBNX | BM61: KRPUS_ZONE | BN61: [KRPUS]BUSAN
G62: 넥센타이어 | H62: S009_H29 | I62: 울산광역시 울주군 삼남면 하방로 77 (주)넥센 | L62: ECOPLASTIC AMERICA | M62: F000018379 | N62: 100760 | O62: 북미 | P62: ECOPLASTIC AMERICA CORP | S62: TINCAN/LAGOS | U62: NGTIN | V62: TAIPEI | W62: TWTPE | AD62: 이지스 두동(세방) | AE62: B015_SBIGS | AJ62: 06277033 | AK62: 한국국제터미널 주식회사 | AL62: KRKAN_ZONE | AM62: [KRKY] KWANGYANG | BG62: 창고&영업소 | BH62: 세방청암(북) | BI62: SGUMCY | BJ62: SB청암 | BK62: SGUM_CY | BL62: KRBNX | BM62: KRPUS_ZONE | BN62: [KRPUS]BUSAN
G63: 서영(전주) | H63: J007_J001 | I63: 전북 완주군 봉동읍 테크노밸리1로 49 | L63: DSC SAVANNAH | M63: F000018140 | N63: 100760 | O63: 북미 | P63: DSC SAVANNAH | S63: PORT QASIM | U63: PKBQM | V63: TANJUNG PRIOK | W63: IDTPP | AD63: 세방신항쿨스 | AE63: B015_SBNPC | AJ63: 06277057 | AK63: 광양대한통운 | AL63: KRKAN_ZONE | AM63: [KRKY] KWANGYANG | BG63: 로케이션 | BH63: 광양국제(광양) | BI63: KITKC | BJ63: 한국국제터미널 주식회사 | BK63: 06277033 | BL63: KRKAN | BM63: KRKAN_ZONE | BN63: [KRKY] KWANGYANG
G64: 서영(부산) | H64: M011_001 | I64: 부산광역시 강서구 생곡산단1로 24번길 51 | L64: HMGMA | M64: GA2982 | N64: 100760 | O64: 북미 | P64: HMGMA | S64: PAKISTAN | T64: 파키스탄 | U64: PKPCT | V64: TEMA | W64: GHTEM | AD64: 세방녹산쿨스 | AE64: B015_SBNSC | AJ64: 06277064 | AK64: 광양항관세자유지역(세방) | AL64: KRKAN_ZONE | AM64: [KRKY] KWANGYANG | BG64: 로케이션 | BH64: 광양대한통운(광양) | BI64: KEGWC | BJ64: 광양대한통운 | BK64: 06277057 | BL64: KRKAN | BM64: KRKAN_ZONE | BN64: [KRKY] KWANGYANG
G65: 파텍스(익산) | H65: S009_H28 | I65: 전북 익산시 석암로3길 17-26(용제동) | J65: 서영(익산) | L65: ALABAMA(HB) | M65: UH03 | N65: 100760 | O65: 북미 | P65: 현대자동차 알라바마공장 | S65: MALASZEWICZE | U65: PLMAA | V65: TINCAN/LAGOS | W65: NGTIN | AD65: 송정(세방) | AE65: B015_SBSWH | AJ65: KRKAN | AK65: KWANGYANG, REPUBLIC OF KOREA | AL65: KRKAN_ZONE | AM65: [KRKY] KWANGYANG | BG65: 로케이션 | BH65: GICTC(광양) | BI65: GICTC | BJ65: 광양항관세자유지역(세방) | BK65: 06277064 | BL65: KRKAN | BM65: KRKAN_ZONE | BN65: [KRKY] KWANGYANG
G66: 서영(용연)-파텍스(서산) | H66: S009_H21_23 | L66: HMMA | M66: UH03 | N66: 100760 | O66: 북미 | P66: 현대자동차 알라바마공장 | S66: BRONKA | U66: RUBNK | V66: WEIHAI | W66: CNWEI | AD66: SB웅동 | AE66: B015_SBUNG | AJ66: 01612002 | AK66: 평택아이포트 (PNCT) | AL66: KRPTK_ZONE | AM66: [KRPTK] PYONGTAEK | BJ66: KWANGYANG, REPUBLIC OF KOREA | BK66: KRKAN | BM66: KRKAN_ZONE | BN66: [KRKY] KWANGYANG
G67: 파텍스(서산)-의왕ICD | H67: S009_H23_UW | L67: HMB | M67: BH03 | N67: 100760 | O67: 중남미 | P67: HYUNDAI MOTOR BRASIL MONTADORA DE A | S67: KRONSHTADT | U67: RUKDT | V67: XINGANG | W67: CNXGA | AD67: 세방&제니스CY | AE67: B015_SEJEN | AJ67: 01612033 | AK67: 평택컨테이너터미널CY (PCTC) | AL67: KRPTK_ZONE | AM67: [KRPTK] PYONGTAEK | BG67: 로케이션 | BH67: 평택아이포트(평택) | BI67: PNCTC | BJ67: 평택아이포트 (PNCT) | BK67: 01612002 | BL67: KRPTK | BM67: KRPTK_ZONE | BN67: [KRPTK] PYONGTAEK
G68: 서양(아산)-의왕ICD | H68: S009_H02_UW | L68: SEOYON E-HWA BRAZIL | M68: F000019162 | N68: 100760 | O68: 중남미 | P68: 서연이화 브라질 | S68: SAINT PETERSBURG | U68: RULED | V68: XINGANG, CHINA | W68: CNXGG | AD68: BCT(한타) | AE68: B590_HTBCT | AJ68: 02011219 | AK68: 진아(주) 보세창고 | AL68: KRINC_OLD_ZONE | AM68: [KRINC] INCHEON | BG68: 로케이션 | BH68: 평택컨테이너CY(평택) | BI68: PCTCC | BJ68: 평택컨테이너터미널CY (PCTC) | BK68: 01612033 | BL68: KRPTK | BM68: KRPTK_ZONE | BN68: [KRPTK] PYONGTAEK
G69: 대한포장(청량)-서산파텍스 | H69: S009_H17_23 | L69: AYMESA | M69: EA03 | N69: 100760 | O69: 중남미 | P69: AYMESA SA | S69: VLADIVOSTOK | U69: RUVVO | V69: YANGON | W69: MMRGN | AD69: BGDC(한타) | AE69: B590_HTBGDC | AJ69: 02012007 | AK69: E1 컨테이너 터미널 | AL69: KRINC_OLD_ZONE | AM69: [KRINC] INCHEON | BG69: 창고&영업소 | BH69: 인천진아(인천항) | BI69: 02011219 | BJ69: 진아(주) 보세창고 | BK69: 02011219 | BL69: KRINC | BM69: KRINC_OLD_ZONE | BN69: [KRINC] INCHEON | BP69: B000004717
G70: 동우(경주)-서산파텍스 | H70: S009_H14_23 | L70: CAOA | M70: GA0030 | N70: 100760 | O70: 중남미 | P70: CAOA Montadora de Veiculos Ltda. | S70: VOSTOCHNIY | U70: RUVYP | V70: YARIMCA | W70: TRYAR | AD70: 지사물류(한타) | AE70: B590_HTJS | AJ70: 02012012 | AK70: 에스엠상선경인터미널(주) | AL70: KRINC_OLD_ZONE | AM70: [KRINC] INCHEON | BG70: 로케이션 | BH70: 인천E1(인천항) | BI70: E1CTC | BJ70: E1 컨테이너 터미널 | BK70: 02012007 | BL70: KRINC | BM70: KRINC_OLD_ZONE | BN70: [KRINC] INCHEON
G71: 유니팩(봉계)-서산파텍스 | H71: S009_H15_23 | L71: Webasto Mexico | M71: F000018979 | N71: 100760 | O71: 중남미 | P71: 베바스토 멕시코 | S71: PORT VICTORIA | U71: SCPOV | V71: ZHANGJIAGANG | W71: CNZJG | AD71: 녹산CY(한타) | AE71: B590_HTNS | AJ71: 02077002 | AK71: 인천컨테이너터미널 | AL71: KRINC_OLD_ZONE | AM71: [KRINC] INCHEON | BG71: 로케이션 | BH71: 인천SM경인터미널(인천항) | BI71: HJGIC | BJ71: 에스엠상선경인터미널(주) | BK71: 02012012 | BL71: KRINC | BM71: KRINC_OLD_ZONE | BN71: [KRINC] INCHEON
G72: 경림(아산)-의왕ICD | H72: H000_YK_UW | L72: FAURECIA MEX | M72: GA0225 | N72: 100760 | O72: 중남미 | P72: 멕시코포레시아 | S72: SINGAPORE | T72: 싱가폴 | U72: SGSIN | V72: 파키스탄 | W72: PKPCT | AD72: 신항CY(한타) | AE72: B590_HTSH | AJ72: 02077130 | AK72: 우련CY | AL72: KRINC_OLD_ZONE | AM72: [KRINC] INCHEON | BG72: 로케이션 | BH72: 인천항(인천항) | BI72: ICTPC | BJ72: 인천컨테이너터미널 | BK72: 02077002 | BL72: KRINC | BM72: KRINC_OLD_ZONE | BN72: [KRINC] INCHEON
G73: 대한포장(아산)-의왕ICD | H73: S009_H11_UW | L73: KMM | M73: MH03 | N73: 100760 | O73: 중남미 | P73: 기아자동차 멕시코 | S73: KOPER, SLOVENIA (체코슬로베니아) | T73: 코퍼 | U73: SIKOP | V73: 이집트 | W73: EGDAM | AD73: 대우로지스 CY | AE73: E922_DAEWOO | AJ73: 02077178 | AK73: 인천항8부두주식회사 | AL73: KRINC_OLD_ZONE | AM73: [KRINC] INCHEON | BG73: 로케이션 | BH73: 인천우련(인천항) | BI73: WOOYC | BJ73: 우련CY | BK73: 02077130 | BL73: KRINC | BM73: KRINC_OLD_ZONE | BN73: [KRINC] INCHEON
G74: 유니팩(경주)-서산파텍스 | H74: S009_H16_23 | L74: KMX | M74: MH03 | N74: 100760 | O74: 중남미 | P74: 기아자동차 멕시코 | S74: LAEM CHABANG | U74: THLCH | V74: 두바이 | W74: AEDXB | AD74: 동원글로벌터미널 | AE74: E922_DGT | AJ74: KRINC | AK74: INCHEON, KOREA | AL74: KRINC_OLD_ZONE | AM74: [KRINC] INCHEON | BG74: 창고&영업소 | BH74: 인천항8부두(인천항) | BI74: 02077178 | BJ74: 인천항8부두주식회사 | BK74: 02077178 | BL74: KRINC | BM74: KRINC_OLD_ZONE | BN74: [KRINC] INCHEON | BP74: B000004717
L75: LEEHAN AMERICA | M75: GA1670 | N75: 100760 | O75: 중남미 | P75: 리한 아메리카 | S75: Tadzhikistan | T75: 타지키스탄 | U75: TJDUS | V75: 시드니 | W75: AUSYD | AD75: 롯데녹산CY | AE75: S004_LOTNS | AJ75: KRINC_OLD | AK75: 인천 구항 | AL75: KRINC_OLD_ZONE | AM75: [KRINC] INCHEON | BJ75: INCHEON, KOREA | BK75: KRINC | BM75: KRINC_OLD_ZONE | BN75: [KRINC] INCHEON | BO75: 미등록
L76: MAGNETI | M76: BM08 | N76: 100760 | O76: 중남미 | P76: Magneti Marelli Sistemas Automotivo | S76: AMBARLI | U76: TRAMB | V76: 벨지움 | W76: ANR | AD76: 신대륙 (신항) | AE76: SDR_NEW | AJ76: 02012014 | AK76: 선광신컨테이너터미널보세창고 | AL76: KRINC_NEW_ZONE | AM76: [KRINC] INCHEON | BJ76: 인천 구항 | BK76: KRINC_OLD | BM76: KRINC_OLD_ZONE | BN76: [KRINC] INCHEON | BO76: 미등록
L77: MONTICH | M77: UM07 | N77: 100760 | O77: 중남미 | P77: MONTICH URUGUAY | S77: ISTANBUL | U77: TRIST | V77: BRONKA | W77: RUBNK | AD77: 웅동CY | AE77: YDF | AJ77: 02012016 | AK77: 한진인천컨테이너터미널(주) | AL77: KRINC_NEW_ZONE | AM77: [KRINC] INCHEON | BG77: 로케이션 | BH77: 선광인천보세(인천신) | BI77: SNCTC | BJ77: 선광신컨테이너터미널보세창고 | BK77: 02012014 | BL77: KRINN | BM77: KRINC_NEW_ZONE | BN77: [KRINC] INCHEON
L78: KIA URUGUAY | M78: G001 | N78: 100760 | O78: 중남미 | P78: 기아 주식회사 | S78: IZMIT KORFEZI | T78: IZMIT KORFEZI, TURKEY | U78: TRIZT | V78: KRONSHTADT | W78: RUKDT | AD78: 고려우암콘테이너 | AE78: 03912047 | AJ78: 02012230 | AK78: 선광 인천 터미널 (ISCT) | AL78: KRINC_NEW_ZONE | AM78: [KRINC] INCHEON | BG78: 로케이션 | BH78: 한진인천(인천신) | BI78: HJITC | BJ78: 한진인천컨테이너터미널(주) | BK78: 02012016 | BL78: KRINN | BM78: KRINC_NEW_ZONE | BN78: [KRINC] INCHEON
L79: SOMIL | M79: GA2751 | N79: 100760 | O79: 중남미 | P79: SOMIL S.A. | S79: IZMIT | T79: 이즈미트 | U79: TRIZT | V79: SAINT PETERSBURG | W79: RULED | AD79: 이지콘(세방) | AE79: B015_SBEZY | AJ79: KRINC_NEW | AK79: 인천 신항 | AL79: KRINC_NEW_ZONE | AM79: [KRINC] INCHEON | BG79: 로케이션 | BH79: 선광인천신항(인천신) | BI79: SICTC | BJ79: 선광 인천 터미널 (ISCT) | BK79: 02012230 | BL79: KRINN | BM79: KRINC_NEW_ZONE | BN79: [KRINC] INCHEON
L80: SEJONG MEX | M80: GA0491 | N80: 100760 | O80: 중남미 | P80: 세종멕시코 | T80: 터키 | U80: TREVY | V80: VLADIVOSTOK | W80: RUVVO | AD80: 디엔케이물류 | AE80: B590_DNK | AJ80: LA4104 | AK80: 한진인천컨테이너터미널(주) | AL80: KRINC_NEW_ZONE | AM80: [KRINC] INCHEON | BJ80: 인천 신항 | BK80: KRINC_NEW | BM80: KRINC_NEW_ZONE | BN80: [KRINC] INCHEON | BO80: 미등록
L81: TRANSLEAD | M81: S0091 | N81: 100760 | O81: 중남미 | P81: HYUNDAI TR | S81: YARIMCA | U81: TRYAR | V81: VOSTOCHNIY | W81: RUVYP | AD81: 영진CY(한타) | AE81: B590_HTYJ | AJ81: THE LOGIS_CY | AK81: 더로지스 CY | AL81: KRINC_NEW_ZONE | AM81: [KRINC] INCHEON | BJ81: 한진인천컨테이너터미널(주) | BK81: LA4104 | BM81: KRINC_NEW_ZONE | BN81: [KRINC] INCHEON | BO81: 미사용
L82: YONGSAN(M) | M82: MY01 | N82: 100760 | O82: 중남미 | P82: YONG SAN AUTOMOTIVE MEXICO | S82: TAIPEI | U82: TWTPE | V82: 아틀란타 | W82: ATL | AD82: 베스트우암(북항) | AE82: BEST_F | AJ82: 02012001 | AK82: 선광종합물류 | AL82: KRINC_FRY_ZONE | AM82: [KRINC] INCHEON | BG82: 로케이션 | BH82: 인천더로지스(인천신) | BI82: LOGIC | BJ82: 더로지스 CY | BK82: THE LOGIS_CY | BL82: KRINN | BM82: KRINC_NEW_ZONE | BN82: [KRINC] INCHEON
L83: DUAL MEXICO | M83: GA2445 | N83: 100760 | O83: 중남미 | P83: DUAL BORGSTENA TRIM MEXICO | S83: RENI | U83: UARNI | V83: 라오스 | W83: LASAV | AD83: 극동 CY | AE83: KUKDONG_F | AJ83: 02012018 | AK83: 인천항국제여객부두 컨테이너 보세창고 | AL83: KRINC_FRY_ZONE | AM83: [KRINC] INCHEON | BG83: 로케이션 | BH83: 선광종합물류(인천여객) | BI83: SLCLC | BJ83: 선광종합물류 | BK83: 02012001 | BL83: KRINF | BM83: KRINC_FRY_ZONE | BN83: [KRINC] INCHEON
L84: KIA | M84: S103 | Q84: 기아 통합 | S84: AURORA | T84: 시카고 | U84: USCHI | V84: 멀캄 | W84: CAMAK | AD84: 뉴대원 CY | AE84: NDW_CY | AJ84: KRINC_FRY | AK84: KRINC_FRY | AL84: KRINC_FRY_ZONE | AM84: [KRINC] INCHEON | BG84: 로케이션 | BH84: 인천여객(인천여객) | BI84: IFPCC | BJ84: 인천항국제여객부두 컨테이너 보세창고 | BK84: 02012018 | BL84: KRINF | BM84: KRINC_FRY_ZONE | BN84: [KRINC] INCHEON
G85: 현대모비스 (AS,모듈) | L85: MIP | S85: CHARLESTON | T85: CHARLESTON, SC | U85: USCHS | V85: 마이에미 | W85: USMIA | AD85: SB청암 | AE85: SGUM_CY | AJ85: 11012030 | AK85: 정일부두 | AL85: KRUSN_OLD_ZONE | AM85: [KRONS] ONSAN | BJ85: KRINC_FRY | BK85: KRINC_FRY | BM85: KRINC_FRY_ZONE | BN85: [KRINC] INCHEON | BO85: 미등록
G86: 포장장 | H86: CODE | I86: 주소 | J86: 비고 | L86: CONSIGNEE | M86: CODE | N86: TEAM | O86: 지역 | Q86: 기존코드 | S86: DALLAS | T86: 달라스 | U86: USDAL | V86: 오하이오 | W86: FOH | AD86: 더로지스 CY | AE86: THE LOGIS_CY | AJ86: KRUSN_OLD | AK86: 정일부두 | AL86: KRUSN_OLD_ZONE | AM86: [KRONS] ONSAN | BG86: 로케이션 | BH86: 울산정일 | BI86: JUCTC | BJ86: 정일부두 | BK86: 11012030 | BL86: KRONS | BM86: KRUSN_OLD_ZONE | BN86: [KRUSN] ULSAN
G87: 김제 PMI 코리아 산업 | H87: S013_EZU | I87: 전라북도 김제시 만경읍 대동리 1137 | L87: HMB | M87: U001 | N87: 100760 | O87: 브라질 | Q87: BH03 | S87: 뉴욕 | T87: 뉴욕(사우스윈져, 제임스버그) | U87: USJFK | V87: 함부르크, 독일 | W87: DEHAM | AJ87: 11012002 | AK87: 울산신항컨테이너터미널 | AL87: KRUSN_NEW_ZONE | AM87: [KRUSN] ULSAN | BJ87: 정일부두 | BK87: KRUSN_OLD | BM87: KRUSN_OLD_ZONE | BN87: [KRUSN] ULSAN | BO87: 미사용
G88: 모비스 AS아산센터 | H88: S013_EZI | I88: 충청남도 아산시 영인면 신봉리 840-2 | L88: HMMI | M88: U001 | N88: 100760 | O88: 인니 | Q88: GA1405 | S88: LOS ANGELES | T88: LA | U88: USLAX | V88: 사우스햄튼, 영국 | W88: GBSOU | AJ88: 11012003 | AK88: 유엔씨티 주식회사 | AL88: KRUSN_NEW_ZONE | AM88: [KRUSN] ULSAN | BJ88: 울산신항컨테이너터미널 | BK88: 11012002 | BM88: KRUSN_NEW_ZONE | BN88: [KRUSN] ULSAN | BO88: 미사용
G89: 천안수출물류센터 | H89: S013_EZN | I89: 충남 천안시 서북구 입장면 용정리 235-11 | L89: HMGICS | M89: U001 | N89: 100760 | O89: 싱가폴 | Q89: GA2557 | S89: LONG BEACH | T89: 미국 LONG BEACH, CA | U89: USLGB | V89: 타코마 | W89: USTIW | AJ89: KRUSN | AK89: ULSAN, KOREA | AL89: KRUSN_NEW_ZONE | AM89: [KRUSN] ULSAN | BG89: 로케이션 | BH89: 울산신항 | BI89: UDITC | BJ89: 유엔씨티 주식회사 | BK89: 11012003 | BL89: KRUSN | BM89: KRUSN_NEW_ZONE | BN89: [KRUSN] ULSAN
G90: 경주 SDP | H90: S013_EZM | I90: 경상북도 경주시 외동읍 구어리 12-53 | L90: CAOA | M90: U001 | N90: 100760 | O90: CAOA | Q90: GA0030 | S90: Miami, United States of America | T90: 마이애미 | U90: USMIA | V90: 스페인 | W90: ESVLC | AJ90: KRUSN_NEW | AK90: 유엔씨티 주식회사 | AL90: KRUSN_NEW_ZONE | AM90: [KRUSN] ULSAN | BJ90: ULSAN, KOREA | BK90: KRUSN | BM90: KRUSN_NEW_ZONE | BN90: [KRUSN] ULSAN | BO90: 미등록
G91: 모비스 AS울산1센터 | H91: S013_EZA | I91: 울산광역시 북구 염포동 265 | L91: HAOS | M91: U001 | N91: 100760 | O91: 터키 | Q91: HAOS | S91: Mobile, United States | T91: 모빌 | U91: USMOB | V91: 리치몬드 | W91: USRCH | BJ91: 유엔씨티 주식회사 | BK91: KRUSN_NEW | BM91: KRUSN_NEW_ZONE | BN91: [KRUSN] ULSAN | BO91: 미사용
G92: 울산2 도크 | H92: S013_EZB | I92: 울산광역시 남구 매암동 393번지(야음장생포동) | L92: HMMC | M92: U001 | N92: 100760 | O92: 체코 | Q92: HMMC | S92: Richmond, United States | U92: USRCH | V92: 영국 | W92: GBSOU | AK92: 반입지함수참고 | BH92: 의왕ICD | BI92: SECLC | BJ92: 의왕ICD | BK92: 13112002 | BL92: KRUWN | BM92: KRUSN_NEW_ZONE | BN92: [KRUSN] ULSAN | BO92: 미사용
G93: 울산2 임시창고 | H93: S013_TEM | I93: 울산광역시 남구 황성동 842-2(선암동) | L93: HMI | M93: U001 | N93: 100760 | O93: 인도 | Q93: IH01 | S93: SAVANNAH | T93: 조지아 | U93: USSAV | V93: GENOA | W93: ITGOA | AK93: ..=IF(OR(K3="BUSAN(NEW)",K3="BUSAN"),IF(W3="세방",IF(K3="BUSAN(NEW)","03077102","03077016"),IFERROR(VLOOKUP(W3,GLAPS정리!AE42:AF50,2,FALSE),"")),"") | BH93: 세방
G94: 울산2 범퍼 | H94: S013_EZJ | I94: 울산광역시 남구 황성동 842-2(선암동) | L94: HMMA | M94: U001 | N94: 100760 | O94: 미국 | Q94: UH03 | S94: Tacoma, United States | U94: USTIW | V94: 프리멘탈 | W94: AUFRE | AK94: ..=IF(W3="세방",IF(K3="BUSAN(NEW)","03077102",IF(K3="BUSAN","03077016","")),IFERROR(VLOOKUP(W3,GLAPS정리!AE3:AF50,2,FALSE),"")) | BH94: 한타
G95: 모비스 AS울산3센터 | H95: S013_EZP | I95: 울산광역시 남구 장생포동 323(야음장생포동) | L95: DUMMY | M95: U001 | N95: 100760 | O95: 스리랑카 | P95: FOB | Q95: Z000 | S95: MONTEVIDEO | U95: UYMVD | V95: 인도네시아 | W95: IDTPP | BH95: 동원
G96: 울산(서영) | H96: S013_EZX | I96: 울산광역시 남구 성암동 186-3 | L96: HNMPL | M96: U001 | N96: 100760 | O96: 파키스탄 | P96: FOB | Q96: Z000 | S96: JIZZAKH | T96: JIZZAKH(To-Be Checked) | U96: UZJIZ | V96: 헝가리 | W96: HUBUD
G97: 닷썸 | H97: S013_PAT | I97: 경기도 파주시 탄현면 웅지로 44-78 | L97: HTWO | M97: U001 | N97: 100760 | O97: 광저우 | Q97: F000018361 | S97: CHU LAI | U97: VNC8Q | V97: 달라스 | W97: USDAL | BL97: KRINN | BM97: KRINC_NEW_ZONE
G98: 경주 IHL | H98: S013_M01 | I98: 경상북도 경주시 외동읍 문산공단길 215 | L98: VNHPH | M98: U001 | N98: 100760 | O98: 천베트남 | Q98: GA0151 | S98: DA NANG | U98: VNDAD | V98: 더반 | W98: ZADUR | BL98: KRINC | BM98: KRINC_NEW_ZONE
G99: 아산 서영 | H99: S013_M12 | I99: 충청남도 아산시 인주면 인주산단로 151 | L99: VNHPH | M99: U001 | N99: 100760 | O99: 베트남 | P99: FOB | Q99: Z000 | S99: HAIPHONG | U99: VNHPH | V99: 제퍼슨(사바나) | W99: USSAV | BL99: KRINC | BM99: KRINC_FRY_ZONE
G100: 울산 서영(울산 여천) | H100: S013_M19 | I100: 울산광역시 남구 야음장생포동 | L100: DUMMY | M100: U001 | N100: 100760 | O100: 대만 | P100: FOB | Q100: Z000 | S100: DURBAN | T100: 더반 | U100: ZADUR | V100: 사바나 | W100: USSAV | BL100: KRINC | BM100: KRINC_OLD_ZONE
...

Sheet CKD고객사코드
A1: 16 | B1: CONSIGNEE | C1: 지역 | F1: CKD
A2: SK02 | B2: KASK | C2: 유럽 | D2: 기아 슬로바키아 | F2: [KS]
A3: SK02 | B3: KMS | C3: 유럽 | D3: 기아 슬로바키아 | F3: [KS]
A4: GA3067 | B4: ADM | C4: 유럽 | D4: ADM JIZZAKH | F4: [AB]
A5: GA3067 | B5: ADM JIZZAHK | C5: 유럽 | D5: ADM JIZZAKH | E5: QINGDAO, XINGANG | F5: [AZ]
A6: F000019206 | B6: INALFA EUROPE | C6: 유럽 | D6: Inalfa Roof Systems BV | F6: [IE]
A7: F000018551 | B7: Kia Kazakhstan | C7: 유럽 | D7: 기아 카자흐스탄 | F7: [KZ]
A8: I584 | B8: DWI | C8: 유럽 | D8: 주식회사 포스코인터내셔널 | F8: [DW]
A9: HMMC | B9: HMMC | C9: 유럽 | D9: Hyundai Motor Manufactiring Czech | F9: [HC]
A10: F000018792 | B10: MAGNA | C10: 유럽 | D10: 마그나 오토모티브 | F10: [MS]
A11: HMCIST | B11: HAOS | C11: 유럽 | D11: HYUNDAI ASSAN OTOMOTIV SANAYI VE TICARET
A12: HMCIST | B12: HMTR | C12: 유럽 | D12: HYUNDAI ASSAN OTOMOTIV SANAYI VE TICARET | E12: HAOS->HMTR 명칭변경 | F12: [HA] | H12: 포장장 고객사 - KIA
A13: DH02 | B13: HMSG | C13: 유럽 | D13: Hyundai MotorSport GmbH | F13: [HM] | H13: CODE | I13: CONSIGNEE | J13: TEAM | K13: PIC | L13: 담당자 | M13: 지역 | N13: POD | O13: CKD
A14: HMMR | B14: HMMR | C14: 유럽 | D14: LLC"HYUNDAI MOTOR MANUFACTURING RUS"LIT. | F14: [HF] | H14: GA3067 | I14: ADM | J14: 100760 | K14: 2300621 | M14: 유럽 | N14: QINGDAO, XINGANG | O14: [KK]
A15: HMMR | B15: AGR | C15: 유럽 | D15: LLC"HYUNDAI MOTOR MANUFACTURING RUS"LIT. | E15: (구 HMMR) | H15: S103 | I15: KIA | J15: 100760 | K15: 2400391 | M15: 아태 | N15: PENANG | O15: [KK]
A16: GA2327 | B16: HTK | C16: 유럽 | D16: Hyundai Trans Kazakhstan L.L.P | F16: [HK] | H16: GA2557 | I16: HMGICS | J16: 100760 | K16: 2300791 | M16: 아태 | N16: SINGAPORE | O16: [KK]
A17: F000019385 | B17: SEOYON SUMMIT AUTO IND | C17: 아태 | D17: 서연써밋오토모티브 | F17: [SR] | H17: GA2797 | I17: KCN | J17: 100760 | K17: 2300791 | M17: 아태 | N17: LIANYUNGANG | O17: [KK]
A18: GA2355 | B18: HMID | C18: 아태 | D18: HYUNDAI MOTORS INDONESIA | F18: [HQ] | H18: GA0233 | I18: KIA LUCKY MOTORS | J18: 100760 | K18: 1700321 | M18: 아태 | N18: PORT QASIM | O18: [KK]
A19: GA1405 | B19: HMMI | C19: 아태 | D19: (주) 현대자동차 인도네시아 | F19: [HI] | H19: G001 | I19: KIA URUGUAY | J19: 100760 | K19: 2202428 | M19: 중남미 | N19: MONTEVIDEO (SOMIL , MONTICH -포장장에서 구분) | O19: [KK]
A20: GA1453 | B20: GII | C20: 아태 | D20: PT GLOVIS INDONESIA INTERNATIONAL | F20: [ID]
A21: MC09 | B21: CMC | C21: 아태 | D21: C.N.A Manufacturing Sdn. Bhd. | E21: 박성현책임 변경 | F21: [AC]
A22: S013 | B22: KIA(PENANG) | C22: 아태 | D22: 기아㈜ | F22: [KK]
A23: LA3030 | B23: SMT | C23: 아태 | D23: 수성특장㈜ | F23: [VS]
A24: F000018228 | B24: EGY | C24: 아태 | D24: EVMC
A25: F000018228 | B25: EVMC | C25: 아태 | D25: EVMC | F25: [EM]
A26: GA2409 | B26: PKT | C26: 아태 | D26: PKT CONSOLIDATION SERVICE | F26: [PK]
A27: LA4080 | B27: CM Industries | C27: 아태 | D27: 씨엠인더스트리 유한회사(영업소) | F27: [CI]
A28: GA0151 | B28: HTCV | C28: 아태 | D28: HYUNDAI THANH CONG COMMERCIAL VEHIC | F28: [HV]
A29: VH07 | B29: HTMV | C29: 아태 | D29: Hyundai Thanh Cong Viet Nam Auto Ma | F29: [HT]
A30: GA1328 | B30: HTC | C30: 아태 | D30: 현대 탄콩 베트남 주식회사 | F30: [TC]
A31: GA2557 | B31: HMGICS | C31: 아태 | D31: HMGICS | F31: [HE]
A32: GA2797 | B32: DYK | C32: 아태 | D32: KCN
A33: CC54 | B33: HTBC | C33: 아태 | D33: HTBC(사천현대) | F33: [HS]
A34: GA0704 | B34: TENNECO | C34: 아태 | D34: 테네코 | F34: [TN]
A35: GA2797 | B35: KCN | C35: 아태 | D35: KCN | F35: [PY]
A36: GA0196 | B36: KIN | C36: 아태 | D36: 기아차 인도공장 | F36: [KD]
A37: F000018889 | B37: MENANG (현대) | C37: 아태 | D37: 현대차 말레이시아 공장 (현차) | E37: CKD구분 불가능 | F37: [MC]
A38: F000018806 | B38: MENANG (기아) | C38: 아태 | D38: MENANG (기아) | E38: CKD구분 불가능 | F38: [MC]
A39: GA1111 | B39: PROCON | C39: 아태 | D39: PROCON ENGINEERING PVT LTD | E39: 비계열 KARACHI SPOT | F39: [PR]
A40: IH01 | B40: HMI | C40: 아태 | D40: 현대자동차(주)인디아 | F40: [HD]
A41: IH01 | B41: HMI PUNE | C41: 아태 | D41: 현대자동차(주)인디아 | E41: HMI 3공장 | F41: [HO]
A42: YSIND | B42: YONGSAN | C42: 아태 | D42: 용산 인디아 | F42: [AY]
A43: GA2993 | B43: Garrett Motion | C43: 아태 | D43: 가렛모션 | F43: [GR]
A44: GA2814 | B44: BEIJING SEJONG | C44: 아태 | D44: BEIJING SEJONG AUTO PARTS CO., LTD. | F44: [BS]
A45: GA0233 | B45: KIA LUCKY MOTORS | C45: 아태 | D45: Lucky Motor Corporation Limited | F45: [KL]
A46: GA2668 | B46: FAIR TECH | C46: 아태 | D46: FTL | F46: [FT]
A47: CA0241 | B47: FTL | C47: 아태 | D47: FTL | F47: [BD]
A48: MC09 | B48: CNA | C48: 아태 | D48: C.N.A Manufacturing Sdn. Bhd. | F48: [AN]
A49: F000019156 | B49: ADIENT US LLC | C49: 북미 | D49: Adient US LLC | F49: [AI]
A50: GA3079 | B50: INALFA USA | C50: 북미 | D50: 인알파USA | F50: [IU]
A51: KMMG | B51: KAGA | C51: 북미 | D51: 기아자동차 조지아공장 | F51: [KG]
A52: F000018555 | B52: SAMBO A&T | C52: 북미 | D52: 삼보A&T 아메리카 | F52: [SI]
A53: GA1302 | B53: HANON ALABAMA | C53: 북미 | D53: 한온 알라바마 | F53: [HU]
... A63: GA2982 | B63: HMGMA | C63: 북미 | D63: HMGMA | F63: [HP]
A64: UH03 | B64: ALABAMA(HB) | C64: 북미 | D64: 현대자동차 알라바마공장
A65: UH03 | B65: HMMA | C65: 북미 | D65: 현대자동차 알라바마공장 | F65: [HB]
A66: BH03 | B66: HMB | C66: 중남미 | D66: HYUNDAI MOTOR BRASIL MONTADORA DE A | F66: [HW]
A67: F000019162 | B67: SEOYON E-HWA BRAZIL | C67: 중남미 | D67: 서연이화 브라질 | F67: [BE]
A68: EA03 | B68: AYMESA | C68: 중남미 | D68: AYMESA SA | E68: GUAYAQUIL 에콰도르 | F68: [NV]
A69: GA0030 | B69: CAOA | C69: 중남미 | D69: CAOA Montadora de Veiculos Ltda. | F69: [CA]
A70: F000018979 | B70: Webasto Mexico | C70: 중남미 | D70: 베바스토 멕시코 | F70: [WM]
A71: GA0225 | B71: FAURECIA MEX | C71: 중남미 | D71: 멕시코포레시아 | F71: [FM]
A72: MH03 | B72: KMM | C72: 중남미 | D72: 기아자동차 멕시코
A73: MH03 | B73: KMX | C73: 중남미 | D73: 기아자동차 멕시코 | F73: [KM]
A74: GA1670 | B74: LEEHAN AMERICA | C74: 중남미 | D74: 리한 아메리카 | F74: [LH]
A75: BM08 | B75: MAGNETI | C75: 중남미 | D75: Magneti Marelli Sistemas Automotivo | F75: [MM]
A76: UM07 | B76: MONTICH | C76: 중남미 | D76: MONTICH URUGUAY | F76: [S3]
A77: G001 | B77: KIA URUGUAY | C77: 중남미 | D77: 기아 주식회사 | E77: 국가 재확인 | F77: [KK]
A78: GA2751 | B78: SOMIL | C78: 중남미 | D78: SOMIL S.A. | F78: [SO]
A79: GA0491 | B79: SEJONG MEX | C79: 중남미 | D79: 세종멕시코 | F79: [ME]
A80: S0091 | B80: TRANSLEAD | C80: 중남미 | D80: HYUNDAI TR | F80: [SN]
A81: MY01 | B81: YONGSAN(M) | C81: 중남미 | D81: YONG SAN AUTOMOTIVE MEXICO
A82: GA2445 | B82: DUAL MEXICO | C82: 중남미 | D82: DUAL BORGSTENA TRIM MEXICO | F82: [DL]
