Workbook

Sheet ELS
B1: !U001,!GA1588,!MOBBEL | F1: 목록외 작성금지 | H1: KIA-실 고객사 확인 수정 | K1: ULSAN, INCHEON 실 반입코드 변경!! | O1: 목록외 작성금지 | P1: 리퍼 ,위험물 위험물리퍼 | V1: 공휴일, 위험물,중량 | Z1: 목록외 작성금지 | AC1: 20 | AF1: KR10 | AH1: 입력X | AJ1: GLAPS 포트 | AL1: 5010001 | BN1: 1 | BV1: GLAPS 코드 | BW1: 직반입 이트란스IF 또는 수기입력 ,ODCY보관은 보관소 또는 I/F | CA1: 공휴일-10 위험물-30
B2: 배차 요청일 | C2: 운송사 | D2: 배차시간 | E2: 구분(오전,오후) | F2: 포장장 | G2: 실출하지 | H2: 고객사 | I2: 선사 | J2: 사이즈 | K2: 반입지 | L2: 국가(도착항) | M2: 비고 | N2: 차량넘버 | O2: 반출지 | P2: 컨테이너 종류 (위험물,리퍼) | Q2: 20 | R2: 40 | S2: 40HC | T2: ContainerNo. | U2: SealNumber1 | V2: 할증 | W2: 편성넘버 | X2: 부킹 | Y2: 반입일 (ODCY/터미널) | Z2: ODCY(세방) 반입터미널 | AA2: ODCY 세부명칭 | AC2: 오더구분 | AD2: 선사코드 | AE2: 선사명 | AF2: 화주사 코드 | AG2: 화주사명 | AH2: 반출지(출발)코드 | AI2: 작업지(하차지)코드 | AJ2: 반입지(도착)코드 | AK2: 운송경로 코드 | AL2: 운송서비스 코드 | AM2: 운송서비스명 | AN2: 배차요청일자 | AO2: 배차요청시간 | AP2: 운송사 코드 | AQ2: 운송사명 | AR2: 부킹번호 | AS2: B/L | AT2: 컨테이너 번호 | AU2: MRN | AV2: POL | AW2: POD | AX2: 최종목적지 | AY2: ETA | AZ2: ETD | BA2: DOC | BB2: CGO | BC2: 실화주사 코드 | BD2: 실화주사명 | BE2: 포워더 코드 | BF2: 포워더명 | BG2: 선사항차 | BH2: 모선코드 | BI2: 반출기한 | BJ2: 모선항차 | BK2: 모선명 | BL2: 선적지 | BM2: 컨테이너 규격 | BN2: 컨테이너 수량 | BO2: 터미널 | BP2: 양하터미널 | BQ2: 반출예약 | BR2: 냉동 여부 | BS2: 위험물 여부 | BT2: FREE TIME | BU2: 공컨반납기한 | BV2: 반출CY | BW2: 반입CY | BX2: ODCY업체코드 | BY2: 선픽업 | BZ2: 컨사이니 | CA2: 할증 1 | CB2: 할증 2 | CC2: 할증 3 | CD2: 할증 4 | CE2: 할증 5 | CF2: 오더등록자명 | CG2: 오더등록자연락처 | CH2: 오더등록업체코드 | CI2: 오더등록자이메일 | CJ2: 통지사항 | CK2: 차량번호 | CL2: 실출하지
B3: =IF(GLAPS자동계산!C2="","",GLAPS자동계산!C2) -> 46177 | C3: =IF(GLAPS자동계산!D2="","",GLAPS자동계산!D2) -> ELS솔루션 | D3: =IF(GLAPS자동계산!E2="","",GLAPS자동계산!E2) -> 08:00 | E3: =IF(GLAPS자동계산!F2="","",GLAPS자동계산!F2) -> 오전 | F3: =IF(GLAPS자동계산!G2="","",GLAPS자동계산!G2) -> 아산 2포장장 | G3: =IF(GLAPS자동계산!H2="","",GLAPS자동계산!H2) -> EAS | H3: =IF(GLAPS자동계산!I2="","",GLAPS자동계산!I2) -> KIN | I3: =IF(GLAPS자동계산!J2="","",GLAPS자동계산!J2) -> WHL | ... AA3: =IF(GLAPS자동계산!AB2="","",GLAPS자동계산!AB2) | AC3: =IF($B3="","",$AC$1) -> 20 | AD3: =IF($B3="","",IFERROR(INDEX(GLAPS정리!$D$2:$D$50,MATCH(I3,GLAPS정리!$A$2:$A$50,0)),IFERROR(INDEX(GLAPS정리!$D$2:$D$50,MATCH(I3,GLAPS정리!$B$2:$B$50,0)),""))) -> WHL | AF3: =IF($B3="","",$AF$1) -> KR10 | AI3: =IF($B3="","",IF(F3="","",VLOOKUP(F3,GLAPS정리!$G$3:$J$114,2,0))) -> H000_GB | AJ3: =IF($B3="","",IF(Z3="울산정일","KRONS",IF(Z3="울산신항","KRUSN",IF(OR(Z3="선광종합물류(인천여객)",Z3="인천여객(인천여객)"),"KRINF",IF(OR(Z3="선광인천보세(인천신)",Z3="한진인천(인천신)",Z3="선광인천신항(인천신)",Z3="인천더로지스(인천신)"),"KRINN",IF(OR(Z3="인천진아(인천항)",Z3="인천E1(인천항)",Z3="인천SM경인터미널(인천항)",Z3="인천항(인천항)",Z3="인천우련(인천항)",Z3="인천항8부두(인천항)"),"KRINC",VLOOKUP(K3,GLAPS정리!$BB$2:$BC$33,2,0))))))) -> KRBNP | AL3: =IF($B3="","",$AL$1) -> 5010001 | AN3: =IF($B3="","",TEXT(B3,"YYYY-MM-DD")) -> 2026-06-04 | AO3: =IF($B3="","",IF(E3="오전", "0800", IF(E3="오후", "1300", IF(E3="잔업", "1800", "")))) -> 0800 | AP3: =IF($B3="","",IF(C3="","",VLOOKUP(C3,GLAPS정리!$AX$2:$AZ$17,3,0))) -> B000005273 | AR3: =IF($B3="","",IF(X3="","",X3)) -> 005GX17204 | AX3: =IF($B3="","",IF(L3="","",VLOOKUP(L3,GLAPS정리!$V$3:$W$180,2,0))) -> INKAT | BM3: =IF($B3="","",IF(AND(Q3=1,OR(P3="",P3="위험물")), "2210", IF(AND(Q3=1,OR(P3="리퍼",P3="위험물리퍼")), "2230", IF(AND(S3=1,OR(P3="",P3="위험물")), "4510", IF(AND(S3=1,OR(P3="리퍼",P3="위험물리퍼")), "4530", IF(AND(R3=1,OR(P3="",P3="위험물")), "4210", IF(AND(R3=1,P3="리퍼"), "4230", " "))))))) -> 4510 | BN3: =IF($B3="","",$BN$1) -> 1 | BR3: =IF($B3="","",IF(OR(P3="리퍼",P3="위험물리퍼"),"Y","")) | BS3: =IF($B3="","",IF(OR(P3="위험물",P3="위험물리퍼"),"Y","")) | BV3: =IF($B3="","",IF(O3="","",VLOOKUP(O3,GLAPS정리!$BH$2:$BI$94,2,0))) | BW3: =IF($B3="","",IF(OR(Z3="동원",Z3="세방",Z3="한타"),"",IFERROR(INDEX(GLAPS정리!$BI$2:$BI$101,MATCH(Z3,GLAPS정리!$BH$2:$BH$101,0)),""))) | BX3: =IF($B3="","",IF(Z3="","",IFERROR(VLOOKUP(Z3,GLAPS정리!$AX$2:$AZ$17,3,0),""))) | BZ3: =IF($B3="","",IF(H3="","",VLOOKUP(H3,GLAPS정리!$L$3:$O$133,2,0))) -> GA0196 | CA3: =IF($B3="","",IF(V3="공휴일", 10, IF(V3="야간", 20, IF(V3="위험물", 30, IF(V3="중량", 40, ""))))) | CL3: =IF($B3="","",IF(AI3="","",VLOOKUP(AI3,GLAPS정리!$BT$3:$BV$26,3,0))) -> EAS
B4: =IF(GLAPS자동계산!C3="","",GLAPS자동계산!C3) -> 46177 | C4: =IF(GLAPS자동계산!D3="","",GLAPS자동계산!D3) -> ELS솔루션 | D4: =IF(GLAPS자동계산!E3="","",GLAPS자동계산!E3) -> 09:00 | E4: =IF(GLAPS자동계산!F3="","",GLAPS자동계산!F3) -> 오전 | F4: =IF(GLAPS자동계산!G3="","",GLAPS자동계산!G3) -> 아산 2포장장 | G4: =IF(GLAPS자동계산!H3="","",GLAPS자동계산!H3) -> EAS | H4: =IF(GLAPS자동계산!I3="","",GLAPS자동계산!I3) -> KIN | I4: =IF(GLAPS자동계산!J3="","",GLAPS자동계산!J3) -> WHL | ... AA4: =IF(GLAPS자동계산!AB3="","",GLAPS자동계산!AB3) | AC4: =IF($B4="","",$AC$1) -> 20 | AD4: =IF($B4="","",IFERROR(INDEX(GLAPS정리!$D$2:$D$50,MATCH(I4,GLAPS정리!$A$2:$A$50,0)),IFERROR(INDEX(GLAPS정리!$D$2:$D$50,MATCH(I4,GLAPS정리!$B$2:$B$50,0)),""))) -> WHL | AF4: =IF($B4="","",$AF$1) -> KR10 | AI4: =IF($B4="","",IF(F4="","",VLOOKUP(F4,GLAPS정리!$G$3:$J$114,2,0))) -> H000_GB | AJ4: =IF($B4="","",IF(Z4="울산정일","KRONS",IF(Z4="울산신항","KRUSN",IF(OR(Z4="선광종합물류(인천여객)",Z4="인천여객(인천여객)"),"KRINF",IF(OR(Z4="선광인천보세(인천신)",Z4="한진인천(인천신)",Z4="선광인천신항(인천신)",Z4="인천더로지스(인천신)"),"KRINN",IF(OR(Z4="인천진아(인천항)",Z4="인천E1(인천항)",Z4="인천SM경인터미널(인천항)",Z4="인천항(인천항)",Z4="인천우련(인천항)",Z4="인천항8부두(인천항)"),"KRINC",VLOOKUP(K4,GLAPS정리!$BB$2:$BC$33,2,0))))))) -> KRBNP | AL4: =IF($B4="","",$AL$1) -> 5010001 | AN4: =IF($B4="","",TEXT(B4,"YYYY-MM-DD")) -> 2026-06-04 | AO4: =IF($B4="","",IF(E4="오전", "0800", IF(E4="오후", "1300", IF(E4="잔업", "1800", "")))) -> 0800 | AP4: =IF($B4="","",IF(C4="","",VLOOKUP(C4,GLAPS정리!$AX$2:$AZ$17,3,0))) -> B000005273 | AR4: =IF($B4="","",IF(X4="","",X4)) -> 005GX17204 | AX4: =IF($B4="","",IF(L4="","",VLOOKUP(L4,GLAPS정리!$V$3:$W$180,2,0))) -> INKAT | BM4: =IF($B4="","",IF(AND(Q4=1,OR(P4="",P4="위험물")), "2210", IF(AND(Q4=1,OR(P4="리퍼",P4="위험물리퍼")), "2230", IF(AND(S4=1,OR(P4="",P4="위험물")), "4510", IF(AND(S4=1,OR(P4="리퍼",P4="위험물리퍼")), "4530", IF(AND(R4=1,OR(P4="",P4="위험물")), "4210", IF(AND(R4=1,P4="리퍼"), "4230", " "))))))) -> 4510 | BN4: =IF($B4="","",$BN$1) -> 1 | BR4: =IF($B4="","",IF(OR(P4="리퍼",P4="위험물리퍼"),"Y","")) | BS4: =IF($B4="","",IF(OR(P4="위험물",P4="위험물리퍼"),"Y","")) | BV4: =IF($B4="","",IF(O4="","",VLOOKUP(O4,GLAPS정리!$BH$2:$BI$94,2,0))) | BW4: =IF($B4="","",IF(OR(Z4="동원",Z4="세방",Z4="한타"),"",IFERROR(INDEX(GLAPS정리!$BI$2:$BI$101,MATCH(Z4,GLAPS정리!$BH$2:$BH$101,0)),""))) | BX4: =IF($B4="","",IF(Z4="","",IFERROR(VLOOKUP(Z4,GLAPS정리!$AX$2:$AZ$17,3,0),""))) | BZ4: =IF($B4="","",IF(H4="","",VLOOKUP(H4,GLAPS정리!$L$3:$O$133,2,0))) -> GA0196 | CA4: =IF($B4="","",IF(V4="공휴일", 10, IF(V4="야간", 20, IF(V4="위험물", 30, IF(V4="중량", 40, ""))))) | CL4: =IF($B4="","",IF(AI4="","",VLOOKUP(AI4,GLAPS정리!$BT$3:$BV$26,3,0))) -> EAS
B5: =IF(GLAPS자동계산!C4="","",GLAPS자동계산!C4) -> 46177 | C5: =IF(GLAPS자동계산!D4="","",GLAPS자동계산!D4) -> ELS솔루션 | D5: =IF(GLAPS자동계산!E4="","",GLAPS자동계산!E4) -> 08:00 | E5: =IF(GLAPS자동계산!F4="","",GLAPS자동계산!F4) -> 오전 | F5: =IF(GLAPS자동계산!G4="","",GLAPS자동계산!G4) -> 아산 1포장장 | G5: =IF(GLAPS자동계산!H4="","",GLAPS자동계산!H4) -> EAS | H5: =IF(GLAPS자동계산!I4="","",GLAPS자동계산!I4) -> KASK | I5: =IF(GLAPS자동계산!J4="","",GLAPS자동계산!J4) -> CMA | ... AA5: =IF(GLAPS자동계산!AB4="","",GLAPS자동계산!AB4) | AC5: =IF($B5="","",$AC$1) -> 20 | AD5: =IF($B5="","",IFERROR(INDEX(GLAPS정리!$D$2:$D$50,MATCH(I5,GLAPS정리!$A$2:$A$50,0)),IFERROR(INDEX(GLAPS정리!$D$2:$D$50,MATCH(I5,GLAPS정리!$B$2:$B$50,0)),""))) -> CMA | AF5: =IF($B5="","",$AF$1) -> KR10 | AI5: =IF($B5="","",IF(F5="","",VLOOKUP(F5,GLAPS정리!$G$3:$J$114,2,0))) -> H000_GA | AJ5: =IF($B5="","",IF(Z5="울산정일","KRONS",IF(Z5="울산신항","KRUSN",IF(OR(Z5="선광종합물류(인천여객)",Z5="인천여객(인천여객)"),"KRINF",IF(OR(Z5="선광인천보세(인천신)",Z5="한진인천(인천신)",Z5="선광인천신항(인천신)",Z5="인천더로지스(인천신)"),"KRINN",IF(OR(Z5="인천진아(인천항)",Z5="인천E1(인천항)",Z5="인천SM경인터미널(인천항)",Z5="인천항(인천항)",Z5="인천우련(인천항)",Z5="인천항8부두(인천항)"),"KRINC",VLOOKUP(K5,GLAPS정리!$BB$2:$BC$33,2,0))))))) -> KRBNP | AL5: =IF($B5="","",$AL$1) -> 5010001 | AN5: =IF($B5="","",TEXT(B5,"YYYY-MM-DD")) -> 2026-06-04 | AO5: =IF($B5="","",IF(E5="오전", "0800", IF(E5="오후", "1300", IF(E5="잔업", "1800", "")))) -> 0800 | AP5: =IF($B5="","",IF(C5="","",VLOOKUP(C5,GLAPS정리!$AX$2:$AZ$17,3,0))) -> B000005273 | AR5: =IF($B5="","",IF(X5="","",X5)) -> CMA2606010011 | AX5: =IF($B5="","",IF(L5="","",VLOOKUP(L5,GLAPS정리!$V$3:$W$180,2,0))) -> SIKOP | BM5: =IF($B5="","",IF(AND(Q5=1,OR(P5="",P5="위험물")), "2210", IF(AND(Q5=1,OR(P5="리퍼",P5="위험물리퍼")), "2230", IF(AND(S5=1,OR(P5="",P5="위험물")), "4510", IF(AND(S5=1,OR(P5="리퍼",P5="위험물리퍼")), "4530", IF(AND(R5=1,OR(P5="",P5="위험물")), "4210", IF(AND(R5=1,P5="리퍼"), "4230", " "))))))) -> 4510 | BN5: =IF($B5="","",$BN$1) -> 1 | BR5: =IF($B5="","",IF(OR(P5="리퍼",P5="위험물리퍼"),"Y","")) | BS5: =IF($B5="","",IF(OR(P5="위험물",P5="위험물리퍼"),"Y","")) | BV5: =IF($B5="","",IF(O5="","",VLOOKUP(O5,GLAPS정리!$BH$2:$BI$94,2,0))) | BW5: =IF($B5="","",IF(OR(Z5="동원",Z5="세방",Z5="한타"),"",IFERROR(INDEX(GLAPS정리!$BI$2:$BI$101,MATCH(Z5,GLAPS정리!$BH$2:$BH$101,0)),""))) | BX5: =IF($B5="","",IF(Z5="","",IFERROR(VLOOKUP(Z5,GLAPS정리!$AX$2:$AZ$17,3,0),""))) | BZ5: =IF($B5="","",IF(H5="","",VLOOKUP(H5,GLAPS정리!$L$3:$O$133,2,0))) -> SK02 | CA5: =IF($B5="","",IF(V5="공휴일", 10, IF(V5="야간", 20, IF(V5="위험물", 30, IF(V5="중량", 40, ""))))) | CL5: =IF($B5="","",IF(AI5="","",VLOOKUP(AI5,GLAPS정리!$BT$3:$BV$26,3,0))) -> EAS
B6: =IF(GLAPS자동계산!C5="","",GLAPS자동계산!C5) -> 46177 | C6: =IF(GLAPS자동계산!D5="","",GLAPS자동계산!D5) -> ELS솔루션 | D6: =IF(GLAPS자동계산!E5="","",GLAPS자동계산!E5) -> 09:00 | E6: =IF(GLAPS자동계산!F5="","",GLAPS자동계산!F5) -> 오전 | F6: =IF(GLAPS자동계산!G5="","",GLAPS자동계산!G5) -> 아산 1포장장 | G6: =IF(GLAPS자동계산!H5="","",GLAPS자동계산!H5) -> EAS | H6: =IF(GLAPS자동계산!I5="","",GLAPS자동계산!I5) -> KASK | I6: =IF(GLAPS자동계산!J5="","",GLAPS자동계산!J5) -> CMA | ... AA6: =IF(GLAPS자동계산!AB5="","",GLAPS자동계산!AB5) | AC6: =IF($B6="","",$AC$1) -> 20 | AD6: =IF($B6="","",IFERROR(INDEX(GLAPS정리!$D$2:$D$50,MATCH(I6,GLAPS정리!$A$2:$A$50,0)),IFERROR(INDEX(GLAPS정리!$D$2:$D$50,MATCH(I6,GLAPS정리!$B$2:$B$50,0)),""))) -> CMA | AF6: =IF($B6="","",$AF$1) -> KR10 | AI6: =IF($B6="","",IF(F6="","",VLOOKUP(F6,GLAPS정리!$G$3:$J$114,2,0))) -> H000_GA | AJ6: =IF($B6="","",IF(Z6="울산정일","KRONS",IF(Z6="울산신항","KRUSN",IF(OR(Z6="선광종합물류(인천여객)",Z6="인천여객(인천여객)"),"KRINF",IF(OR(Z6="선광인천보세(인천신)",Z6="한진인천(인천신)",Z6="선광인천신항(인천신)",Z6="인천더로지스(인천신)"),"KRINN",IF(OR(Z6="인천진아(인천항)",Z6="인천E1(인천항)",Z6="인천SM경인터미널(인천항)",Z6="인천항(인천항)",Z6="인천우련(인천항)",Z6="인천항8부두(인천항)"),"KRINC",VLOOKUP(K6,GLAPS정리!$BB$2:$BC$33,2,0))))))) -> KRBNP | AL6: =IF($B6="","",$AL$1) -> 5010001 | AN6: =IF($B6="","",TEXT(B6,"YYYY-MM-DD")) -> 2026-06-04 | AO6: =IF($B6="","",IF(E6="오전", "0800", IF(E6="오후", "1300", IF(E6="잔업", "1800", "")))) -> 0800 | AP6: =IF($B6="","",IF(C6="","",VLOOKUP(C6,GLAPS정리!$AX$2:$AZ$17,3,0))) -> B000005273 | AR6: =IF($B6="","",IF(X6="","",X6)) -> CMA2606010011 | AX6: =IF($B6="","",IF(L6="","",VLOOKUP(L6,GLAPS정리!$V$3:$W$180,2,0))) -> SIKOP | BM6: =IF($B6="","",IF(AND(Q6=1,OR(P6="",P6="위험물")), "2210", IF(AND(Q6=1,OR(P6="리퍼",P6="위험물리퍼")), "2230", IF(AND(S6=1,OR(P6="",P6="위험물")), "4510", IF(AND(S6=1,OR(P6="리퍼",P6="위험물리퍼")), "4530", IF(AND(R6=1,OR(P6="",P6="위험물")), "4210", IF(AND(R6=1,P6="리퍼"), "4230", " "))))))) -> 4510 | BN6: =IF($B6="","",$BN$1) -> 1 | BR6: =IF($B6="","",IF(OR(P6="리퍼",P6="위험물리퍼"),"Y","")) | BS6: =IF($B6="","",IF(OR(P6="위험물",P6="위험물리퍼"),"Y","")) | BV6: =IF($B6="","",IF(O6="","",VLOOKUP(O6,GLAPS정리!$BH$2:$BI$94,2,0))) | BW6: =IF($B6="","",IF(OR(Z6="동원",Z6="세방",Z6="한타"),"",IFERROR(INDEX(GLAPS정리!$BI$2:$BI$101,MATCH(Z6,GLAPS정리!$BH$2:$BH$101,0)),""))) | BX6: =IF($B6="","",IF(Z6="","",IFERROR(VLOOKUP(Z6,GLAPS정리!$AX$2:$AZ$17,3,0),""))) | BZ6: =IF($B6="","",IF(H6="","",VLOOKUP(H6,GLAPS정리!$L$3:$O$133,2,0))) -> SK02 | CA6: =IF($B6="","",IF(V6="공휴일", 10, IF(V6="야간", 20, IF(V6="위험물", 30, IF(V6="중량", 40, ""))))) | CL6: =IF($B6="","",IF(AI6="","",VLOOKUP(AI6,GLAPS정리!$BT$3:$BV$26,3,0))) -> EAS
B7: =IF(GLAPS자동계산!C6="","",GLAPS자동계산!C6) -> 46177 | C7: =IF(GLAPS자동계산!D6="","",GLAPS자동계산!D6) -> ELS솔루션 | D7: =IF(GLAPS자동계산!E6="","",GLAPS자동계산!E6) -> 08:00 | E7: =IF(GLAPS자동계산!F6="","",GLAPS자동계산!F6) -> 오전 | F7: =IF(GLAPS자동계산!G6="","",GLAPS자동계산!G6) -> 아산 1포장장 | G7: =IF(GLAPS자동계산!H6="","",GLAPS자동계산!H6) -> EAS | H7: =IF(GLAPS자동계산!I6="","",GLAPS자동계산!I6) -> HMMC | I7: =IF(GLAPS자동계산!J6="","",GLAPS자동계산!J6) -> CMA | ... AA7: =IF(GLAPS자동계산!AB6="","",GLAPS자동계산!AB6) | AC7: =IF($B7="","",$AC$1) -> 20 | AD7: =IF($B7="","",IFERROR(INDEX(GLAPS정리!$D$2:$D$50,MATCH(I7,GLAPS정리!$A$2:$A$50,0)),IFERROR(INDEX(GLAPS정리!$D$2:$D$50,MATCH(I7,GLAPS정리!$B$2:$B$50,0)),""))) -> CMA | AF7: =IF($B7="","",$AF$1) -> KR10 | AI7: =IF($B7="","",IF(F7="","",VLOOKUP(F7,GLAPS정리!$G$3:$J$114,2,0))) -> H000_GA | AJ7: =IF($B7="","",IF(Z7="울산정일","KRONS",IF(Z7="울산신항","KRUSN",IF(OR(Z7="선광종합물류(인천여객)",Z7="인천여객(인천여객)"),"KRINF",IF(OR(Z7="선광인천보세(인천신)",Z7="한진인천(인천신)",Z7="선광인천신항(인천신)",Z7="인천더로지스(인천신)"),"KRINN",IF(OR(Z7="인천진아(인천항)",Z7="인천E1(인천항)",Z7="인천SM경인터미널(인천항)",Z7="인천항(인천항)",Z7="인천우련(인천항)",Z7="인천항8부두(인천항)"),"KRINC",VLOOKUP(K7,GLAPS정리!$BB$2:$BC$33,2,0))))))) -> KRBNP | AL7: =IF($B7="","",$AL$1) -> 5010001 | AN7: =IF($B7="","",TEXT(B7,"YYYY-MM-DD")) -> 2026-06-04 | AO7: =IF($B7="","",IF(E7="오전", "0800", IF(E7="오후", "1300", IF(E7="잔업", "1800", "")))) -> 0800 | AP7: =IF($B7="","",IF(C7="","",VLOOKUP(C7,GLAPS정리!$AX$2:$AZ$17,3,0))) -> B000005273 | AR7: =IF($B7="","",IF(X7="","",X7)) -> CMA2606010011 | AX7: =IF($B7="","",IF(L7="","",VLOOKUP(L7,GLAPS정리!$V$3:$W$180,2,0))) -> SIKOP | BM7: =IF($B7="","",IF(AND(Q7=1,OR(P7="",P7="위험물")), "2210", IF(AND(Q7=1,OR(P7="리퍼",P7="위험물리퍼")), "2230", IF(AND(S7=1,OR(P7="",P7="위험물")), "4510", IF(AND(S7=1,OR(P7="리퍼",P7="위험물리퍼")), "4530", IF(AND(R7=1,OR(P7="",P7="위험물")), "4210", IF(AND(R7=1,P7="리퍼"), "4230", " "))))))) -> 4510 | BN7: =IF($B7="","",$BN$1) -> 1 | BR7: =IF($B7="","",IF(OR(P7="리퍼",P7="위험물리퍼"),"Y","")) | BS7: =IF($B7="","",IF(OR(P7="위험물",P7="위험물리퍼"),"Y","")) | BV7: =IF($B7="","",IF(O7="","",VLOOKUP(O7,GLAPS정리!$BH$2:$BI$94,2,0))) | BW7: =IF($B7="","",IF(OR(Z7="동원",Z7="세방",Z7="한타"),"",IFERROR(INDEX(GLAPS정리!$BI$2:$BI$101,MATCH(Z7,GLAPS정리!$BH$2:$BH$101,0)),""))) | BX7: =IF($B7="","",IF(Z7="","",IFERROR(VLOOKUP(Z7,GLAPS정리!$AX$2:$AZ$17,3,0),""))) | BZ7: =IF($B7="","",IF(H7="","",VLOOKUP(H7,GLAPS정리!$L$3:$O$133,2,0))) -> HMMC | CA7: =IF($B7="","",IF(V7="공휴일", 10, IF(V7="야간", 20, IF(V7="위험물", 30, IF(V7="중량", 40, ""))))) | CL7: =IF($B7="","",IF(AI7="","",VLOOKUP(AI7,GLAPS정리!$BT$3:$BV$26,3,0))) -> EAS
B8: =IF(GLAPS자동계산!C7="","",GLAPS자동계산!C7) -> 46177 | C8: =IF(GLAPS자동계산!D7="","",GLAPS자동계산!D7) -> ELS솔루션 | D8: =IF(GLAPS자동계산!E7="","",GLAPS자동계산!E7) -> 09:00 | E8: =IF(GLAPS자동계산!F7="","",GLAPS자동계산!F7) -> 오전 | F8: =IF(GLAPS자동계산!G7="","",GLAPS자동계산!G7) -> 아산 1포장장 | G8: =IF(GLAPS자동계산!H7="","",GLAPS자동계산!H7) -> EAS | H8: =IF(GLAPS자동계산!I7="","",GLAPS자동계산!I7) -> HMMC | I8: =IF(GLAPS자동계산!J7="","",GLAPS자동계산!J7) -> CMA | ... AA8: =IF(GLAPS자동계산!AB7="","",GLAPS자동계산!AB7) | AC8: =IF($B8="","",$AC$1) -> 20 | AD8: =IF($B8="","",IFERROR(INDEX(GLAPS정리!$D$2:$D$50,MATCH(I8,GLAPS정리!$A$2:$A$50,0)),IFERROR(INDEX(GLAPS정리!$D$2:$D$50,MATCH(I8,GLAPS정리!$B$2:$B$50,0)),""))) -> CMA | AF8: =IF($B8="","",$AF$1) -> KR10 | AI8: =IF($B8="","",IF(F8="","",VLOOKUP(F8,GLAPS정리!$G$3:$J$114,2,0))) -> H000_GA | AJ8: =IF($B8="","",IF(Z8="울산정일","KRONS",IF(Z8="울산신항","KRUSN",IF(OR(Z8="선광종합물류(인천여객)",Z8="인천여객(인천여객)"),"KRINF",IF(OR(Z8="선광인천보세(인천신)",Z8="한진인천(인천신)",Z8="선광인천신항(인천신)",Z8="인천더로지스(인천신)"),"KRINN",IF(OR(Z8="인천진아(인천항)",Z8="인천E1(인천항)",Z8="인천SM경인터미널(인천항)",Z8="인천항(인천항)",Z8="인천우련(인천항)",Z8="인천항8부두(인천항)"),"KRINC",VLOOKUP(K8,GLAPS정리!$BB$2:$BC$33,2,0))))))) -> KRBNP | AL8: =IF($B8="","",$AL$1) -> 5010001 | AN8: =IF($B8="","",TEXT(B8,"YYYY-MM-DD")) -> 2026-06-04 | AO8: =IF($B8="","",IF(E8="오전", "0800", IF(E8="오후", "1300", IF(E8="잔업", "1800", "")))) -> 0800 | AP8: =IF($B8="","",IF(C8="","",VLOOKUP(C8,GLAPS정리!$AX$2:$AZ$17,3,0))) -> B000005273 | AR8: =IF($B8="","",IF(X8="","",X8)) -> CMA2606010011 | AX8: =IF($B8="","",IF(L8="","",VLOOKUP(L8,GLAPS정리!$V$3:$W$180,2,0))) -> SIKOP | BM8: =IF($B8="","",IF(AND(Q8=1,OR(P8="",P8="위험물")), "2210", IF(AND(Q8=1,OR(P8="리퍼",P8="위험물리퍼")), "2230", IF(AND(S8=1,OR(P8="",P8="위험물")), "4510", IF(AND(S8=1,OR(P8="리퍼",P8="위험물리퍼")), "4530", IF(AND(R8=1,OR(P8="",P8="위험물")), "4210", IF(AND(R8=1,P8="리퍼"), "4230", " "))))))) -> 4510 | BN8: =IF($B8="","",$BN$1) -> 1 | BR8: =IF($B8="","",IF(OR(P8="리퍼",P8="위험물리퍼"),"Y","")) | BS8: =IF($B8="","",IF(OR(P8="위험물",P8="위험물리퍼"),"Y","")) | BV8: =IF($B8="","",IF(O8="","",VLOOKUP(O8,GLAPS정리!$BH$2:$BI$94,2,0))) | BW8: =IF($B8="","",IF(OR(Z8="동원",Z8="세방",Z8="한타"),"",IFERROR(INDEX(GLAPS정리!$BI$2:$BI$101,MATCH(Z8,GLAPS정리!$BH$2:$BH$101,0)),""))) | BX8: =IF($B8="","",IF(Z8="","",IFERROR(VLOOKUP(Z8,GLAPS정리!$AX$2:$AZ$17,3,0),""))) | BZ8: =IF($B8="","",IF(H8="","",VLOOKUP(H8,GLAPS정리!$L$3:$O$133,2,0))) -> HMMC | CA8: =IF($B8="","",IF(V8="공휴일", 10, IF(V8="야간", 20, IF(V8="위험물", 30, IF(V8="중량", 40, ""))))) | CL8: =IF($B8="","",IF(AI8="","",VLOOKUP(AI8,GLAPS정리!$BT$3:$BV$26,3,0))) -> EAS
B9: =IF(GLAPS자동계산!C8="","",GLAPS자동계산!C8) -> 46177 | C9: =IF(GLAPS자동계산!D8="","",GLAPS자동계산!D8) -> ELS솔루션 | D9: =IF(GLAPS자동계산!E8="","",GLAPS자동계산!E8) -> 10:30 | E9: =IF(GLAPS자동계산!F8="","",GLAPS자동계산!F8) -> 오전 | F9: =IF(GLAPS자동계산!G8="","",GLAPS자동계산!G8) -> 아산 1포장장 | G9: =IF(GLAPS자동계산!H8="","",GLAPS자동계산!H8) -> EAS | H9: =IF(GLAPS자동계산!I8="","",GLAPS자동계산!I8) -> HMMC | I9: =IF(GLAPS자동계산!J8="","",GLAPS자동계산!J8) -> CMA | ... AA9: =IF(GLAPS자동계산!AB8="","",GLAPS자동계산!AB8) | AC9: =IF($B9="","",$AC$1) -> 20 | AD9: =IF($B9="","",IFERROR(INDEX(GLAPS정리!$D$2:$D$50,MATCH(I9,GLAPS정리!$A$2:$A$50,0)),IFERROR(INDEX(GLAPS정리!$D$2:$D$50,MATCH(I9,GLAPS정리!$B$2:$B$50,0)),""))) -> CMA | AF9: =IF($B9="","",$AF$1) -> KR10 | AI9: =IF($B9="","",IF(F9="","",VLOOKUP(F9,GLAPS정리!$G$3:$J$114,2,0))) -> H000_GA | AJ9: =IF($B9="","",IF(Z9="울산정일","KRONS",IF(Z9="울산신항","KRUSN",IF(OR(Z9="선광종합물류(인천여객)",Z9="인천여객(인천여객)"),"KRINF",IF(OR(Z9="선광인천보세(인천신)",Z9="한진인천(인천신)",Z9="선광인천신항(인천신)",Z9="인천더로지스(인천신)"),"KRINN",IF(OR(Z9="인천진아(인천항)",Z9="인천E1(인천항)",Z9="인천SM경인터미널(인천항)",Z9="인천항(인천항)",Z9="인천우련(인천항)",Z9="인천항8부두(인천항)"),"KRINC",VLOOKUP(K9,GLAPS정리!$BB$2:$BC$33,2,0))))))) -> KRBNP | AL9: =IF($B9="","",$AL$1) -> 5010001 | AN9: =IF($B9="","",TEXT(B9,"YYYY-MM-DD")) -> 2026-06-04 | AO9: =IF($B9="","",IF(E9="오전", "0800", IF(E9="오후", "1300", IF(E9="잔업", "1800", "")))) -> 0800 | AP9: =IF($B9="","",IF(C9="","",VLOOKUP(C9,GLAPS정리!$AX$2:$AZ$17,3,0))) -> B000005273 | AR9: =IF($B9="","",IF(X9="","",X9)) -> CMA2606010011 | AX9: =IF($B9="","",IF(L9="","",VLOOKUP(L9,GLAPS정리!$V$3:$W$180,2,0))) -> SIKOP | BM9: =IF($B9="","",IF(AND(Q9=1,OR(P9="",P9="위험물")), "2210", IF(AND(Q9=1,OR(P9="리퍼",P9="위험물리퍼")), "2230", IF(AND(S9=1,OR(P9="",P9="위험물")), "4510", IF(AND(S9=1,OR(P9="리퍼",P9="위험물리퍼")), "4530", IF(AND(R9=1,OR(P9="",P9="위험물")), "4210", IF(AND(R9=1,P9="리퍼"), "4230", " "))))))) -> 4510 | BN9: =IF($B9="","",$BN$1) -> 1 | BR9: =IF($B9="","",IF(OR(P9="리퍼",P9="위험물리퍼"),"Y","")) | BS9: =IF($B9="","",IF(OR(P9="위험물",P9="위험물리퍼"),"Y","")) | BV9: =IF($B9="","",IF(O9="","",VLOOKUP(O9,GLAPS정리!$BH$2:$BI$94,2,0))) | BW9: =IF($B9="","",IF(OR(Z9="동원",Z9="세방",Z9="한타"),"",IFERROR(INDEX(GLAPS정리!$BI$2:$BI$101,MATCH(Z9,GLAPS정리!$BH$2:$BH$101,0)),""))) | BX9: =IF($B9="","",IF(Z9="","",IFERROR(VLOOKUP(Z9,GLAPS정리!$AX$2:$AZ$17,3,0),""))) | BZ9: =IF($B9="","",IF(H9="","",VLOOKUP(H9,GLAPS정리!$L$3:$O$133,2,0))) -> HMMC | CA9: =IF($B9="","",IF(V9="공휴일", 10, IF(V9="야간", 20, IF(V9="위험물", 30, IF(V9="중량", 40, ""))))) | CL9: =IF($B9="","",IF(AI9="","",VLOOKUP(AI9,GLAPS정리!$BT$3:$BV$26,3,0))) -> EAS
B10: =IF(GLAPS자동계산!C9="","",GLAPS자동계산!C9) -> 46177 | C10: =IF(GLAPS자동계산!D9="","",GLAPS자동계산!D9) -> ELS솔루션 | D10: =IF(GLAPS자동계산!E9="","",GLAPS자동계산!E9) -> 09:00 | E10: =IF(GLAPS자동계산!F9="","",GLAPS자동계산!F9) -> 오전 | F10: =IF(GLAPS자동계산!G9="","",GLAPS자동계산!G9) -> 아산 3포장장 | G10: =IF(GLAPS자동계산!H9="","",GLAPS자동계산!H9) -> EAS1 | H10: =IF(GLAPS자동계산!I9="","",GLAPS자동계산!I9) -> HMMA | I10: =IF(GLAPS자동계산!J9="","",GLAPS자동계산!J9) -> ONE | ... AA10: =IF(GLAPS자동계산!AB9="","",GLAPS자동계산!AB9) | AC10: =IF($B10="","",$AC$1) -> 20 | AD10: =IF($B10="","",IFERROR(INDEX(GLAPS정리!$D$2:$D$50,MATCH(I10,GLAPS정리!$A$2:$A$50,0)),IFERROR(INDEX(GLAPS정리!$D$2:$D$50,MATCH(I10,GLAPS정리!$B$2:$B$50,0)),""))) -> ONE | AF10: =IF($B10="","",$AF$1) -> KR10 | AI10: =IF($B10="","",IF(F10="","",VLOOKUP(F10,GLAPS정리!$G$3:$J$114,2,0))) -> H000_GC | AJ10: =IF($B10="","",IF(Z10="울산정일","KRONS",IF(Z10="울산신항","KRUSN",IF(OR(Z10="선광종합물류(인천여객)",Z10="인천여객(인천여객)"),"KRINF",IF(OR(Z10="선광인천보세(인천신)",Z10="한진인천(인천신)",Z10="선광인천신항(인천신)",Z10="인천더로지스(인천신)"),"KRINN",IF(OR(Z10="인천진아(인천항)",Z10="인천E1(인천항)",Z10="인천SM경인터미널(인천항)",Z10="인천항(인천항)",Z10="인천우련(인천항)",Z10="인천항8부두(인천항)"),"KRINC",VLOOKUP(K10,GLAPS정리!$BB$2:$BC$33,2,0))))))) -> KRBNP | AL10: =IF($B10="","",$AL$1) -> 5010001 | AN10: =IF($B10="","",TEXT(B10,"YYYY-MM-DD")) -> 2026-06-04 | AO10: =IF($B10="","",IF(E10="오전", "0800", IF(E10="오후", "1300", IF(E10="잔업", "1800", "")))) -> 0800 | AP10: =IF($B10="","",IF(C10="","",VLOOKUP(C10,GLAPS정리!$AX$2:$AZ$17,3,0))) -> B000005273 | AR10: =IF($B10="","",IF(X10="","",X10)) -> SELG82813400 | AX10: =IF($B10="","",IF(L10="","",VLOOKUP(L10,GLAPS정리!$V$3:$W$180,2,0))) -> USLAX | BM10: =IF($B10="","",IF(AND(Q10=1,OR(P10="",P10="위험물")), "2210", IF(AND(Q10=1,OR(P10="리퍼",P10="위험물리퍼")), "2230", IF(AND(S10=1,OR(P10="",P10="위험물")), "4510", IF(AND(S10=1,OR(P10="리퍼",P10="위험물리퍼")), "4530", IF(AND(R10=1,OR(P10="",P10="위험물")), "4210", IF(AND(R10=1,P10="리퍼"), "4230", " "))))))) -> 4510 | BN10: =IF($B10="","",$BN$1) -> 1 | BR10: =IF($B10="","",IF(OR(P10="리퍼",P10="위험물리퍼"),"Y","")) | BS10: =IF($B10="","",IF(OR(P10="위험물",P10="위험물리퍼"),"Y","")) | BV10: =IF($B10="","",IF(O10="","",VLOOKUP(O10,GLAPS정리!$BH$2:$BI$94,2,0))) | BW10: =IF($B10="","",IF(OR(Z10="동원",Z10="세방",Z10="한타"),"",IFERROR(INDEX(GLAPS정리!$BI$2:$BI$101,MATCH(Z10,GLAPS정리!$BH$2:$BH$101,0)),""))) | BX10: =IF($B10="","",IF(Z10="","",IFERROR(VLOOKUP(Z10,GLAPS정리!$AX$2:$AZ$17,3,0),""))) | BZ10: =IF($B10="","",IF(H10="","",VLOOKUP(H10,GLAPS정리!$L$3:$O$133,2,0))) -> UH03 | CA10: =IF($B10="","",IF(V10="공휴일", 10, IF(V10="야간", 20, IF(V10="위험물", 30, IF(V10="중량", 40, ""))))) | CL10: =IF($B10="","",IF(AI10="","",VLOOKUP(AI10,GLAPS정리!$BT$3:$BV$26,3,0))) -> EAS1
B11: =IF(GLAPS자동계산!C10="","",GLAPS자동계산!C10) -> 46177 | C11: =IF(GLAPS자동계산!D10="","",GLAPS자동계산!D10) -> ELS솔루션 | D11: =IF(GLAPS자동계산!E10="","",GLAPS자동계산!E10) -> 14:30 | E11: =IF(GLAPS자동계산!F10="","",GLAPS자동계산!F10) -> 오후 | F11: =IF(GLAPS자동계산!G10="","",GLAPS자동계산!G10) -> KCC 글라스 | G11: =IF(GLAPS자동계산!H10="","",GLAPS자동계산!H10) -> KAC | H11: =IF(GLAPS자동계산!I10="","",GLAPS자동계산!I10) -> HMGMA | I11: =IF(GLAPS자동계산!J10="","",GLAPS자동계산!J10) -> CMA | ... AA11: =IF(GLAPS자동계산!AB10="","",GLAPS자동계산!AB10) | AC11: =IF($B11="","",$AC$1) -> 20 | AD11: =IF($B11="","",IFERROR(INDEX(GLAPS정리!$D$2:$D$50,MATCH(I11,GLAPS정리!$A$2:$A$50,0)),IFERROR(INDEX(GLAPS정리!$D$2:$D$50,MATCH(I11,GLAPS정리!$B$2:$B$50,0)),""))) -> CMA | AF11: =IF($B11="","",$AF$1) -> KR10 | AI11: =IF($B11="","",IF(F11="","",VLOOKUP(F11,GLAPS정리!$G$3:$J$114,2,0))) -> H000_KC | AJ11: =IF($B11="","",IF(Z11="울산정일","KRONS",IF(Z11="울산신항","KRUSN",IF(OR(Z11="선광종합물류(인천여객)",Z11="인천여객(인천여객)"),"KRINF",IF(OR(Z11="선광인천보세(인천신)",Z11="한진인천(인천신)",Z11="선광인천신항(인천신)",Z11="인천더로지스(인천신)"),"KRINN",IF(OR(Z11="인천진아(인천항)",Z11="인천E1(인천항)",Z11="인천SM경인터미널(인천항)",Z11="인천항(인천항)",Z11="인천우련(인천항)",Z11="인천항8부두(인천항)"),"KRINC",VLOOKUP(K11,GLAPS정리!$BB$2:$BC$33,2,0))))))) -> KRBNP | AL11: =IF($B11="","",$AL$1) -> 5010001 | AN11: =IF($B11="","",TEXT(B11,"YYYY-MM-DD")) -> 2026-06-04 | AO11: =IF($B11="","",IF(E11="오전", "0800", IF(E11="오후", "1300", IF(E11="잔업", "1800", "")))) -> 1300 | AP11: =IF($B11="","",IF(C11="","",VLOOKUP(C11,GLAPS정리!$AX$2:$AZ$17,3,0))) -> B000005273 | AR11: =IF($B11="","",IF(X11="","",X11)) -> CMA2605290012 | AX11: =IF($B11="","",IF(L11="","",VLOOKUP(L11,GLAPS정리!$V$3:$W$180,2,0))) -> USSAV | BM11: =IF($B11="","",IF(AND(Q11=1,OR(P11="",P11="위험물")), "2210", IF(AND(Q11=1,OR(P11="리퍼",P11="위험물리퍼")), "2230", IF(AND(S11=1,OR(P11="",P11="위험물")), "4510", IF(AND(S11=1,OR(P11="리퍼",P11="위험물리퍼")), "4530", IF(AND(R11=1,OR(P11="",P11="위험물")), "4210", IF(AND(R11=1,P11="리퍼"), "4230", " "))))))) -> 4510 | BN11: =IF($B11="","",$BN$1) -> 1 | BR11: =IF($B11="","",IF(OR(P11="리퍼",P11="위험물리퍼"),"Y","")) | BS11: =IF($B11="","",IF(OR(P11="위험물",P11="위험물리퍼"),"Y","")) | BV11: =IF($B11="","",IF(O11="","",VLOOKUP(O11,GLAPS정리!$BH$2:$BI$94,2,0))) | BW11: =IF($B11="","",IF(OR(Z11="동원",Z11="세방",Z11="한타"),"",IFERROR(INDEX(GLAPS정리!$BI$2:$BI$101,MATCH(Z11,GLAPS정리!$BH$2:$BH$101,0)),""))) | BX11: =IF($B11="","",IF(Z11="","",IFERROR(VLOOKUP(Z11,GLAPS정리!$AX$2:$AZ$17,3,0),""))) | BZ11: =IF($B11="","",IF(H11="","",VLOOKUP(H11,GLAPS정리!$L$3:$O$133,2,0))) -> GA2982 | CA11: =IF($B11="","",IF(V11="공휴일", 10, IF(V11="야간", 20, IF(V11="위험물", 30, IF(V11="중량", 40, ""))))) | CL11: =IF($B11="","",IF(AI11="","",VLOOKUP(AI11,GLAPS정리!$BT$3:$BV$26,3,0))) -> KAC
B12: =IF(GLAPS자동계산!C11="","",GLAPS자동계산!C11) | C12: =IF(GLAPS자동계산!D11="","",GLAPS자동계산!D11) | D12: =IF(GLAPS자동계산!E11="","",GLAPS자동계산!E11) | E12: =IF(GLAPS자동계산!F11="","",GLAPS자동계산!F11) | F12: =IF(GLAPS자동계산!G11="","",GLAPS자동계산!G11) | G12: =IF(GLAPS자동계산!H11="","",GLAPS자동계산!H11) | H12: =IF(GLAPS자동계산!I11="","",GLAPS자동계산!I11) | I12: =IF(GLAPS자동계산!J11="","",GLAPS자동계산!J11) | ... AA12: =IF(GLAPS자동계산!AB11="","",GLAPS자동계산!AB11) | AC12: =IF($B12="","",$AC$1) | AD12: =IF($B12="","",IFERROR(INDEX(GLAPS정리!$D$2:$D$50,MATCH(I12,GLAPS정리!$A$2:$A$50,0)),IFERROR(INDEX(GLAPS정리!$D$2:$D$50,MATCH(I12,GLAPS정리!$B$2:$B$50,0)),""))) | AF12: =IF($B12="","",$AF$1) | AI12: =IF($B12="","",IF(F12="","",VLOOKUP(F12,GLAPS정리!$G$3:$J$114,2,0))) | AJ12: =IF($B12="","",IF(Z12="울산정일","KRONS",IF(Z12="울산신항","KRUSN",IF(OR(Z12="선광종합물류(인천여객)",Z12="인천여객(인천여객)"),"KRINF",IF(OR(Z12="선광인천보세(인천신)",Z12="한진인천(인천신)",Z12="선광인천신항(인천신)",Z12="인천더로지스(인천신)"),"KRINN",IF(OR(Z12="인천진아(인천항)",Z12="인천E1(인천항)",Z12="인천SM경인터미널(인천항)",Z12="인천항(인천항)",Z12="인천우련(인천항)",Z12="인천항8부두(인천항)"),"KRINC",VLOOKUP(K12,GLAPS정리!$BB$2:$BC$33,2,0))))))) | AL12: =IF($B12="","",$AL$1) | AN12: =IF($B12="","",TEXT(B12,"YYYY-MM-DD")) | AO12: =IF($B12="","",IF(E12="오전", "0800", IF(E12="오후", "1300", IF(E12="잔업", "1800", "")))) | AP12: =IF($B12="","",IF(C12="","",VLOOKUP(C12,GLAPS정리!$AX$2:$AZ$17,3,0))) | AR12: =IF($B12="","",IF(X12="","",X12)) | AX12: =IF($B12="","",IF(L12="","",VLOOKUP(L12,GLAPS정리!$V$3:$W$180,2,0))) | BM12: =IF($B12="","",IF(AND(Q12=1,OR(P12="",P12="위험물")), "2210", IF(AND(Q12=1,OR(P12="리퍼",P12="위험물리퍼")), "2230", IF(AND(S12=1,OR(P12="",P12="위험물")), "4510", IF(AND(S12=1,OR(P12="리퍼",P12="위험물리퍼")), "4530", IF(AND(R12=1,OR(P12="",P12="위험물")), "4210", IF(AND(R12=1,P12="리퍼"), "4230", " "))))))) | BN12: =IF($B12="","",$BN$1) | BR12: =IF($B12="","",IF(OR(P12="리퍼",P12="위험물리퍼"),"Y","")) | BS12: =IF($B12="","",IF(OR(P12="위험물",P12="위험물리퍼"),"Y","")) | BV12: =IF($B12="","",IF(O12="","",VLOOKUP(O12,GLAPS정리!$BH$2:$BI$94,2,0))) | BW12: =IF($B12="","",IF(OR(Z12="동원",Z12="세방",Z12="한타"),"",IFERROR(INDEX(GLAPS정리!$BI$2:$BI$101,MATCH(Z12,GLAPS정리!$BH$2:$BH$101,0)),""))) | BX12: =IF($B12="","",IF(Z12="","",IFERROR(VLOOKUP(Z12,GLAPS정리!$AX$2:$AZ$17,3,0),""))) | BZ12: =IF($B12="","",IF(H12="","",VLOOKUP(H12,GLAPS정리!$L$3:$O$133,2,0))) | CA12: =IF($B12="","",IF(V12="공휴일", 10, IF(V12="야간", 20, IF(V12="위험물", 30, IF(V12="중량", 40, ""))))) | CL12: =IF($B12="","",IF(AI12="","",VLOOKUP(AI12,GLAPS정리!$BT$3:$BV$26,3,0)))
B13: =IF(GLAPS자동계산!C12="","",GLAPS자동계산!C12) | C13: =IF(GLAPS자동계산!D12="","",GLAPS자동계산!D12) | D13: =IF(GLAPS자동계산!E12="","",GLAPS자동계산!E12) | E13: =IF(GLAPS자동계산!F12="","",GLAPS자동계산!F12) | F13: =IF(GLAPS자동계산!G12="","",GLAPS자동계산!G12) | G13: =IF(GLAPS자동계산!H12="","",GLAPS자동계산!H12) | H13: =IF(GLAPS자동계산!I12="","",GLAPS자동계산!I12) | I13: =IF(GLAPS자동계산!J12="","",GLAPS자동계산!J12) | ... AA13: =IF(GLAPS자동계산!AB12="","",GLAPS자동계산!AB12) | AC13: =IF($B13="","",$AC$1) | AD13: =IF($B13="","",IFERROR(INDEX(GLAPS정리!$D$2:$D$50,MATCH(I13,GLAPS정리!$A$2:$A$50,0)),IFERROR(INDEX(GLAPS정리!$D$2:$D$50,MATCH(I13,GLAPS정리!$B$2:$B$50,0)),""))) | AF13: =IF($B13="","",$AF$1) | AI13: =IF($B13="","",IF(F13="","",VLOOKUP(F13,GLAPS정리!$G$3:$J$114,2,0))) | AJ13: =IF($B13="","",IF(Z13="울산정일","KRONS",IF(Z13="울산신항","KRUSN",IF(OR(Z13="선광종합물류(인천여객)",Z13="인천여객(인천여객)"),"KRINF",IF(OR(Z13="선광인천보세(인천신)",Z13="한진인천(인천신)",Z13="선광인천신항(인천신)",Z13="인천더로지스(인천신)"),"KRINN",IF(OR(Z13="인천진아(인천항)",Z13="인천E1(인천항)",Z13="인천SM경인터미널(인천항)",Z13="인천항(인천항)",Z13="인천우련(인천항)",Z13="인천항8부두(인천항)"),"KRINC",VLOOKUP(K13,GLAPS정리!$BB$2:$BC$33,2,0))))))) | AL13: =IF($B13="","",$AL$1) | AN13: =IF($B13="","",TEXT(B13,"YYYY-MM-DD")) | AO13: =IF($B13="","",IF(E13="오전", "0800", IF(E13="오후", "1300", IF(E13="잔업", "1800", "")))) | AP13: =IF($B13="","",IF(C13="","",VLOOKUP(C13,GLAPS정리!$AX$2:$AZ$17,3,0))) | AR13: =IF($B13="","",IF(X13="","",X13)) | AX13: =IF($B13="","",IF(L13="","",VLOOKUP(L13,GLAPS정리!$V$3:$W$180,2,0))) | BM13: =IF($B13="","",IF(AND(Q13=1,OR(P13="",P13="위험물")), "2210", IF(AND(Q13=1,OR(P13="리퍼",P13="위험물리퍼")), "2230", IF(AND(S13=1,OR(P13="",P13="위험물")), "4510", IF(AND(S13=1,OR(P13="리퍼",P13="위험물리퍼")), "4530", IF(AND(R13=1,OR(P13="",P13="위험물")), "4210", IF(AND(R13=1,P13="리퍼"), "4230", " "))))))) | BN13: =IF($B13="","",$BN$1) | BR13: =IF($B13="","",IF(OR(P13="리퍼",P13="위험물리퍼"),"Y","")) | BS13: =IF($B13="","",IF(OR(P13="위험물",P13="위험물리퍼"),"Y","")) | BV13: =IF($B13="","",IF(O13="","",VLOOKUP(O13,GLAPS정리!$BH$2:$BI$94,2,0))) | BW13: =IF($B13="","",IF(OR(Z13="동원",Z13="세방",Z13="한타"),"",IFERROR(INDEX(GLAPS정리!$BI$2:$BI$101,MATCH(Z13,GLAPS정리!$BH$2:$BH$101,0)),""))) | BX13: =IF($B13="","",IF(Z13="","",IFERROR(VLOOKUP(Z13,GLAPS정리!$AX$2:$AZ$17,3,0),""))) | BZ13: =IF($B13="","",IF(H13="","",VLOOKUP(H13,GLAPS정리!$L$3:$O$133,2,0))) | CA13: =IF($B13="","",IF(V13="공휴일", 10, IF(V13="야간", 20, IF(V13="위험물", 30, IF(V13="중량", 40, ""))))) | CL13: =IF($B13="","",IF(AI13="","",VLOOKUP(AI13,GLAPS정리!$BT$3:$BV$26,3,0)))
B14: =IF(GLAPS자동계산!C13="","",GLAPS자동계산!C13) | C14: =IF(GLAPS자동계산!D13="","",GLAPS자동계산!D13) | D14: =IF(GLAPS자동계산!E13="","",GLAPS자동계산!E13) | E14: =IF(GLAPS자동계산!F13="","",GLAPS자동계산!F13) | F14: =IF(GLAPS자동계산!G13="","",GLAPS자동계산!G13) | G14: =IF(GLAPS자동계산!H13="","",GLAPS자동계산!H13) | H14: =IF(GLAPS자동계산!I13="","",GLAPS자동계산!I13) | I14: =IF(GLAPS자동계산!J13="","",GLAPS자동계산!J13) | ... AA14: =IF(GLAPS자동계산!AB13="","",GLAPS자동계산!AB13) | AC14: =IF($B14="","",$AC$1) | AD14: =IF($B14="","",IFERROR(INDEX(GLAPS정리!$D$2:$D$50,MATCH(I14,GLAPS정리!$A$2:$A$50,0)),IFERROR(INDEX(GLAPS정리!$D$2:$D$50,MATCH(I14,GLAPS정리!$B$2:$B$50,0)),""))) | AF14: =IF($B14="","",$AF$1) | AI14: =IF($B14="","",IF(F14="","",VLOOKUP(F14,GLAPS정리!$G$3:$J$114,2,0))) | AJ14: =IF($B14="","",IF(Z14="울산정일","KRONS",IF(Z14="울산신항","KRUSN",IF(OR(Z14="선광종합물류(인천여객)",Z14="인천여객(인천여객)"),"KRINF",IF(OR(Z14="선광인천보세(인천신)",Z14="한진인천(인천신)",Z14="선광인천신항(인천신)",Z14="인천더로지스(인천신)"),"KRINN",IF(OR(Z14="인천진아(인천항)",Z14="인천E1(인천항)",Z14="인천SM경인터미널(인천항)",Z14="인천항(인천항)",Z14="인천우련(인천항)",Z14="인천항8부두(인천항)"),"KRINC",VLOOKUP(K14,GLAPS정리!$BB$2:$BC$33,2,0))))))) | AL14: =IF($B14="","",$AL$1) | AN14: =IF($B14="","",TEXT(B14,"YYYY-MM-DD")) | AO14: =IF($B14="","",IF(E14="오전", "0800", IF(E14="오후", "1300", IF(E14="잔업", "1800", "")))) | AP14: =IF($B14="","",IF(C14="","",VLOOKUP(C14,GLAPS정리!$AX$2:$AZ$17,3,0))) | AR14: =IF($B14="","",IF(X14="","",X14)) | AX14: =IF($B14="","",IF(L14="","",VLOOKUP(L14,GLAPS정리!$V$3:$W$180,2,0))) | BM14: =IF($B14="","",IF(AND(Q14=1,OR(P14="",P14="위험물")), "2210", IF(AND(Q14=1,OR(P14="리퍼",P14="위험물리퍼")), "2230", IF(AND(S14=1,OR(P14="",P14="위험물")), "4510", IF(AND(S14=1,OR(P14="리퍼",P14="위험물리퍼")), "4530", IF(AND(R14=1,OR(P14="",P14="위험물")), "4210", IF(AND(R14=1,P14="리퍼"), "4230", " "))))))) | BN14: =IF($B14="","",$BN$1) | BR14: =IF($B14="","",IF(OR(P14="리퍼",P14="위험물리퍼"),"Y","")) | BS14: =IF($B14="","",IF(OR(P14="위험물",P14="위험물리퍼"),"Y","")) | BV14: =IF($B14="","",IF(O14="","",VLOOKUP(O14,GLAPS정리!$BH$2:$BI$94,2,0))) | BW14: =IF($B14="","",IF(OR(Z14="동원",Z14="세방",Z14="한타"),"",IFERROR(INDEX(GLAPS정리!$BI$2:$BI$101,MATCH(Z14,GLAPS정리!$BH$2:$BH$101,0)),""))) | BX14: =IF($B14="","",IF(Z14="","",IFERROR(VLOOKUP(Z14,GLAPS정리!$AX$2:$AZ$17,3,0),""))) | BZ14: =IF($B14="","",IF(H14="","",VLOOKUP(H14,GLAPS정리!$L$3:$O$133,2,0))) | CA14: =IF($B14="","",IF(V14="공휴일", 10, IF(V14="야간", 20, IF(V14="위험물", 30, IF(V14="중량", 40, ""))))) | CL14: =IF($B14="","",IF(AI14="","",VLOOKUP(AI14,GLAPS정리!$BT$3:$BV$26,3,0)))
... B202: =IF(GLAPS자동계산!C201="","",GLAPS자동계산!C201) | C202: =IF(GLAPS자동계산!D201="","",GLAPS자동계산!D201) | D202: =IF(GLAPS자동계산!E201="","",GLAPS자동계산!E201) | E202: =IF(GLAPS자동계산!F201="","",GLAPS자동계산!F201) | F202: =IF(GLAPS자동계산!G201="","",GLAPS자동계산!G201) | G202: =IF(GLAPS자동계산!H201="","",GLAPS자동계산!H201) | H202: =IF(GLAPS자동계산!I201="","",GLAPS자동계산!I201) | I202: =IF(GLAPS자동계산!J201="","",GLAPS자동계산!J201) | ... AA202: =IF(GLAPS자동계산!AB201="","",GLAPS자동계산!AB201) | AC202: =IF($B202="","",$AC$1) | AD202: =IF($B202="","",IFERROR(INDEX(GLAPS정리!$D$2:$D$50,MATCH(I202,GLAPS정리!$A$2:$A$50,0)),IFERROR(INDEX(GLAPS정리!$D$2:$D$50,MATCH(I202,GLAPS정리!$B$2:$B$50,0)),""))) | AF202: =IF($B202="","",$AF$1) | AI202: =IF($B202="","",IF(F202="","",VLOOKUP(F202,GLAPS정리!$G$3:$J$114,2,0))) | AJ202: =IF($B202="","",IF(Z202="울산정일","KRONS",IF(Z202="울산신항","KRUSN",IF(OR(Z202="선광종합물류(인천여객)",Z202="인천여객(인천여객)"),"KRINF",IF(OR(Z202="선광인천보세(인천신)",Z202="한진인천(인천신)",Z202="선광인천신항(인천신)",Z202="인천더로지스(인천신)"),"KRINN",IF(OR(Z202="인천진아(인천항)",Z202="인천E1(인천항)",Z202="인천SM경인터미널(인천항)",Z202="인천항(인천항)",Z202="인천우련(인천항)",Z202="인천항8부두(인천항)"),"KRINC",VLOOKUP(K202,GLAPS정리!$BB$2:$BC$33,2,0))))))) | AL202: =IF($B202="","",$AL$1) | AN202: =IF($B202="","",TEXT(B202,"YYYY-MM-DD")) | AO202: =IF($B202="","",IF(E202="오전", "0800", IF(E202="오후", "1300", IF(E202="잔업", "1800", "")))) | AP202: =IF($B202="","",IF(C202="","",VLOOKUP(C202,GLAPS정리!$AX$2:$AZ$17,3,0))) | AR202: =IF($B202="","",IF(X202="","",X202)) | AX202: =IF($B202="","",IF(L202="","",VLOOKUP(L202,GLAPS정리!$V$3:$W$180,2,0))) | BM202: =IF($B202="","",IF(AND(Q202=1,OR(P202="",P202="위험물")), "2210", IF(AND(Q202=1,OR(P202="리퍼",P202="위험물리퍼")), "2230", IF(AND(S202=1,OR(P202="",P202="위험물")), "4510", IF(AND(S202=1,OR(P202="리퍼",P202="위험물리퍼")), "4530", IF(AND(R202=1,OR(P202="",P202="위험물")), "4210", IF(AND(R202=1,P202="리퍼"), "4230", " "))))))) | BN202: =IF($B202="","",$BN$1) | BR202: =IF($B202="","",IF(OR(P202="리퍼",P202="위험물리퍼"),"Y","")) | BS202: =IF($B202="","",IF(OR(P202="위험물",P202="위험물리퍼"),"Y","")) | BV202: =IF($B202="","",IF(O202="","",VLOOKUP(O202,GLAPS정리!$BH$2:$BI$94,2,0))) | BW202: =IF($B202="","",IF(OR(Z202="동원",Z202="세방",Z202="한타"),"",IFERROR(INDEX(GLAPS정리!$BI$2:$BI$101,MATCH(Z202,GLAPS정리!$BH$2:$BH$101,0)),""))) | BX202: =IF($B202="","",IF(Z202="","",IFERROR(VLOOKUP(Z202,GLAPS정리!$AX$2:$AZ$17,3,0),""))) | BZ202: =IF($B202="","",IF(H202="","",VLOOKUP(H202,GLAPS정리!$L$3:$O$133,2,0))) | CA202: =IF($B202="","",IF(V202="공휴일", 10, IF(V202="야간", 20, IF(V202="위험물", 30, IF(V202="중량", 40, ""))))) | CL202: =IF($B202="","",IF(AI202="","",VLOOKUP(AI202,GLAPS정리!$BT$3:$BV$26,3,0)))

Sheet GLAPS컨테이너배차관리
A1: ODCY명 | B1: 번호 | C1: 배차 | D1: 운송 | E1: 오더번호(TMS) | F1: 편성번호 | G1: 배차번호 | H1: 진행상태 | I1: 정산상태 | J1: 오더구분 | K1: 작업지(하차지)도착요청일 | L1: 작업지(하차지)도착요청시간 | M1: 픽업부킹번호 | N1: 반입부킹번호 | O1: 선사코드 | P1: 선사명 | Q1: POL | R1: Pod | S1: 최종목적지 | T1: 작업지(하차지)명 | U1: 컨샤이니명 | V1: 선적지 | W1: 화주사 | X1: 컨테이너 번호 | Y1: 컨규격 | Z1: 봉인번호 | AA1: 컨테이너 사진 | AB1: 차량번호 | AC1: 운전원명 | AD1: 기사전화번호 | AE1: 차량아이디 | AF1: ATD | AG1: ETD | AH1: ETA | AI1: 냉동 | AJ1: 온도 | AK1: 위험물 | AL1: 위험물코드 | AM1: 위험물 Free Time | AN1: 공컨반납기한 | AO1: 반납기한초과 | AP1: 철송여부 | AQ1: 오더등급 | AR1: 하차지등급 | AS1: 운송구분 | AT1: 직계약여부 | AU1: 모바일배정 | AV1: 운전원매입금액 | AW1: 운전원배차여부 | AX1: GMMS 등록 | AY1: 운송사코드 | AZ1: 운송사 | BA1: 수기배정사유 | BB1: 수기배정사유내용 | BC1: 판매시장 | BD1: 판매구분 | BE1: 매출구분 | BF1: 직계약 차량 | BG1: 입차영업소 | BH1: 입차일자 | BI1: COPINO | BJ1: COPINO전송일시 | BK1: COPINO응답여부 | BL1: COPINO응답메시지 | BM1: 운송경로코드 | BN1: 운송경로명 | BO1: 운송경로 기준거리(KM) | BP1: 반출가능여부 | BQ1: 반출지 코드 | BR1: 반출지명(출발) | BS1: 반출지 주소 | BT1: 파손컨 여부 | BU1: 파손사진 | BV1: 파손신고일 | BW1: 파손신고시간 | BX1: 반출완료일시 | BY1: 작업지 코드 | BZ1: 작업지(하차지) 주소 | CA1: 작업(하차)완료일시 | CB1: 경유지코드 | CC1: 경유지명 | CD1: 경유지주소 | CE1: 선픽업여부 | CF1: 선픽업정산방식 | CG1: 선픽업창고명 | CH1: 선픽업시작일 | CI1: 선픽업종료일 | CJ1: 선픽업보관일수 | CK1: ODCY 여부 | CL1: ODCY 코드 | CM1: ODCY창고명 | CN1: 보관일수 | CO1: 선픽업 보관일수 | CP1: 반출CY | CQ1: 반출CY일치여부 | CR1: 반출일시 | CS1: 반입CY | CT1: 반입CY일치여부 | CU1: 반입일시 | CV1: 컨테이너 중량 | CW1: VGM | CX1: 화물설명 | CY1: 화주 구분 | CZ1: 산업군 | DA1: 오더일시 | DB1: 배정일시 | DC1: 배차일시 | DD1: 배차취소시간 | DE1: 정산기준일자 | DF1: 통지사항 | DG1: 메모 | DH1: 매입금액 | DI1: 할증1 | DJ1: 할증2 | DK1: 할증3 | DL1: 할증4 | DM1: 할증5 | DN1: 매입할증 합계 | DO1: 선픽업료 | DP1: 공컨상차비여부 | DQ1: 정산정보 | DR1: 오더등록업체 | DS1: 오더등록자명 | DT1: 오더등록자 연락처 | DU1: 오더등록자 이메일 | DV1: 운송서비스 | DW1: 운송서비스코드 | DX1: 공차중량
B2: 193 | E2: W260602-00000423 | F2: X260602-001956 | G2: Y260602-001956 | H2: 배정 | I2: 미생성 | J2: 수출 | K2: 46177 | L2: 18:00 | M2: SELG82813400 | N2: SELG82813400 | O2: ONE | P2: 오션네트워크익스프레스 | S2: USSAV | T2: [GB]아산 2포장장 (오토쎌) | U2: KAGA | V2: 네슬리 | W2: 현대글로비스주식회사 | Y2: 4510 | AK2: N | AP2: N | AQ2: D | AS2: 주선 | AT2: N | AV2: 0 | AX2: N | AY2: 1011 | AZ2: ㈜이엘에스솔루션 | BC2: 수출 | BD2: 반제품 | BE2: 운송료 | BI2: N | BK2: N | BM2: AAAAAAAAA | BN2: 컨테이너 미정의 | BP2: N | BQ2: AAA | BR2: 미정의 | BT2: N | BW2: __:__ | BY2: H000_GB | CK2: N | CQ2: N | CT2: N | CV2: 0 | CY2: 계열 | DA2: 02)16:51 | DB2: 02)16:51 | DH2: 0 | DN2: 0 | DO2: 0 | DP2: N | DS2: 박승기 | DV2: 컨테이너_수출 | DW2: 5010001 | DX2: 0
B3: 192 | E3: W260602-00000422 | F3: X260602-001957 | G3: Y260602-001957 | H3: 배정 | I3: 미생성 | J3: 수출 | K3: 46177 | L3: 13:00 | M3: D713CJ044 | N3: D713CJ044 | O3: MAE | P3: 머스크 | S3: USMOB | T3: [GB]아산 2포장장 (오토쎌) | U3: HMMA | V3: 셔틀 | W3: 현대글로비스주식회사 | Y3: 4510 | AK3: N | AP3: N | AQ3: D | AS3: 주선 | AT3: N | AV3: 0 | AX3: N | AY3: 1011 | AZ3: ㈜이엘에스솔루션 | BC3: 수출 | BD3: 반제품 | BE3: 운송료 | BI3: N | BK3: N | BM3: AAAAAAAAA | BN3: 컨테이너 미정의 | BP3: N | BQ3: AAA | BR3: 미정의 | BT3: N | BW3: __:__ | BY3: H000_GB | CK3: N | CQ3: N | CT3: N | CV3: 0 | CY3: 계열 | DA3: 02)16:51 | DB3: 02)16:51 | DH3: 0 | DN3: 0 | DO3: 0 | DP3: N | DS3: 박승기 | DV3: 컨테이너_수출 | DW3: 5010001 | DX3: 0
B4: 191 | E4: W260602-00000421 | F4: X260602-002072 | G4: Y260602-002072 | H4: 배정 | I4: 미생성 | J4: 수출 | K4: 46177 | L4: 18:00 | M4: D713CJ044 | N4: D713CJ044 | O4: MAE | P4: 머스크 | S4: USMOB | T4: [GB]아산 2포장장 (오토쎌) | U4: HMMA | V4: 대신 | W4: 현대글로비스주식회사 | Y4: 4510 | AK4: N | AP4: N | AQ4: D | AS4: 주선 | AT4: N | AV4: 0 | AX4: N | AY4: 1011 | AZ4: ㈜이엘에스솔루션 | BC4: 수출 | BD4: 반제품 | BE4: 운송료 | BI4: N | BK4: N | BM4: AAAAAAAAA | BN4: 컨테이너 미정의 | BP4: N | BQ4: AAA | BR4: 미정의 | BT4: N | BW4: __:__ | BY4: H000_GB | CK4: N | CQ4: N | CT4: N | CV4: 0 | CY4: 계열 | DA4: 02)17:35 | DB4: 02)17:35 | DH4: 0 | DN4: 0 | DO4: 0 | DP4: N | DS4: 박승기 | DV4: 컨테이너_수출 | DW4: 5010001 | DX4: 0
B5: 190 | E5: W260602-00000421 | F5: X260602-002071 | G5: Y260602-002071 | H5: 배정 | I5: 미생성 | J5: 수출 | K5: 46177 | L5: 19:00 | M5: D713CJ044 | N5: D713CJ044 | O5: MAE | P5: 머스크 | S5: USMOB | T5: [GB]아산 2포장장 (오토쎌) | U5: HMMA | V5: 대신 | W5: 현대글로비스주식회사 | Y5: 4510 | AK5: N | AP5: N | AQ5: D | AS5: 주선 | AT5: N | AV5: 0 | AX5: N | AY5: 1011 | AZ5: ㈜이엘에스솔루션 | BC5: 수출 | BD5: 반제품 | BE5: 운송료 | BI5: N | BK5: N | BM5: AAAAAAAAA | BN5: 컨테이너 미정의 | BP5: N | BQ5: AAA | BR5: 미정의 | BT5: N | BW5: __:__ | BY5: H000_GB | CK5: N | CQ5: N | CT5: N | CV5: 0 | CY5: 계열 | DA5: 02)17:34 | DB5: 02)17:34 | DH5: 0 | DN5: 0 | DO5: 0 | DP5: N | DS5: 박승기 | DV5: 컨테이너_수출 | DW5: 5010001 | DX5: 0
B6: 189 | E6: W260602-00000421 | F6: X260602-002070 | G6: Y260602-002070 | H6: 배정 | I6: 미생성 | J6: 수출 | K6: 46177 | L6: 14:00 | M6: D713CJ044 | N6: D713CJ044 | O6: MAE | P6: 머스크 | S6: USMOB | T6: [GB]아산 2포장장 (오토쎌) | U6: HMMA | V6: 셔틀 | W6: 현대글로비스주식회사 | Y6: 4510 | AK6: N | AP6: N | AQ6: D | AS6: 주선 | AT6: N | AV6: 0 | AX6: N | AY6: 1011 | AZ6: ㈜이엘에스솔루션 | BC6: 수출 | BD6: 반제품 | BE6: 운송료 | BI6: N | BK6: N | BM6: AAAAAAAAA | BN6: 컨테이너 미정의 | BP6: N | BQ6: AAA | BR6: 미정의 | BT6: N | BW6: __:__ | BY6: H000_GB | CK6: N | CQ6: N | CT6: N | CV6: 0 | CY6: 계열 | DA6: 02)17:33 | DB6: 02)17:33 | DH6: 0 | DN6: 0 | DO6: 0 | DP6: N | DS6: 박승기 | DV6: 컨테이너_수출 | DW6: 5010001 | DX6: 0
B7: 188 | E7: W260602-00000421 | F7: X260602-001958 | G7: Y260602-001958 | H7: 배정 | I7: 미생성 | J7: 수출 | K7: 46177 | L7: 19:00 | M7: D713CJ044 | N7: D713CJ044 | O7: MAE | P7: 머스크 | S7: USMOB | T7: [GB]아산 2포장장 (오토쎌) | U7: HMMA | V7: 미배정 | W7: 현대글로비스주식회사 | Y7: 4510 | AK7: N | AP7: N | AQ7: D | AS7: 주선 | AT7: N | AV7: 0 | AX7: N | AY7: 1011 | AZ7: ㈜이엘에스솔루션 | BC7: 수출 | BD7: 반제품 | BE7: 운송료 | BI7: N | BK7: N | BM7: AAAAAAAAA | BN7: 컨테이너 미정의 | BP7: N | BQ7: AAA | BR7: 미정의 | BT7: N | BW7: __:__ | BY7: H000_GB | CK7: N | CQ7: N | CT7: N | CV7: 0 | CY7: 계열 | DA7: 02)16:51 | DB7: 02)16:51 | DH7: 0 | DN7: 0 | DO7: 0 | DP7: N | DS7: 박승기 | DV7: 컨테이너_수출 | DW7: 5010001 | DX7: 0
B8: 187 | E8: W260602-00000417 | F8: X260602-001962 | G8: Y260602-001962 | H8: 배정 | I8: 미생성 | J8: 수출 | K8: 46177 | L8: 15:00 | M8: SELG82813400 | N8: SELG82813400 | O8: ONE | P8: 오션네트워크익스프레스 | S8: USLAX | T8: [GB]아산 2포장장 (오토쎌) | U8: HMMA | V8: 셔틀 | W8: 현대글로비스주식회사 | Y8: 4510 | AK8: N | AP8: N | AQ8: D | AS8: 주선 | AT8: N | AV8: 0 | AX8: N | AY8: 1011 | AZ8: ㈜이엘에스솔루션 | BC8: 수출 | BD8: 반제품 | BE8: 운송료 | BI8: N | BK8: N | BM8: AAAAAAAAA | BN8: 컨테이너 미정의 | BP8: N | BQ8: AAA | BR8: 미정의 | BT8: N | BW8: __:__ | BY8: H000_GB | CK8: N | CQ8: N | CT8: N | CV8: 0 | CY8: 계열 | DA8: 02)16:51 | DB8: 02)16:51 | DH8: 0 | DN8: 0 | DO8: 0 | DP8: N | DS8: 박승기 | DV8: 컨테이너_수출 | DW8: 5010001 | DX8: 0
B9: 186 | E9: W260602-00000416 | F9: X260602-001963 | G9: Y260602-001963 | H9: 배정 | I9: 미생성 | J9: 수출 | K9: 46177 | L9: 09:00 | M9: D713CJ044 | N9: D713CJ044 | O9: MAE | P9: 머스크 | S9: USLAX | T9: [GB]아산 2포장장 (오토쎌) | U9: KAGA | V9: 이지 | W9: 현대글로비스주식회사 | Y9: 4510 | AK9: N | AP9: N | AQ9: D | AS9: 주선 | AT9: N | AV9: 0 | AX9: N | AY9: 1011 | AZ9: ㈜이엘에스솔루션 | BC9: 수출 | BD9: 반제품 | BE9: 운송료 | BI9: N | BK9: N | BM9: AAAAAAAAA | BN9: 컨테이너 미정의 | BP9: N | BQ9: AAA | BR9: 미정의 | BT9: N | BW9: __:__ | BY9: H000_GB | CK9: N | CQ9: N | CT9: N | CV9: 0 | CY9: 계열 | DA9: 02)16:51 | DB9: 02)16:51 | DH9: 0 | DN9: 0 | DO9: 0 | DP9: N | DS9: 박승기 | DV9: 컨테이너_수출 | DW9: 5010001 | DX9: 0
B10: 185 | E10: W260602-00000415 | F10: X260602-001964 | G10: Y260602-001964 | H10: 배정 | I10: 미생성 | J10: 수출 | K10: 46177 | L10: 11:00 | M10: D713CJ044 | N10: D713CJ044 | O10: MAE | P10: 머스크 | S10: USLAX | T10: [GB]아산 2포장장 (오토쎌) | U10: KAGA | V10: 셔틀 | W10: 현대글로비스주식회사 | Y10: 4510 | AK10: N | AP10: N | AQ10: D | AS10: 주선 | AT10: N | AV10: 0 | AX10: N | AY10: 1011 | AZ10: ㈜이엘에스솔루션 | BC10: 수출 | BD10: 반제품 | BE10: 운송료 | BI10: N | BK10: N | BM10: AAAAAAAAA | BN10: 컨테이너 미정의 | BP10: N | BQ10: AAA | BR10: 미정의 | BT10: N | BW10: __:__ | BY10: H000_GB | CK10: N | CQ10: N | CT10: N | CV10: 0 | CY10: 계열 | DA10: 02)16:51 | DB10: 02)16:51 | DH10: 0 | DN10: 0 | DO10: 0 | DP10: N | DS10: 박승기 | DV10: 컨테이너_수출 | DW10: 5010001 | DX10: 0
B11: 184 | E11: W260602-00000414 | F11: X260602-001965 | G11: Y260602-001965 | H11: 배정 | I11: 미생성 | J11: 수출 | K11: 46177 | L11: 16:00 | M11: 005GX17204 | N11: 005GX17204 | O11: WHL | P11: Wanhai라인 | S11: INKAT | T11: [GB]아산 2포장장 (오토쎌) | U11: HMI/HMI PUNE | V11: 대신 | W11: 현대글로비스주식회사 | Y11: 4510 | AK11: N | AP11: N | AQ11: D | AS11: 주선 | AT11: N | AV11: 0 | AX11: N | AY11: 1011 | AZ11: ㈜이엘에스솔루션 | BC11: 수출 | BD11: 반제품 | BE11: 운송료 | BI11: N | BK11: N | BM11: GLC00263 | BN11: 부산신항 [GB]아산 2포장장 부산신항 | BO11: 0 | BP11: N | BQ11: KRBNP | BR11: 부산신항 | BT11: N | BW11: __:__ | BY11: H000_GB | CK11: N | CQ11: N | CT11: N | CV11: 0 | CY11: 계열 | DA11: 02)16:51 | DB11: 02)16:51 | DH11: 1023500 | DN11: 0 | DO11: 0 | DP11: N | DS11: 박승기 | DV11: 컨테이너_수출 | DW11: 5010001 | DX11: 0
B12: 183 | E12: W260602-00000413 | F12: X260602-001966 | G12: Y260602-001966 | H12: 배차확정 | I12: 미생성 | J12: 수출 | K12: 46177 | L12: 08:00 | M12: 005GX17204 | N12: 005GX17204 | O12: WHL | P12: Wanhai라인 | S12: INKAT | T12: [GB]아산 2포장장 (오토쎌) | U12: KIN | V12: 자차 | W12: 현대글로비스주식회사 | X12: WHSU6549777 | Y12: 4510 | Z12: WHA3168605 | AA12: 보기 | AB12: 부산99바7157 | AC12: 현우진 | AD12: 01062228360 | AE12: DSDS7157 | AK12: N | AP12: N | AQ12: D | AS12: 주선 | AT12: N | AV12: 0 | AX12: N | AY12: 1011 | AZ12: ㈜이엘에스솔루션 | BC12: 수출 | BD12: 반제품 | BE12: 운송료 | BF12: N | BI12: N | BK12: N | BM12: GLC00263 | BN12: 부산신항 [GB]아산 2포장장 부산신항 | BO12: 0 | BP12: N | BQ12: KRBNP | BR12: 부산신항 | BT12: N | BW12: __:__ | BX12: 2026-06-02 17:21:28 | BY12: H000_GB | CK12: N | CQ12: N | CT12: N | CV12: 0 | CY12: 계열 | DA12: 02)16:51 | DB12: 02)16:51 | DC12: 02)16:55 | DH12: 1023500 | DN12: 0 | DO12: 0 | DP12: N | DS12: 박승기 | DV12: 컨테이너_수출 | DW12: 5010001 | DX12: 0
B13: 182 | E13: W260602-00000412 | F13: X260602-001967 | G13: Y260602-001967 | H13: 배차확정 | I13: 미생성 | J13: 수출 | K13: 46177 | L13: 09:00 | M13: 005GX17204 | N13: 005GX17204 | O13: WHL | P13: Wanhai라인 | S13: INKAT | T13: [GB]아산 2포장장 (오토쎌) | U13: KIN | V13: 자차 | W13: 현대글로비스주식회사 | X13: WHSU5174357 | Y13: 4510 | Z13: WHA3168615 | AA13: 보기 | AB13: 경북98사1145 | AC13: 김현수 | AD13: 01074705405 | AE13: KDBE1145 | AK13: N | AP13: N | AQ13: D | AS13: 주선 | AT13: N | AV13: 0 | AX13: N | AY13: 1011 | AZ13: ㈜이엘에스솔루션 | BC13: 수출 | BD13: 반제품 | BE13: 운송료 | BF13: N | BI13: N | BK13: N | BM13: GLC00263 | BN13: 부산신항 [GB]아산 2포장장 부산신항 | BO13: 0 | BP13: N | BQ13: KRBNP | BR13: 부산신항 | BT13: N | BW13: __:__ | BX13: 2026-06-02 17:17:11 | BY13: H000_GB | CK13: N | CQ13: N | CT13: N | CV13: 0 | CY13: 계열 | DA13: 02)16:51 | DB13: 02)16:51 | DC13: 02)16:55 | DH13: 1023500 | DN13: 0 | DO13: 0 | DP13: N | DS13: 박승기 | DV13: 컨테이너_수출 | DW13: 5010001 | DX13: 0
B14: 181 | E14: W260602-00000411 | F14: X260602-001968 | G14: Y260602-001968 | H14: 배정 | I14: 미생성 | J14: 수출 | K14: 46177 | L14: 10:00 | M14: 005GX17204 | N14: 005GX17204 | O14: WHL | P14: Wanhai라인 | S14: INKAT | T14: [GB]아산 2포장장 (오토쎌) | U14: KIN | V14: 칸 | W14: 현대글로비스주식회사 | Y14: 4510 | AK14: N | AP14: N | AQ14: D | AS14: 주선 | AT14: N | AV14: 0 | AX14: N | AY14: 1011 | AZ14: ㈜이엘에스솔루션 | BC14: 수출 | BD14: 반제품 | BE14: 운송료 | BI14: N | BK14: N | BM14: GLC00263 | BN14: 부산신항 [GB]아산 2포장장 부산신항 | BO14: 0 | BP14: N | BQ14: KRBNP | BR14: 부산신항 | BT14: N | BW14: __:__ | BY14: H000_GB | CK14: N | CQ14: N | CT14: N | CV14: 0 | CY14: 계열 | DA14: 02)16:51 | DB14: 02)16:51 | DH14: 1023500 | DN14: 0 | DO14: 0 | DP14: N | DS14: 박승기 | DV14: 컨테이너_수출 | DW14: 5010001 | DX14: 0
B15: 180 | E15: W260602-00000410 | F15: X260602-001969 | G15: Y260602-001969 | H15: 배정 | I15: 미생성 | J15: 수출 | K15: 46177 | L15: 16:00 | M15: 005GX17204 | N15: 005GX17204 | O15: WHL | P15: Wanhai라인 | S15: INKAT | T15: [GB]아산 2포장장 (오토쎌) | U15: KIN | V15: 신승 | W15: 현대글로비스주식회사 | Y15: 4510 | AK15: N | AP15: N | AQ15: D | AS15: 주선 | AT15: N | AV15: 0 | AX15: N | AY15: 1011 | AZ15: ㈜이엘에스솔루션 | BC15: 수출 | BD15: 반제품 | BE15: 운송료 | BI15: N | BK15: N | BM15: GLC00263 | BN15: 부산신항 [GB]아산 2포장장 부산신항 | BO15: 0 | BP15: N | BQ15: KRBNP | BR15: 부산신항 | BT15: N | BW15: __:__ | BY15: H000_GB | CK15: N | CQ15: N | CT15: N | CV15: 0 | CY15: 계열 | DA15: 02)16:51 | DB15: 02)16:51 | DH15: 1023500 | DN15: 0 | DO15: 0 | DP15: N | DS15: 박승기 | DV15: 컨테이너_수출 | DW15: 5010001 | DX15: 0
B16: 179 | E16: W260602-00000409 | F16: X260602-001970 | G16: Y260602-001970 | H16: 배정 | I16: 미생성 | J16: 수출 | K16: 46177 | L16: 18:00 | M16: 005GX17204 | N16: 005GX17204 | O16: WHL | P16: Wanhai라인 | S16: INKAT | T16: [GB]아산 2포장장 (오토쎌) | U16: KIN | V16: 대신 | W16: 현대글로비스주식회사 | Y16: 4510 | AK16: N | AP16: N | AQ16: D | AS16: 주선 | AT16: N | AV16: 0 | AX16: N | AY16: 1011 | AZ16: ㈜이엘에스솔루션 | BC16: 수출 | BD16: 반제품 | BE16: 운송료 | BI16: N | BK16: N | BM16: GLC00263 | BN16: 부산신항 [GB]아산 2포장장 부산신항 | BO16: 0 | BP16: N | BQ16: KRBNP | BR16: 부산신항 | BT16: N | BW16: __:__ | BY16: H000_GB | CK16: N | CQ16: N | CT16: N | CV16: 0 | CY16: 계열 | DA16: 02)16:51 | DB16: 02)16:51 | DH16: 1023500 | DN16: 0 | DO16: 0 | DP16: N | DS16: 박승기 | DV16: 컨테이너_수출 | DW16: 5010001 | DX16: 0
B17: 178 | E17: W260602-00000408 | F17: X260602-001971 | G17: Y260602-001971 | H17: 배정 | I17: 미생성 | J17: 수출 | K17: 46177 | L17: 08:00 | M17: HLAKRGLOVKDPUS | N17: HLAKRGLOVKDPUS | O17: HLC | P17: 하파그로이드 | S17: MXESE | T17: [GB]아산 2포장장 (오토쎌) | U17: TRANSLEAD | V17: 이지 | W17: 현대글로비스주식회사 | Y17: 4510 | AK17: N | AP17: N | AQ17: D | AS17: 주선 | AT17: N | AV17: 0 | AX17: N | AY17: 1011 | AZ17: ㈜이엘에스솔루션 | BC17: 수출 | BD17: 반제품 | BE17: 운송료 | BI17: N | BK17: N | BM17: AAAAAAAAA | BN17: 컨테이너 미정의 | BP17: N | BQ17: AAA | BR17: 미정의 | BT17: N | BW17: __:__ | BY17: H000_GB | CK17: N | CQ17: N | CT17: N | CV17: 0 | CY17: 계열 | DA17: 02)16:51 | DB17: 02)16:51 | DH17: 0 | DN17: 0 | DO17: 0 | DP17: N | DS17: 박승기 | DV17: 컨테이너_수출 | DW17: 5010001 | DX17: 0
B18: 177 | E18: W260602-00000407 | F18: X260602-001972 | G18: Y260602-001972 | H18: 배정 | I18: 미생성 | J18: 수출 | K18: 46177 | L18: 10:00 | M18: HLAKRGLOVKDPUS | N18: HLAKRGLOVKDPUS | O18: HLC | P18: 하파그로이드 | S18: MXESE | T18: [GB]아산 2포장장 (오토쎌) | U18: TRANSLEAD | V18: 이지 | W18: 현대글로비스주식회사 | Y18: 4510 | AK18: N | AP18: N | AQ18: D | AS18: 주선 | AT18: N | AV18: 0 | AX18: N | AY18: 1011 | AZ18: ㈜이엘에스솔루션 | BC18: 수출 | BD18: 반제품 | BE18: 운송료 | BI18: N | BK18: N | BM18: AAAAAAAAA | BN18: 컨테이너 미정의 | BP18: N | BQ18: AAA | BR18: 미정의 | BT18: N | BW18: __:__ | BY18: H000_GB | CK18: N | CQ18: N | CT18: N | CV18: 0 | CY18: 계열 | DA18: 02)16:51 | DB18: 02)16:51 | DH18: 0 | DN18: 0 | DO18: 0 | DP18: N | DS18: 박승기 | DV18: 컨테이너_수출 | DW18: 5010001 | DX18: 0
B19: 176 | E19: W260602-00000406 | F19: X260602-001973 | G19: Y260602-001973 | H19: 운송완료 | I19: 정산실적생성 | J19: 수출 | K19: 46177 | L19: 08:00 | M19: CMA2606010011 | N19: CMA2606010011 | O19: CMA | P19: CMA-CGM | S19: SIKOP | T19: [GA]아산 1포장장 (공성실업) | U19: KASK | V19: 자차 | W19: 현대글로비스주식회사 | X19: CMAU7117159 | Y19: 4510 | Z19: M6412892 | AB19: 경남99바4922 | AC19: 이명열 | AD19: 01053830311 | AE19: FSFS4922 | AK19: N | AP19: N | AQ19: D | AS19: 주선 | AT19: N | AV19: 0 | AX19: N | AY19: 1011 | AZ19: ㈜이엘에스솔루션 | BC19: 수출 | BD19: 반제품 | BE19: 운송료 | BF19: N | BI19: N | BK19: N | BM19: GLC00003 | BN19: 부산신항 [GA]아산 1포장장 (공성실업) 부산신항 | BO19: 0 | BP19: N | BQ19: KRBNP | BR19: 부산신항 | BT19: N | BW19: __:__ | BY19: H000_GA | CK19: N | CQ19: N | CT19: N | CV19: 0 | CY19: 계열 | DA19: 02)16:51 | DB19: 02)16:51 | DC19: 02)16:54 | DE19: 46175 | DH19: 1023500 | DN19: 0 | DO19: 0 | DP19: N | DS19: 박승기 | DV19: 컨테이너_수출 | DW19: 5010001 | DX19: 0
B20: 175 | E20: W260602-00000405 | F20: X260602-001974 | G20: Y260602-001974 | H20: 배차확정 | I20: 미생성 | J20: 수출 | K20: 46177 | L20: 09:00 | M20: CMA2606010011 | N20: CMA2606010011 | O20: CMA | P20: CMA-CGM | S20: SIKOP | T20: [GA]아산 1포장장 (공성실업) | U20: KASK | V20: 자차 | W20: 현대글로비스주식회사 | X20: BMOU5643070 | Y20: 4510 | Z20: M6519509 | AA20: 보기 | AB20: 대구98바2977 | AC20: 이성수 | AD20: 01064842977 | AE20: GJEW2977 | AK20: N | AP20: N | AQ20: D | AS20: 주선 | AT20: N | AV20: 0 | AX20: N | AY20: 1011 | AZ20: ㈜이엘에스솔루션 | BC20: 수출 | BD20: 반제품 | BE20: 운송료 | BF20: N | BI20: N | BK20: N | BM20: GLC00003 | BN20: 부산신항 [GA]아산 1포장장 (공성실업) 부산신항 | BO20: 0 | BP20: N | BQ20: KRBNP | BR20: 부산신항 | BT20: N | BW20: __:__ | BX20: 2026-06-02 21:40:29 | BY20: H000_GA | CK20: N | CQ20: N | CT20: N | CV20: 0 | CY20: 계열 | DA20: 02)16:51 | DB20: 02)16:51 | DC20: 02)16:54 | DH20: 1023500 | DN20: 0 | DO20: 0 | DP20: N | DS20: 박승기 | DV20: 컨테이너_수출 | DW20: 5010001 | DX20: 0
B21: 170 | E21: W260602-00000400 | F21: X260602-001979 | G21: Y260602-001979 | H21: 배정 | I21: 미생성 | J21: 수출 | K21: 46177 | L21: 10:30 | M21: CMA2606010011 | N21: CMA2606010011 | O21: CMA | P21: CMA-CGM | S21: SIKOP | T21: [GA]아산 1포장장 (공성실업) | U21: KASK | V21: 셔틀 | W21: 현대글로비스주식회사 | Y21: 4510 | AK21: N | AP21: N | AQ21: D | AS21: 주선 | AT21: N | AV21: 0 | AX21: N | AY21: 1011 | AZ21: ㈜이엘에스솔루션 | BC21: 수출 | BD21: 반제품 | BE21: 운송료 | BI21: N | BK21: N | BM21: GLC00003 | BN21: 부산신항 [GA]아산 1포장장 (공성실업) 부산신항 | BO21: 0 | BP21: N | BQ21: KRBNP | BR21: 부산신항 | BT21: N | BW21: __:__ | BY21: H000_GA | CK21: N | CQ21: N | CT21: N | CV21: 0 | CY21: 계열 | DA21: 02)16:51 | DB21: 02)16:51 | DH21: 1023500 | DN21: 0 | DO21: 0 | DP21: N | DS21: 박승기 | DV21: 컨테이너_수출 | DW21: 5010001 | DX21: 0
B22: 169 | E22: W260602-00000399 | F22: X260602-001980 | G22: Y260602-001980 | H22: 배정 | I22: 미생성 | J22: 수출 | K22: 46177 | L22: 13:00 | M22: CMA2606010011 | N22: CMA2606010011 | O22: CMA | P22: CMA-CGM | S22: SIKOP | T22: [GA]아산 1포장장 (공성실업) | U22: HMMC | V22: 대신 | W22: 현대글로비스주식회사 | Y22: 4510 | AK22: N | AP22: N | AQ22: D | AS22: 주선 | AT22: N | AV22: 0 | AX22: N | AY22: 1011 | AZ22: ㈜이엘에스솔루션 | BC22: 수출 | BD22: 반제품 | BE22: 운송료 | BI22: N | BK22: N | BM22: AAAAAAAAA | BN22: 컨테이너 미정의 | BP22: N | BQ22: AAA | BR22: 미정의 | BT22: N | BW22: __:__ | BY22: H000_GA | CK22: N | CQ22: N | CT22: N | CV22: 0 | CY22: 계열 | DA22: 02)16:51 | DB22: 02)16:51 | DH22: 0 | DN22: 0 | DO22: 0 | DP22: N | DS22: 박승기 | DV22: 컨테이너_수출 | DW22: 5010001 | DX22: 0
B23: 168 | E23: W260602-00000398 | F23: X260602-001981 | G23: Y260602-001981 | H23: 배정 | I23: 미생성 | J23: 수출 | K23: 46177 | L23: 15:00 | M23: CMA2606010011 | N23: CMA2606010011 | O23: CMA | P23: CMA-CGM | S23: SIKOP | T23: [GA]아산 1포장장 (공성실업) | U23: HMMC | V23: 대신 | W23: 현대글로비스주식회사 | Y23: 4510 | AK23: N | AP23: N | AQ23: D | AS23: 주선 | AT23: N | AV23: 0 | AX23: N | AY23: 1011 | AZ23: ㈜이엘에스솔루션 | BC23: 수출 | BD23: 반제품 | BE23: 운송료 | BI23: N | BK23: N | BM23: AAAAAAAAA | BN23: 컨테이너 미정의 | BP23: N | BQ23: AAA | BR23: 미정의 | BT23: N | BW23: __:__ | BY23: H000_GA | CK23: N | CQ23: N | CT23: N | CV23: 0 | CY23: 계열 | DA23: 02)16:51 | DB23: 02)16:51 | DH23: 0 | DN23: 0 | DO23: 0 | DP23: N | DS23: 박승기 | DV23: 컨테이너_수출 | DW23: 5010001 | DX23: 0
B24: 167 | E24: W260602-00000397 | F24: X260602-001982 | G24: Y260602-001982 | H24: 배차확정 | I24: 미생성 | J24: 수출 | K24: 46177 | L24: 08:00 | M24: CMA2606010011 | N24: CMA2606010011 | O24: CMA | P24: CMA-CGM | S24: SIKOP | T24: [GA]아산 1포장장 (공성실업) | U24: HMMC | V24: 자차 | W24: 현대글로비스주식회사 | X24: BEAU4767641 | Y24: 4510 | Z24: M6412856 | AA24: 보기 | AB24: 대구98바3558 | AC24: 문성진 | AD24: 01036465666 | AE24: SYSY3558 | AK24: N | AP24: N | AQ24: D | AS24: 주선 | AT24: N | AV24: 0 | AX24: N | AY24: 1011 | AZ24: ㈜이엘에스솔루션 | BC24: 수출 | BD24: 반제품 | BE24: 운송료 | BF24: N | BI24: N | BK24: N | BM24: GLC00003 | BN24: 부산신항 [GA]아산 1포장장 (공성실업) 부산신항 | BO24: 0 | BP24: N | BQ24: KRBNP | BR24: 부산신항 | BT24: N | BW24: __:__ | BX24: 2026-06-02 17:12:45 | BY24: H000_GA | CK24: N | CQ24: N | CT24: N | CV24: 0 | CY24: 계열 | DA24: 02)16:51 | DB24: 02)16:51 | DC24: 02)16:54 | DH24: 1023500 | DN24: 0 | DO24: 0 | DP24: N | DS24: 박승기 | DV24: 컨테이너_수출 | DW24: 5010001 | DX24: 0
B25: 166 | E25: W260602-00000396 | F25: X260602-001983 | G25: Y260602-001983 | H25: 배차확정 | I25: 미생성 | J25: 수출 | K25: 46177 | L25: 09:00 | M25: CMA2606010011 | N25: CMA2606010011 | O25: CMA | P25: CMA-CGM | S25: SIKOP | T25: [GA]아산 1포장장 (공성실업) | U25: HMMC | V25: 자차 | W25: 현대글로비스주식회사 | X25: ECMU5193316 | Y25: 4510 | Z25: M6427485 | AA25: 보기 | AB25: 경기99사1487 | AC25: 박준일 | AD25: 01052330030 | AE25: LOVE1487 | AK25: N | AP25: N | AQ25: D | AS25: 주선 | AT25: N | AV25: 0 | AX25: N | AY25: 1011 | AZ25: ㈜이엘에스솔루션 | BC25: 수출 | BD25: 반제품 | BE25: 운송료 | BF25: N | BI25: N | BK25: N | BM25: GLC00003 | BN25: 부산신항 [GA]아산 1포장장 (공성실업) 부산신항 | BO25: 0 | BP25: N | BQ25: KRBNP | BR25: 부산신항 | BT25: N | BW25: __:__ | BX25: 2026-06-02 18:53:29 | BY25: H000_GA | CK25: N | CQ25: N | CT25: N | CV25: 0 | CY25: 계열 | DA25: 02)16:51 | DB25: 02)16:51 | DC25: 02)16:54 | DH25: 1023500 | DN25: 0 | DO25: 0 | DP25: N | DS25: 박승기 | DV25: 컨테이너_수출 | DW25: 5010001 | DX25: 0
B26: 164 | E26: W260602-00000394 | F26: X260602-001985 | G26: Y260602-001985 | H26: 배차확정 | I26: 미생성 | J26: 수출 | K26: 46177 | L26: 10:30 | M26: CMA2606010011 | N26: CMA2606010011 | O26: CMA | P26: CMA-CGM | S26: SIKOP | T26: [GA]아산 1포장장 (공성실업) | U26: HMMC | V26: 포유 | W26: 현대글로비스주식회사 | X26: ECMU5790944 | Y26: 4510 | Z26: M6412845 | AA26: 보기 | AB26: 경남99사8337 | AC26: 박상무 | AD26: 01085064681 | AE26: FYOU8337 | AK26: N | AP26: N | AQ26: D | AS26: 주선 | AT26: N | AV26: 0 | AX26: N | AY26: 1011 | AZ26: ㈜이엘에스솔루션 | BC26: 수출 | BD26: 반제품 | BE26: 운송료 | BF26: N | BI26: N | BK26: N | BM26: GLC00003 | BN26: 부산신항 [GA]아산 1포장장 (공성실업) 부산신항 | BO26: 0 | BP26: N | BQ26: KRBNP | BR26: 부산신항 | BT26: N | BW26: __:__ | BX26: 2026-06-03 09:44:56 | BY26: H000_GA | CK26: N | CQ26: N | CT26: N | CV26: 0 | CY26: 계열 | DA26: 02)16:51 | DB26: 02)16:51 | DC26: 03)09:44 | DH26: 1023500 | DN26: 0 | DO26: 0 | DP26: N | DS26: 박승기 | DV26: 컨테이너_수출 | DW26: 5010001 | DX26: 0
B27: 163 | E27: W260602-00000393 | F27: X260602-001986 | G27: Y260602-001986 | H27: 배정 | I27: 미생성 | J27: 수출 | K27: 46177 | L27: 15:00 | M27: 005GX17204 | N27: 005GX17204 | O27: WHL | P27: Wanhai라인 | S27: INKAT | T27: [GA]아산 1포장장 (공성실업) | U27: KIN | V27: 신승 | W27: 현대글로비스주식회사 | Y27: 4510 | AK27: N | AP27: N | AQ27: D | AS27: 주선 | AT27: N | AV27: 0 | AX27: N | AY27: 1011 | AZ27: ㈜이엘에스솔루션 | BC27: 수출 | BD27: 반제품 | BE27: 운송료 | BI27: N | BK27: N | BM27: GLC00003 | BN27: 부산신항 [GA]아산 1포장장 (공성실업) 부산신항 | BO27: 0 | BP27: N | BQ27: KRBNP | BR27: 부산신항 | BT27: N | BW27: __:__ | BY27: H000_GA | CK27: N | CQ27: N | CT27: N | CV27: 0 | CY27: 계열 | DA27: 02)16:51 | DB27: 02)16:51 | DH27: 1023500 | DN27: 0 | DO27: 0 | DP27: N | DS27: 박승기 | DV27: 컨테이너_수출 | DW27: 5010001 | DX27: 0
B28: 162 | E28: W260602-00000392 | F28: X260602-002069 | G28: Y260602-002069 | H28: 배정 | I28: 미생성 | J28: 수출 | K28: 46177 | L28: 09:00 | M28: D713CJ044 | N28: D713CJ044 | O28: MAE | P28: 머스크 | S28: MXLZC | T28: [GC]아산 3포장장 (아산YSP) | U28: KMX/KMM | V28: 이지 | W28: 현대글로비스주식회사 | Y28: 4510 | AK28: N | AP28: N | AQ28: D | AS28: 주선 | AT28: N | AV28: 0 | AX28: N | AY28: 1011 | AZ28: ㈜이엘에스솔루션 | BC28: 수출 | BD28: 반제품 | BE28: 운송료 | BI28: N | BK28: N | BM28: AAAAAAAAA | BN28: 컨테이너 미정의 | BP28: N | BQ28: AAA | BR28: 미정의 | BT28: N | BW28: __:__ | BY28: H000_GC | CK28: N | CQ28: N | CT28: N | CV28: 0 | CY28: 계열 | DA28: 02)17:29 | DB28: 02)17:29 | DH28: 0 | DN28: 0 | DO28: 0 | DP28: N | DS28: 박승기 | DV28: 컨테이너_수출 | DW28: 5010001 | DX28: 0
B29: 161 | E29: W260602-00000392 | F29: X260602-001987 | G29: Y260602-001987 | H29: 배정 | I29: 미생성 | J29: 수출 | K29: 46177 | L29: 13:00 | M29: D713CJ044 | N29: D713CJ044 | O29: MAE | P29: 머스크 | S29: MXLZC | T29: [GC]아산 3포장장 (아산YSP) | U29: KMX/KMM | V29: 미배정 | W29: 현대글로비스주식회사 | Y29: 4510 | AK29: N | AP29: N | AQ29: D | AS29: 주선 | AT29: N | AV29: 0 | AX29: N | AY29: 1011 | AZ29: ㈜이엘에스솔루션 | BC29: 수출 | BD29: 반제품 | BE29: 운송료 | BI29: N | BK29: N | BM29: AAAAAAAAA | BN29: 컨테이너 미정의 | BP29: N | BQ29: AAA | BR29: 미정의 | BT29: N | BW29: __:__ | BY29: H000_GC | CK29: N | CQ29: N | CT29: N | CV29: 0 | CY29: 계열 | DA29: 02)16:51 | DB29: 02)16:51 | DH29: 0 | DN29: 0 | DO29: 0 | DP29: N | DS29: 박승기 | DV29: 컨테이너_수출 | DW29: 5010001 | DX29: 0
B30: 160 | E30: W260602-00000391 | F30: X260602-001988 | G30: Y260602-001988 | H30: 배정 | I30: 미생성 | J30: 수출 | K30: 46177 | L30: 13:00 | M30: D713CJ044 | N30: D713CJ044 | O30: MAE | P30: 머스크 | S30: MXLZC | T30: [GC]아산 3포장장 (아산YSP) | U30: KMX/KMM | V30: CSS | W30: 현대글로비스주식회사 | Y30: 4510 | AK30: N | AP30: N | AQ30: D | AS30: 주선 | AT30: N | AV30: 0 | AX30: N | AY30: 1011 | AZ30: ㈜이엘에스솔루션 | BC30: 수출 | BD30: 반제품 | BE30: 운송료 | BI30: N | BK30: N | BM30: AAAAAAAAA | BN30: 컨테이너 미정의 | BP30: N | BQ30: AAA | BR30: 미정의 | BT30: N | BW30: __:__ | BY30: H000_GC | CK30: N | CQ30: N | CT30: N | CV30: 0 | CY30: 계열 | DA30: 02)16:51 | DB30: 02)16:51 | DH30: 0 | DN30: 0 | DO30: 0 | DP30: N | DS30: 박승기 | DV30: 컨테이너_수출 | DW30: 5010001 | DX30: 0
B31: 159 | E31: W260602-00000390 | F31: X260602-001989 | G31: Y260602-001989 | H31: 배정 | I31: 미생성 | J31: 수출 | K31: 46177 | L31: 14:00 | M31: D713CJ044 | N31: D713CJ044 | O31: MAE | P31: 머스크 | S31: USMOB | T31: [GC]아산 3포장장 (아산YSP) | U31: HMMA | V31: 신승 | W31: 현대글로비스주식회사 | Y31: 4510 | AK31: N | AP31: N | AQ31: D | AS31: 주선 | AT31: N | AV31: 0 | AX31: N | AY31: 1011 | AZ31: ㈜이엘에스솔루션 | BC31: 수출 | BD31: 반제품 | BE31: 운송료 | BI31: N | BK31: N | BM31: AAAAAAAAA | BN31: 컨테이너 미정의 | BP31: N | BQ31: AAA | BR31: 미정의 | BT31: N | BW31: __:__ | BY31: H000_GC | CK31: N | CQ31: N | CT31: N | CV31: 0 | CY31: 계열 | DA31: 02)16:51 | DB31: 02)16:51 | DH31: 0 | DN31: 0 | DO31: 0 | DP31: N | DS31: 박승기 | DV31: 컨테이너_수출 | DW31: 5010001 | DX31: 0
B32: 158 | E32: W260602-00000389 | F32: X260602-001990 | G32: Y260602-001990 | H32: 배정 | I32: 미생성 | J32: 수출 | K32: 46177 | L32: 15:00 | M32: D713CJ044 | N32: D713CJ044 | O32: MAE | P32: 머스크 | S32: USMOB | T32: [GC]아산 3포장장 (아산YSP) | U32: HMMA | V32: 신승 | W32: 현대글로비스주식회사 | Y32: 4510 | AK32: N | AP32: N | AQ32: D | AS32: 주선 | AT32: N | AV32: 0 | AX32: N | AY32: 1011 | AZ32: ㈜이엘에스솔루션 | BC32: 수출 | BD32: 반제품 | BE32: 운송료 | BI32: N | BK32: N | BM32: AAAAAAAAA | BN32: 컨테이너 미정의 | BP32: N | BQ32: AAA | BR32: 미정의 | BT32: N | BW32: __:__ | BY32: H000_GC | CK32: N | CQ32: N | CT32: N | CV32: 0 | CY32: 계열 | DA32: 02)16:51 | DB32: 02)16:51 | DH32: 0 | DN32: 0 | DO32: 0 | DP32: N | DS32: 박승기 | DV32: 컨테이너_수출 | DW32: 5010001 | DX32: 0
B33: 157 | E33: W260602-00000388 | F33: X260602-001991 | G33: Y260602-001991 | H33: 배정 | I33: 미생성 | J33: 수출 | K33: 46177 | L33: 15:00 | M33: D713CJ044 | N33: D713CJ044 | O33: MAE | P33: 머스크 | S33: USMOB | T33: [GC]아산 3포장장 (아산YSP) | U33: HMMA | V33: 신승 | W33: 현대글로비스주식회사 | Y33: 4510 | AK33: N | AP33: N | AQ33: D | AS33: 주선 | AT33: N | AV33: 0 | AX33: N | AY33: 1011 | AZ33: ㈜이엘에스솔루션 | BC33: 수출 | BD33: 반제품 | BE33: 운송료 | BI33: N | BK33: N | BM33: AAAAAAAAA | BN33: 컨테이너 미정의 | BP33: N | BQ33: AAA | BR33: 미정의 | BT33: N | BW33: __:__ | BY33: H000_GC | CK33: N | CQ33: N | CT33: N | CV33: 0 | CY33: 계열 | DA33: 02)16:51 | DB33: 02)16:51 | DH33: 0 | DN33: 0 | DO33: 0 | DP33: N | DS33: 박승기 | DV33: 컨테이너_수출 | DW33: 5010001 | DX33: 0
B34: 156 | E34: W260602-00000387 | F34: X260602-001992 | G34: Y260602-001992 | H34: 배차확정 | I34: 미생성 | J34: 수출 | K34: 46177 | L34: 08:00 | M34: SELG82813400 | N34: SELG82813400 | O34: ONE | P34: 오션네트워크익스프레스 | S34: USMOB | T34: [GC]아산 3포장장 (아산YSP) | U34: HANON ALABAMA | V34: 자차 | W34: 현대글로비스주식회사 | Y34: 4510 | AB34: 부산98사6411 | AC34: 강동현 | AD34: 01039029092 | AE34: LSLS6411 | AK34: N | AP34: N | AQ34: D | AS34: 주선 | AT34: N | AV34: 0 | AX34: N | AY34: 1011 | AZ34: ㈜이엘에스솔루션 | BC34: 수출 | BD34: 반제품 | BE34: 운송료 | BF34: N | BI34: N | BK34: N | BM34: GLC00022 | BN34: 부산신항 [GC]아산 3포장장 (아산YSP) 부산신항 | BO34: 0 | BP34: N | BQ34: KRBNP | BR34: 부산신항 | BT34: N | BW34: __:__ | BY34: H000_GC | CK34: N | CQ34: N | CT34: N | CV34: 0 | CY34: 계열 | DA34: 02)16:51 | DB34: 02)16:51 | DC34: 02)16:55 | DH34: 1002200 | DN34: 0 | DO34: 0 | DP34: N | DS34: 박승기 | DV34: 컨테이너_수출 | DW34: 5010001 | DX34: 0
B35: 155 | E35: W260602-00000386 | F35: X260602-001993 | G35: Y260602-001993 | H35: 배정 | I35: 미생성 | J35: 수출 | K35: 46177 | L35: 16:00 | M35: 040600302750 | N35: 040600302750 | O35: EMC | P35: 에버그린 | S35: USSAV | T35: [GC]아산 3포장장 (아산YSP) | U35: KAGA | V35: 이지 | W35: 현대글로비스주식회사 | Y35: 4510 | AK35: N | AP35: N | AQ35: D | AS35: 주선 | AT35: N | AV35: 0 | AX35: N | AY35: 1011 | AZ35: ㈜이엘에스솔루션 | BC35: 수출 | BD35: 반제품 | BE35: 운송료 | BI35: N | BK35: N | BM35: AAAAAAAAA | BN35: 컨테이너 미정의 | BP35: N | BQ35: AAA | BR35: 미정의 | BT35: N | BW35: __:__ | BY35: H000_GC | CK35: N | CQ35: N | CT35: N | CV35: 0 | CY35: 계열 | DA35: 02)16:51 | DB35: 02)16:51 | DH35: 0 | DN35: 0 | DO35: 0 | DP35: N | DS35: 박승기 | DV35: 컨테이너_수출 | DW35: 5010001 | DX35: 0
B36: 154 | E36: W260602-00000385 | F36: X260602-001994 | G36: Y260602-001994 | H36: 배정 | I36: 미생성 | J36: 수출 | K36: 46177 | L36: 10:00 | M36: CMA2606010011-1 | N36: CMA2606010011-1 | O36: CMA | P36: CMA-CGM | S36: SIKOP | T36: [GC]아산 3포장장 (아산YSP) | U36: KASK | V36: 유엘피 | W36: 현대글로비스주식회사 | Y36: 2210 | AK36: N | AP36: N | AQ36: D | AS36: 주선 | AT36: N | AV36: 0 | AX36: N | AY36: 1011 | AZ36: ㈜이엘에스솔루션 | BC36: 수출 | BD36: 반제품 | BE36: 운송료 | BI36: N | BK36: N | BM36: GLC00022 | BN36: 부산신항 [GC]아산 3포장장 (아산YSP) 부산신항 | BO36: 0 | BP36: N | BQ36: KRBNP | BR36: 부산신항 | BT36: N | BW36: __:__ | BY36: H000_GC | CK36: N | CQ36: N | CT36: N | CV36: 0 | CY36: 계열 | DA36: 02)16:51 | DB36: 02)16:51 | DH36: 892500 | DN36: 0 | DO36: 0 | DP36: N | DS36: 박승기 | DV36: 컨테이너_수출 | DW36: 5010001 | DX36: 0
B37: 153 | E37: W260602-00000384 | F37: X260602-001995 | G37: Y260602-001995 | H37: 배정 | I37: 미생성 | J37: 수출 | K37: 46177 | L37: 08:00 | M37: CMA2606010011-1 | N37: CMA2606010011-1 | O37: CMA | P37: CMA-CGM | S37: SIKOP | T37: [GC]아산 3포장장 (아산YSP) | U37: HMMC | V37: 유엘피 | W37: 현대글로비스주식회사 | Y37: 2210 | AK37: N | AP37: N | AQ37: D | AS37: 주선 | AT37: N | AV37: 0 | AX37: N | AY37: 1011 | AZ37: ㈜이엘에스솔루션 | BC37: 수출 | BD37: 반제품 | BE37: 운송료 | BI37: N | BK37: N | BM37: GLC00022 | BN37: 부산신항 [GC]아산 3포장장 (아산YSP) 부산신항 | BO37: 0 | BP37: N | BQ37: KRBNP | BR37: 부산신항 | BT37: N | BW37: __:__ | BY37: H000_GC | CK37: N | CQ37: N | CT37: N | CV37: 0 | CY37: 계열 | DA37: 02)16:51 | DB37: 02)16:51 | DH37: 892500 | DN37: 0 | DO37: 0 | DP37: N | DS37: 박승기 | DV37: 컨테이너_수출 | DW37: 5010001 | DX37: 0
B38: 152 | E38: W260602-00000383 | F38: X260602-001996 | G38: Y260602-001996 | H38: 배차확정 | I38: 미생성 | J38: 수출 | K38: 46177 | L38: 09:00 | M38: SELG82813400 | N38: SELG82813400 | O38: ONE | P38: 오션네트워크익스프레스 | S38: USLAX | T38: [GC]아산 3포장장 (아산YSP) | U38: HMMA | V38: 자차 | W38: 현대글로비스주식회사 | X38: ONEU0621719 | Y38: 4510 | Z38: KRAX14757 | AA38: 보기 | AB38: 경북98사7570 | AC38: 김수환 | AD38: 01062730440 | AE38: KDBE7570 | AK38: N | AP38: N | AQ38: D | AS38: 주선 | AT38: N | AV38: 0 | AX38: N | AY38: 1011 | AZ38: ㈜이엘에스솔루션 | BC38: 수출 | BD38: 반제품 | BE38: 운송료 | BF38: N | BI38: N | BK38: N | BM38: GLC00022 | BN38: 부산신항 [GC]아산 3포장장 (아산YSP) 부산신항 | BO38: 0 | BP38: N | BQ38: KRBNP | BR38: 부산신항 | BT38: N | BW38: __:__ | BX38: 2026-06-02 22:00:46 | BY38: H000_GC | CK38: N | CQ38: N | CT38: N | CV38: 0 | CY38: 계열 | DA38: 02)16:51 | DB38: 02)16:51 | DC38: 02)16:55 | DH38: 1002200 | DN38: 0 | DO38: 0 | DP38: N | DS38: 박승기 | DV38: 컨테이너_수출 | DW38: 5010001 | DX38: 0
B39: 151 | E39: W260602-00000382 | F39: X260602-001997 | G39: Y260602-001997 | H39: 배정 | I39: 미생성 | J39: 수출 | K39: 46177 | L39: 10:00 | M39: SELG82813400 | N39: SELG82813400 | O39: ONE | P39: 오션네트워크익스프레스 | S39: USLAX | T39: [GC]아산 3포장장 (아산YSP) | U39: HMMA | V39: 삼익 | W39: 현대글로비스주식회사 | Y39: 4510 | AK39: N | AP39: N | AQ39: D | AS39: 주선 | AT39: N | AV39: 0 | AX39: N | AY39: 1011 | AZ39: ㈜이엘에스솔루션 | BC39: 수출 | BD39: 반제품 | BE39: 운송료 | BI39: N | BK39: N | BM39: AAAAAAAAA | BN39: 컨테이너 미정의 | BP39: N | BQ39: AAA | BR39: 미정의 | BT39: N | BW39: __:__ | BY39: H000_GC | CK39: N | CQ39: N | CT39: N | CV39: 0 | CY39: 계열 | DA39: 02)16:51 | DB39: 02)16:51 | DH39: 0 | DN39: 0 | DO39: 0 | DP39: N | DS39: 박승기 | DV39: 컨테이너_수출 | DW39: 5010001 | DX39: 0
B40: 150 | E40: W260602-00000381 | F40: X260602-001998 | G40: Y260602-001998 | H40: 배정 | I40: 미생성 | J40: 수출 | K40: 46177 | L40: 11:00 | M40: D713CJ044 | N40: D713CJ044 | O40: MAE | P40: 머스크 | S40: USLAX | T40: [GC]아산 3포장장 (아산YSP) | U40: KAGA | V40: 동원 | W40: 현대글로비스주식회사 | Y40: 4510 | AK40: N | AP40: N | AQ40: D | AS40: 주선 | AT40: N | AV40: 0 | AX40: N | AY40: 1011 | AZ40: ㈜이엘에스솔루션 | BC40: 수출 | BD40: 반제품 | BE40: 운송료 | BI40: N | BK40: N | BM40: AAAAAAAAA | BN40: 컨테이너 미정의 | BP40: N | BQ40: AAA | BR40: 미정의 | BT40: N | BW40: __:__ | BY40: H000_GC | CK40: N | CQ40: N | CT40: N | CV40: 0 | CY40: 계열 | DA40: 02)16:51 | DB40: 02)16:51 | DH40: 0 | DN40: 0 | DO40: 0 | DP40: N | DS40: 박승기 | DV40: 컨테이너_수출 | DW40: 5010001 | DX40: 0
B41: 149 | E41: W260602-00000380 | F41: X260602-001999 | G41: Y260602-001999 | H41: 배정 | I41: 미생성 | J41: 수출 | K41: 46177 | L41: 14:50 | M41: HLAKRGLOVKDPUS | N41: HLAKRGLOVKDPUS | O41: HLC | P41: 하파그로이드 | S41: MXLZC | T41: [KC]KCC 글라스 | U41: KMX/KMM | V41: 셔틀 | W41: 현대글로비스주식회사 | Y41: 4510 | AK41: N | AP41: N | AQ41: D | AS41: 주선 | AT41: N | AV41: 0 | AX41: N | AY41: 1011 | AZ41: ㈜이엘에스솔루션 | BC41: 수출 | BD41: 반제품 | BE41: 운송료 | BI41: N | BK41: N | BM41: AAAAAAAAA | BN41: 컨테이너 미정의 | BP41: N | BQ41: AAA | BR41: 미정의 | BT41: N | BW41: __:__ | BY41: H000_KC | CK41: N | CQ41: N | CT41: N | CV41: 0 | CY41: 계열 | DA41: 02)16:51 | DB41: 02)16:51 | DH41: 0 | DN41: 0 | DO41: 0 | DP41: N | DS41: 박승기 | DV41: 컨테이너_수출 | DW41: 5010001 | DX41: 0
B42: 148 | E42: W260602-00000379 | F42: X260602-002000 | G42: Y260602-002000 | H42: 배정 | I42: 미생성 | J42: 수출 | K42: 46177 | L42: 13:30 | M42: D713CJ044 | N42: D713CJ044 | O42: MAE | P42: 머스크 | S42: USMOB | T42: [KC]KCC 글라스 | U42: HMMA | V42: 칸 | W42: 현대글로비스주식회사 | Y42: 4510 | AK42: N | AP42: N | AQ42: D | AS42: 주선 | AT42: N | AV42: 0 | AX42: N | AY42: 1011 | AZ42: ㈜이엘에스솔루션 | BC42: 수출 | BD42: 반제품 | BE42: 운송료 | BI42: N | BK42: N | BM42: GLC00035 | BN42: 부산신항 [KC]KCC 글라스 부산신항 | BO42: 0 | BP42: N | BQ42: KRBNP | BR42: 부산신항 | BT42: N | BW42: __:__ | BY42: H000_KC | CK42: N | CQ42: N | CT42: N | CV42: 0 | CY42: 계열 | DA42: 02)16:51 | DB42: 02)16:51 | DH42: 935600 | DN42: 0 | DO42: 0 | DP42: N | DS42: 박승기 | DV42: 컨테이너_수출 | DW42: 5010001 | DX42: 0
B43: 147 | E43: W260602-00000378 | F43: X260602-002001 | G43: Y260602-002001 | H43: 배정 | I43: 미생성 | J43: 수출 | K43: 46177 | L43: 13:50 | M43: 040600302750 | N43: 040600302750 | O43: EMC | P43: 에버그린 | S43: USSAV | T43: [KC]KCC 글라스 | U43: KAGA | V43: 칸 | W43: 현대글로비스주식회사 | Y43: 4510 | AK43: N | AP43: N | AQ43: D | AS43: 주선 | AT43: N | AV43: 0 | AX43: N | AY43: 1011 | AZ43: ㈜이엘에스솔루션 | BC43: 수출 | BD43: 반제품 | BE43: 운송료 | BI43: N | BK43: N | BM43: GLC00035 | BN43: 부산신항 [KC]KCC 글라스 부산신항 | BO43: 0 | BP43: N | BQ43: KRBNP | BR43: 부산신항 | BT43: N | BW43: __:__ | BY43: H000_KC | CK43: N | CQ43: N | CT43: N | CV43: 0 | CY43: 계열 | DA43: 02)16:51 | DB43: 02)16:51 | DH43: 935600 | DN43: 0 | DO43: 0 | DP43: N | DS43: 박승기 | DV43: 컨테이너_수출 | DW43: 5010001 | DX43: 0
B44: 146 | E44: W260602-00000377 | F44: X260602-002002 | G44: Y260602-002002 | H44: 배정 | I44: 미생성 | J44: 수출 | K44: 46177 | L44: 14:10 | M44: 040600302750 | N44: 040600302750 | O44: EMC | P44: 에버그린 | S44: USSAV | T44: [KC]KCC 글라스 | U44: KAGA | V44: 이지 | W44: 현대글로비스주식회사 | Y44: 4510 | AK44: N | AP44: N | AQ44: D | AS44: 주선 | AT44: N | AV44: 0 | AX44: N | AY44: 1011 | AZ44: ㈜이엘에스솔루션 | BC44: 수출 | BD44: 반제품 | BE44: 운송료 | BI44: N | BK44: N | BM44: GLC00035 | BN44: 부산신항 [KC]KCC 글라스 부산신항 | BO44: 0 | BP44: N | BQ44: KRBNP | BR44: 부산신항 | BT44: N | BW44: __:__ | BY44: H000_KC | CK44: N | CQ44: N | CT44: N | CV44: 0 | CY44: 계열 | DA44: 02)16:51 | DB44: 02)16:51 | DH44: 935600 | DN44: 0 | DO44: 0 | DP44: N | DS44: 박승기 | DV44: 컨테이너_수출 | DW44: 5010001 | DX44: 0
B45: 145 | E45: W260602-00000376 | F45: X260602-002003 | G45: Y260602-002003 | H45: 배차확정 | I45: 미생성 | J45: 수출 | K45: 46177 | L45: 14:30 | M45: CMA2605290012 | N45: CMA2605290012 | O45: CMA | P45: CMA-CGM | S45: USSAV | T45: [KC]KCC 글라스 | U45: HMGMA | V45: 자차 | W45: 현대글로비스주식회사 | X45: TGBU5280738 | Y45: 4510 | Z45: M6412832 | AA45: 보기 | AB45: 경남99바4895 | AC45: 전성환 | AD45: 01026260220 | AE45: GJEW4895 | AK45: N | AP45: N | AQ45: D | AS45: 주선 | AT45: N | AV45: 0 | AX45: N | AY45: 1011 | AZ45: ㈜이엘에스솔루션 | BC45: 수출 | BD45: 반제품 | BE45: 운송료 | BF45: N | BI45: N | BK45: N | BM45: GLC00035 | BN45: 부산신항 [KC]KCC 글라스 부산신항 | BO45: 0 | BP45: N | BQ45: KRBNP | BR45: 부산신항 | BT45: N | BW45: __:__ | BX45: 2026-06-02 17:30:19 | BY45: H000_KC | CK45: N | CQ45: N | CT45: N | CV45: 0 | CY45: 계열 | DA45: 02)16:51 | DB45: 02)16:51 | DC45: 02)16:53 | DH45: 935600 | DN45: 0 | DO45: 0 | DP45: N | DS45: 박승기 | DV45: 컨테이너_수출 | DW45: 5010001 | DX45: 0
B46: 144 | E46: W260602-00000375 | F46: X260602-002004 | G46: Y260602-002004 | H46: 배정 | I46: 미생성 | J46: 수출 | K46: 46177 | L46: 10:00 | M46: D713CJ044 | N46: D713CJ044 | O46: MAE | P46: 머스크 | S46: USLAX | T46: [KC]KCC 글라스 | U46: KAGA | V46: 칸 | W46: 현대글로비스주식회사 | Y46: 4510 | AK46: N | AP46: N | AQ46: D | AS46: 주선 | AT46: N | AV46: 0 | AX46: N | AY46: 1011 | AZ46: ㈜이엘에스솔루션 | BC46: 수출 | BD46: 반제품 | BE46: 운송료 | BI46: N | BK46: N | BM46: GLC00035 | BN46: 부산신항 [KC]KCC 글라스 부산신항 | BO46: 0 | BP46: N | BQ46: KRBNP | BR46: 부산신항 | BT46: N | BW46: __:__ | BY46: H000_KC | CK46: N | CQ46: N | CT46: N | CV46: 0 | CY46: 계열 | DA46: 02)16:51 | DB46: 02)16:51 | DH46: 935600 | DN46: 0 | DO46: 0 | DP46: N | DS46: 박승기 | DV46: 컨테이너_수출 | DW46: 5010001 | DX46: 0
B47: 174 | E47: W260602-00000404 | F47: X260602-001975 | G47: Y260602-001975 | H47: 배차확정 | I47: 미생성 | J47: 수출 | K47: 46177 | L47: 10:00 | M47: CMA2606010011 | N47: CMA2606010011 | O47: CMA | P47: CMA-CGM | Q47: KRPUS | R47: SIKOP | S47: SIKOP | T47: [GA]아산 1포장장 (공성실업) | U47: KASK | V47: 자차 | W47: 현대글로비스주식회사 | Y47: 4510 | AB47: 인천98자2508 | AC47: 한명훈 | AD47: 01024773035 | AE47: HMHM2508 | AK47: N | AP47: N | AQ47: D | AS47: 주선 | AT47: N | AV47: 0 | AX47: N | AY47: 1011 | AZ47: ㈜이엘에스솔루션 | BC47: 수출 | BD47: 반제품 | BE47: 운송료 | BF47: N | BI47: Y | BJ47: 2026-06-03 09:23:24 | BK47: N | BM47: GLC00003 | BN47: 부산신항 [GA]아산 1포장장 (공성실업) 부산신항 | BO47: 0 | BP47: N | BQ47: KRBNP | BR47: 부산신항 | BT47: N | BW47: __:__ | BY47: H000_GA | CK47: N | CP47: BNCTC | CQ47: Y | CT47: N | CV47: 0 | CY47: 계열 | DA47: 02)16:51 | DB47: 02)16:51 | DC47: 02)16:54 | DH47: 1023500 | DN47: 0 | DO47: 0 | DP47: N | DS47: 박승기 | DV47: 컨테이너_수출 | DW47: 5010001 | DX47: 0
B48: 173 | E48: W260602-00000403 | F48: X260602-001976 | G48: Y260602-001976 | H48: 배차확정 | I48: 미생성 | J48: 수출 | K48: 46177 | L48: 13:00 | M48: CMA2606010011 | N48: CMA2606010011 | O48: CMA | P48: CMA-CGM | Q48: KRPUS | R48: SIKOP | S48: SIKOP | T48: [GA]아산 1포장장 (공성실업) | U48: KASK | V48: 자차 | W48: 현대글로비스주식회사 | Y48: 4510 | AB48: 경북98아8163 | AC48: 피재갑 | AD48: 01044534566 | AE48: KDBE8163 | AK48: N | AP48: N | AQ48: D | AS48: 주선 | AT48: N | AV48: 0 | AX48: N | AY48: 1011 | AZ48: ㈜이엘에스솔루션 | BC48: 수출 | BD48: 반제품 | BE48: 운송료 | BF48: N | BI48: Y | BJ48: 2026-06-03 09:22:53 | BK48: N | BM48: GLC00003 | BN48: 부산신항 [GA]아산 1포장장 (공성실업) 부산신항 | BO48: 0 | BP48: N | BQ48: KRBNP | BR48: 부산신항 | BT48: N | BW48: __:__ | BY48: H000_GA | CK48: N | CP48: BNCTC | CQ48: Y | CT48: N | CV48: 0 | CY48: 계열 | DA48: 02)16:51 | DB48: 02)16:51 | DC48: 02)16:54 | DH48: 1023500 | DN48: 0 | DO48: 0 | DP48: N | DS48: 박승기 | DV48: 컨테이너_수출 | DW48: 5010001 | DX48: 0
B49: 172 | E49: W260602-00000402 | F49: X260602-001977 | G49: Y260602-001977 | H49: 배차확정 | I49: 미생성 | J49: 수출 | K49: 46177 | L49: 14:00 | M49: CMA2606010011 | N49: CMA2606010011 | O49: CMA | P49: CMA-CGM | Q49: KRPUS | R49: SIKOP | S49: SIKOP | T49: [GA]아산 1포장장 (공성실업) | U49: KASK | V49: 자차 | W49: 현대글로비스주식회사 | Y49: 4510 | AB49: 경남99바3256 | AC49: 박병희 | AD49: 01035373253 | AE49: SYSY3256 | AK49: N | AP49: N | AQ49: D | AS49: 주선 | AT49: N | AV49: 0 | AX49: N | AY49: 1011 | AZ49: ㈜이엘에스솔루션 | BC49: 수출 | BD49: 반제품 | BE49: 운송료 | BF49: N | BI49: Y | BJ49: 2026-06-03 09:25:35 | BK49: N | BM49: GLC00003 | BN49: 부산신항 [GA]아산 1포장장 (공성실업) 부산신항 | BO49: 0 | BP49: N | BQ49: KRBNP | BR49: 부산신항 | BT49: N | BW49: __:__ | BX49: 2026-06-02 20:48:51 | BY49: H000_GA | CK49: N | CP49: BNCTC | CQ49: Y | CT49: N | CV49: 0 | CY49: 계열 | DA49: 02)16:51 | DB49: 02)16:51 | DC49: 02)16:54 | DH49: 1023500 | DN49: 0 | DO49: 0 | DP49: N | DS49: 박승기 | DV49: 컨테이너_수출 | DW49: 5010001 | DX49: 0
B50: 171 | E50: W260602-00000401 | F50: X260602-001978 | G50: Y260602-001978 | H50: 배차확정 | I50: 미생성 | J50: 수출 | K50: 46177 | L50: 16:00 | M50: CMA2606010011 | N50: CMA2606010011 | O50: CMA | P50: CMA-CGM | Q50: KRPUS | R50: SIKOP | S50: SIKOP | T50: [GA]아산 1포장장 (공성실업) | U50: KASK | V50: 자차 | W50: 현대글로비스주식회사 | Y50: 4510 | AB50: 울산99바9676 | AC50: 장성운 | AD50: 01035114690 | AE50: FSFS9676 | AK50: N | AP50: N | AQ50: D | AS50: 주선 | AT50: N | AV50: 0 | AX50: N | AY50: 1011 | AZ50: ㈜이엘에스솔루션 | BC50: 수출 | BD50: 반제품 | BE50: 운송료 | BF50: N | BI50: Y | BJ50: 2026-06-03 09:25:05 | BK50: N | BM50: GLC00003 | BN50: 부산신항 [GA]아산 1포장장 (공성실업) 부산신항 | BO50: 0 | BP50: N | BQ50: KRBNP | BR50: 부산신항 | BT50: N | BW50: __:__ | BX50: 2026-06-03 00:04:35 | BY50: H000_GA | CK50: N | CP50: BNCTC | CQ50: Y | CT50: N | CV50: 0 | CY50: 계열 | DA50: 02)16:51 | DB50: 02)16:51 | DC50: 02)16:54 | DH50: 1023500 | DN50: 0 | DO50: 0 | DP50: N | DS50: 박승기 | DV50: 컨테이너_수출 | DW50: 5010001 | DX50: 0
B51: 165 | E51: W260602-00000395 | F51: X260602-001984 | G51: Y260602-001984 | H51: 배차확정 | I51: 미생성 | J51: 수출 | K51: 46177 | L51: 10:00 | M51: CMA2606010011 | N51: CMA2606010011 | O51: CMA | P51: CMA-CGM | Q51: KRPUS | R51: SIKOP | S51: SIKOP | T51: [GA]아산 1포장장 (공성실업) | U51: HMMC | V51: 자차 | W51: 현대글로비스주식회사 | Y51: 4510 | AB51: 경기99바3976 | AC51: 윤대식 | AD51: 01090907883 | AE51: GOLD3976 | AK51: N | AP51: N | AQ51: D | AS51: 주선 | AT51: N | AV51: 0 | AX51: N | AY51: 1011 | AZ51: ㈜이엘에스솔루션 | BC51: 수출 | BD51: 반제품 | BE51: 운송료 | BF51: N | BI51: Y | BJ51: 2026-06-03 09:24:25 | BK51: Y | BM51: GLC00003 | BN51: 부산신항 [GA]아산 1포장장 (공성실업) 부산신항 | BO51: 0 | BP51: N | BQ51: KRBNP | BR51: 부산신항 | BT51: N | BW51: __:__ | BX51: 2026-06-02 18:13:22 | BY51: H000_GA | CK51: N | CP51: BNCTC | CQ51: Y | CT51: N | CV51: 0 | CY51: 계열 | DA51: 02)16:51 | DB51: 02)16:51 | DC51: 02)16:55 | DH51: 1023500 | DN51: 0 | DO51: 0 | DP51: N | DS51: 박승기 | DV51: 컨테이너_수출 | DW51: 5010001 | DX51: 0

Sheet GLAPS자동계산
A1: 순번 | B1: 원본행 | C1: 배차 요청일 | D1: 운송사 | E1: 배차시간 | F1: 구분(오전,오후) | G1: 포장장 | H1: 실출하지 | I1: 고객사 | J1: 선사 | K1: 사이즈 | L1: 반입지 | M1: 국가(도착항) | N1: 비고 | O1: 차량넘버 | P1: 반출지 | Q1: 컨테이너 종류 (위험물,리퍼) | R1: 20 | S1: 40 | T1: 40HC | U1: ContainerNo. | V1: SealNumber1 | W1: 할증 | X1: 편성넘버 | Y1: 부킹 | Z1: 반입일 (ODCY/터미널) | AA1: ODCY(세방) 반입터미널 | AB1: ODCY 세부명칭
A2: 1 | B2: =IFERROR(_xlfn.AGGREGATE(15,6,ROW(GLAPS컨테이너배차관리!$X$2:$X$20000)/(GLAPS컨테이너배차관리!$X$2:$X$20000<>""),A2),"") -> 12 | C2: =IF($B2="","",INT(IF(INDEX(GLAPS컨테이너배차관리!$K:$K,$B2)="","",INDEX(GLAPS컨테이너배차관리!$K:$K,$B2)))) -> 46177 | D2: =IF($B2="","",IF(ISNUMBER(SEARCH("이엘에스",IF(INDEX(GLAPS컨테이너배차관리!$AZ:$AZ,$B2)="","",INDEX(GLAPS컨테이너배차관리!$AZ:$AZ,$B2)))),"ELS솔루션",IF(INDEX(GLAPS컨테이너배차관리!$AZ:$AZ,$B2)="","",INDEX(GLAPS컨테이너배차관리!$AZ:$AZ,$B2)))) -> ELS솔루션 | E2: =IF($B2="","",IF(INDEX(GLAPS컨테이너배차관리!$L:$L,$B2)="","",INDEX(GLAPS컨테이너배차관리!$L:$L,$B2))) -> 08:00 | F2: =IF($B2="","",IF(HOUR(IF(INDEX(GLAPS컨테이너배차관리!$L:$L,$B2)="","",INDEX(GLAPS컨테이너배차관리!$L:$L,$B2)))<12,"오전",IF(HOUR(IF(INDEX(GLAPS컨테이너배차관리!$L:$L,$B2)="","",INDEX(GLAPS컨테이너배차관리!$L:$L,$B2)))<18,"오후","잔업"))) -> 오전 | G2: =IF($B2="","",IFERROR(INDEX(GLAPS정리!$G$3:$G$264,MATCH(IF(INDEX(GLAPS컨테이너배차관리!$BY:$BY,$B2)="","",INDEX(GLAPS컨테이너배차관리!$BY:$BY,$B2)),GLAPS정리!$H$3:$H$264,0)),TRIM(SUBSTITUTE(SUBSTITUTE(SUBSTITUTE(SUBSTITUTE(SUBSTITUTE(IF(INDEX(GLAPS컨테이너배차관리!$T:$T,$B2)="","",INDEX(GLAPS컨테이너배차관리!$T:$T,$B2)),"[GA]",""),"[GB]",""),"[GC]",""),"[KC]",""),"[GS]","")))) -> 아산 2포장장 | H2: =IF($B2="","",IFERROR(VLOOKUP(IF(INDEX(GLAPS컨테이너배차관리!$BY:$BY,$B2)="","",INDEX(GLAPS컨테이너배차관리!$BY:$BY,$B2)),GLAPS정리!$BT$3:$BV$200,3,0),"")) -> EAS | I2: =IF($B2="","",LEFT(IF(INDEX(GLAPS컨테이너배차관리!$U:$U,$B2)="","",INDEX(GLAPS컨테이너배차관리!$U:$U,$B2)),FIND("/",IF(INDEX(GLAPS컨테이너배차관리!$U:$U,$B2)="","",INDEX(GLAPS컨테이너배차관리!$U:$U,$B2))&"/")-1)) -> KIN | J2: =IF($B2="","",IF(IF(INDEX(GLAPS컨테이너배차관리!$O:$O,$B2)="","",INDEX(GLAPS컨테이너배차관리!$O:$O,$B2))="EMC","EMA",IFERROR(INDEX(GLAPS정리!$A$2:$A$50,MATCH(IF(INDEX(GLAPS컨테이너배차관리!$O:$O,$B2)="","",INDEX(GLAPS컨테이너배차관리!$O:$O,$B2)),GLAPS정리!$D$2:$D$50,0)),IF(INDEX(GLAPS컨테이너배차관리!$O:$O,$B2)="","",INDEX(GLAPS컨테이너배차관리!$O:$O,$B2))))) -> WHL | K2: =IF($B2="","",IF(LEFT(IF(INDEX(GLAPS컨테이너배차관리!$Y:$Y,$B2)="","",INDEX(GLAPS컨테이너배차관리!$Y:$Y,$B2)),2)="22","20 Feet",IF(LEFT(IF(INDEX(GLAPS컨테이너배차관리!$Y:$Y,$B2)="","",INDEX(GLAPS컨테이너배차관리!$Y:$Y,$B2)),2)="42","40 Feet","40 Feet H"))) -> 40 Feet H | L2: =IF($B2="","",IFERROR(INDEX(GLAPS정리!$BB$2:$BB$80,MATCH(IF(INDEX(GLAPS컨테이너배차관리!$BQ:$BQ,$B2)="","",INDEX(GLAPS컨테이너배차관리!$BQ:$BQ,$B2)),GLAPS정리!$BC$2:$BC$80,0)),IF(INDEX(GLAPS컨테이너배차관리!$BQ:$BQ,$B2)="","",INDEX(GLAPS컨테이너배차관리!$BQ:$BQ,$B2)))) -> BUSAN(NEW) | M2: =IF($B2="","",IFERROR(INDEX(GLAPS정리!$V$3:$V$180,MATCH(IF(INDEX(GLAPS컨테이너배차관리!$S:$S,$B2)="","",INDEX(GLAPS컨테이너배차관리!$S:$S,$B2)),GLAPS정리!$W$3:$W$180,0)),IF(INDEX(GLAPS컨테이너배차관리!$S:$S,$B2)="","",INDEX(GLAPS컨테이너배차관리!$S:$S,$B2)))) -> 인도 | N2: =IF($B2="","",IF(IF(INDEX(GLAPS컨테이너배차관리!$DF:$DF,$B2)="","",INDEX(GLAPS컨테이너배차관리!$DF:$DF,$B2))<>"",IF(INDEX(GLAPS컨테이너배차관리!$DF:$DF,$B2)="","",INDEX(GLAPS컨테이너배차관리!$DF:$DF,$B2)),IF(IF(INDEX(GLAPS컨테이너배차관리!$DG:$DG,$B2)="","",INDEX(GLAPS컨테이너배차관리!$DG:$DG,$B2))<>"",IF(INDEX(GLAPS컨테이너배차관리!$DG:$DG,$B2)="","",INDEX(GLAPS컨테이너배차관리!$DG:$DG,$B2)),""))) | O2: =IF($B2="","",IF(INDEX(GLAPS컨테이너배차관리!$AB:$AB,$B2)="","",INDEX(GLAPS컨테이너배차관리!$AB:$AB,$B2))) -> 부산99바7157 | P2: =IF($B2="","",IF(IF(INDEX(GLAPS컨테이너배차관리!$CP:$CP,$B2)="","",INDEX(GLAPS컨테이너배차관리!$CP:$CP,$B2))="","",IFERROR(INDEX(GLAPS정리!$BH$2:$BH$101,MATCH(IF(INDEX(GLAPS컨테이너배차관리!$CP:$CP,$B2)="","",INDEX(GLAPS컨테이너배차관리!$CP:$CP,$B2)),GLAPS정리!$BI$2:$BI$101,0)),IF(INDEX(GLAPS컨테이너배차관리!$CP:$CP,$B2)="","",INDEX(GLAPS컨테이너배차관리!$CP:$CP,$B2))))) | Q2: =IF($B2="","",IF(AND(IF(INDEX(GLAPS컨테이너배차관리!$AK:$AK,$B2)="","",INDEX(GLAPS컨테이너배차관리!$AK:$AK,$B2))="Y",IF(INDEX(GLAPS컨테이너배차관리!$AI:$AI,$B2)="","",INDEX(GLAPS컨테이너배차관리!$AI:$AI,$B2))="Y"),"위험물리퍼",IF(IF(INDEX(GLAPS컨테이너배차관리!$AK:$AK,$B2)="","",INDEX(GLAPS컨테이너배차관리!$AK:$AK,$B2))="Y","위험물",IF(IF(INDEX(GLAPS컨테이너배차관리!$AI:$AI,$B2)="","",INDEX(GLAPS컨테이너배차관리!$AI:$AI,$B2))="Y","리퍼","")))) | R2: =IF($B2="","",IF(LEFT(IF(INDEX(GLAPS컨테이너배차관리!$Y:$Y,$B2)="","",INDEX(GLAPS컨테이너배차관리!$Y:$Y,$B2)),2)="22",1,"")) | S2: =IF($B2="","",IF(LEFT(IF(INDEX(GLAPS컨테이너배차관리!$Y:$Y,$B2)="","",INDEX(GLAPS컨테이너배차관리!$Y:$Y,$B2)),2)="42",1,"")) | T2: =IF($B2="","",IF(LEFT(IF(INDEX(GLAPS컨테이너배차관리!$Y:$Y,$B2)="","",INDEX(GLAPS컨테이너배차관리!$Y:$Y,$B2)),2)="45",1,"")) -> 1 | U2: =IF($B2="","",IF(INDEX(GLAPS컨테이너배차관리!$X:$X,$B2)="","",INDEX(GLAPS컨테이너배차관리!$X:$X,$B2))) -> WHSU6549777 | V2: =IF($B2="","",IF(INDEX(GLAPS컨테이너배차관리!$Z:$Z,$B2)="","",INDEX(GLAPS컨테이너배차관리!$Z:$Z,$B2))) -> WHA3168605 | W2: =IF($B2="","",IF(IF(INDEX(GLAPS컨테이너배차관리!$DI:$DI,$B2)="","",INDEX(GLAPS컨테이너배차관리!$DI:$DI,$B2))<>"",IF(INDEX(GLAPS컨테이너배차관리!$DI:$DI,$B2)="","",INDEX(GLAPS컨테이너배차관리!$DI:$DI,$B2)),IF(IF(INDEX(GLAPS컨테이너배차관리!$DJ:$DJ,$B2)="","",INDEX(GLAPS컨테이너배차관리!$DJ:$DJ,$B2))<>"",IF(INDEX(GLAPS컨테이너배차관리!$DJ:$DJ,$B2)="","",INDEX(GLAPS컨테이너배차관리!$DJ:$DJ,$B2)),IF(IF(INDEX(GLAPS컨테이너배차관리!$DK:$DK,$B2)="","",INDEX(GLAPS컨테이너배차관리!$DK:$DK,$B2))<>"",IF(INDEX(GLAPS컨테이너배차관리!$DK:$DK,$B2)="","",INDEX(GLAPS컨테이너배차관리!$DK:$DK,$B2)),IF(IF(INDEX(GLAPS컨테이너배차관리!$DL:$DL,$B2)="","",INDEX(GLAPS컨테이너배차관리!$DL:$DL,$B2))<>"",IF(INDEX(GLAPS컨테이너배차관리!$DL:$DL,$B2)="","",INDEX(GLAPS컨테이너배차관리!$DL:$DL,$B2)),IF(IF(INDEX(GLAPS컨테이너배차관리!$DM:$DM,$B2)="","",INDEX(GLAPS컨테이너배차관리!$DM:$DM,$B2))<>"",IF(INDEX(GLAPS컨테이너배차관리!$DM:$DM,$B2)="","",INDEX(GLAPS컨테이너배차관리!$DM:$DM,$B2)),"")))))) | X2: =IF($B2="","",IF(INDEX(GLAPS컨테이너배차관리!$F:$F,$B2)="","",INDEX(GLAPS컨테이너배차관리!$F:$F,$B2))) -> X260602-001966 | Y2: =IF($B2="","",IF(IF(INDEX(GLAPS컨테이너배차관리!$M:$M,$B2)="","",INDEX(GLAPS컨테이너배차관리!$M:$M,$B2))<>"",IF(INDEX(GLAPS컨테이너배차관리!$M:$M,$B2)="","",INDEX(GLAPS컨테이너배차관리!$M:$M,$B2)),IF(IF(INDEX(GLAPS컨테이너배차관리!$N:$N,$B2)="","",INDEX(GLAPS컨테이너배차관리!$N:$N,$B2))<>"",IF(INDEX(GLAPS컨테이너배차관리!$N:$N,$B2)="","",INDEX(GLAPS컨테이너배차관리!$N:$N,$B2)),""))) -> 005GX17204 | Z2: =IF($B2="","",IF(IF(INDEX(GLAPS컨테이너배차관리!$CU:$CU,$B2)="","",INDEX(GLAPS컨테이너배차관리!$CU:$CU,$B2))="","",IFERROR(INT(IF(INDEX(GLAPS컨테이너배차관리!$CU:$CU,$B2)="","",INDEX(GLAPS컨테이너배차관리!$CU:$CU,$B2))),""))) | AA2: =IF($B2="","",IF(AND(IF(INDEX(GLAPS컨테이너배차관리!$CL:$CL,$B2)="","",INDEX(GLAPS컨테이너배차관리!$CL:$CL,$B2))="",IF(INDEX(GLAPS컨테이너배차관리!$CM:$CM,$B2)="","",INDEX(GLAPS컨테이너배차관리!$CM:$CM,$B2))=""),"",IF(OR(IF(INDEX(GLAPS컨테이너배차관리!$CL:$CL,$B2)="","",INDEX(GLAPS컨테이너배차관리!$CL:$CL,$B2))="B000016649",ISNUMBER(SEARCH("B015",IF(INDEX(GLAPS컨테이너배차관리!$CM:$CM,$B2)="","",INDEX(GLAPS컨테이너배차관리!$CM:$CM,$B2)))),ISNUMBER(SEARCH("세방",IF(INDEX(GLAPS컨테이너배차관리!$CM:$CM,$B2)="","",INDEX(GLAPS컨테이너배차관리!$CM:$CM,$B2)))),ISNUMBER(SEARCH("SB",IF(INDEX(GLAPS컨테이너배차관리!$CM:$CM,$B2)="","",INDEX(GLAPS컨테이너배차관리!$CM:$CM,$B2))))),"세방",""))) | AB2: =IF($B2="","",IF(IF(INDEX(GLAPS컨테이너배차관리!$CM:$CM,$B2)="","",INDEX(GLAPS컨테이너배차관리!$CM:$CM,$B2))="","",IF(ISNUMBER(SEARCH("이지스두동",IF(INDEX(GLAPS컨테이너배차관리!$CM:$CM,$B2)="","",INDEX(GLAPS컨테이너배차관리!$CM:$CM,$B2)))),"이지스두동",IF(ISNUMBER(SEARCH("이지스녹산",IF(INDEX(GLAPS컨테이너배차관리!$CM:$CM,$B2)="","",INDEX(GLAPS컨테이너배차관리!$CM:$CM,$B2)))),"이지스녹산",IF(ISNUMBER(SEARCH("천우",IF(INDEX(GLAPS컨테이너배차관리!$CM:$CM,$B2)="","",INDEX(GLAPS컨테이너배차관리!$CM:$CM,$B2)))),"천우",IF(OR(ISNUMBER(SEARCH("청암",IF(INDEX(GLAPS컨테이너배차관리!$CM:$CM,$B2)="","",INDEX(GLAPS컨테이너배차관리!$CM:$CM,$B2)))),ISNUMBER(SEARCH("SB청암",IF(INDEX(GLAPS컨테이너배차관리!$CM:$CM,$B2)="","",INDEX(GLAPS컨테이너배차관리!$CM:$CM,$B2))))),"청암신항",IF(INDEX(GLAPS컨테이너배차관리!$CM:$CM,$B2)="","",INDEX(GLAPS컨테이너배차관리!$CM:$CM,$B2))))))))
A3: 2 | B3: =IFERROR(_xlfn.AGGREGATE(15,6,ROW(GLAPS컨테이너배차관리!$X$2:$X$20000)/(GLAPS컨테이너배차관리!$X$2:$X$20000<>""),A3),"") -> 13 | C3: =IF($B3="","",INT(IF(INDEX(GLAPS컨테이너배차관리!$K:$K,$B3)="","",INDEX(GLAPS컨테이너배차관리!$K:$K,$B3)))) -> 46177 | D3: =IF($B3="","",IF(ISNUMBER(SEARCH("이엘에스",IF(INDEX(GLAPS컨테이너배차관리!$AZ:$AZ,$B3)="","",INDEX(GLAPS컨테이너배차관리!$AZ:$AZ,$B3)))),"ELS솔루션",IF(INDEX(GLAPS컨테이너배차관리!$AZ:$AZ,$B3)="","",INDEX(GLAPS컨테이너배차관리!$AZ:$AZ,$B3)))) -> ELS솔루션 | E3: =IF($B3="","",IF(INDEX(GLAPS컨테이너배차관리!$L:$L,$B3)="","",INDEX(GLAPS컨테이너배차관리!$L:$L,$B3))) -> 09:00 | F3: =IF($B3="","",IF(HOUR(IF(INDEX(GLAPS컨테이너배차관리!$L:$L,$B3)="","",INDEX(GLAPS컨테이너배차관리!$L:$L,$B3)))<12,"오전",IF(HOUR(IF(INDEX(GLAPS컨테이너배차관리!$L:$L,$B3)="","",INDEX(GLAPS컨테이너배차관리!$L:$L,$B3)))<18,"오후","잔업"))) -> 오전 | G3: =IF($B3="","",IFERROR(INDEX(GLAPS정리!$G$3:$G$264,MATCH(IF(INDEX(GLAPS컨테이너배차관리!$BY:$BY,$B3)="","",INDEX(GLAPS컨테이너배차관리!$BY:$BY,$B3)),GLAPS정리!$H$3:$H$264,0)),TRIM(SUBSTITUTE(SUBSTITUTE(SUBSTITUTE(SUBSTITUTE(SUBSTITUTE(IF(INDEX(GLAPS컨테이너배차관리!$T:$T,$B3)="","",INDEX(GLAPS컨테이너배차관리!$T:$T,$B3)),"[GA]",""),"[GB]",""),"[GC]",""),"[KC]",""),"[GS]","")))) -> 아산 2포장장 | H3: =IF($B3="","",IFERROR(VLOOKUP(IF(INDEX(GLAPS컨테이너배차관리!$BY:$BY,$B3)="","",INDEX(GLAPS컨테이너배차관리!$BY:$BY,$B3)),GLAPS정리!$BT$3:$BV$200,3,0),"")) -> EAS | I3: =IF($B3="","",LEFT(IF(INDEX(GLAPS컨테이너배차관리!$U:$U,$B3)="","",INDEX(GLAPS컨테이너배차관리!$U:$U,$B3)),FIND("/",IF(INDEX(GLAPS컨테이너배차관리!$U:$U,$B3)="","",INDEX(GLAPS컨테이너배차관리!$U:$U,$B3))&"/")-1)) -> KIN | J3: =IF($B3="","",IF(IF(INDEX(GLAPS컨테이너배차관리!$O:$O,$B3)="","",INDEX(GLAPS컨테이너배차관리!$O:$O,$B3))="EMC","EMA",IFERROR(INDEX(GLAPS정리!$A$2:$A$50,MATCH(IF(INDEX(GLAPS컨테이너배차관리!$O:$O,$B3)="","",INDEX(GLAPS컨테이너배차관리!$O:$O,$B3)),GLAPS정리!$D$2:$D$50,0)),IF(INDEX(GLAPS컨테이너배차관리!$O:$O,$B3)="","",INDEX(GLAPS컨테이너배차관리!$O:$O,$B3))))) -> WHL | K3: =IF($B3="","",IF(LEFT(IF(INDEX(GLAPS컨테이너배차관리!$Y:$Y,$B3)="","",INDEX(GLAPS컨테이너배차관리!$Y:$Y,$B3)),2)="22","20 Feet",IF(LEFT(IF(INDEX(GLAPS컨테이너배차관리!$Y:$Y,$B3)="","",INDEX(GLAPS컨테이너배차관리!$Y:$Y,$B3)),2)="42","40 Feet","40 Feet H"))) -> 40 Feet H | L3: =IF($B3="","",IFERROR(INDEX(GLAPS정리!$BB$2:$BB$80,MATCH(IF(INDEX(GLAPS컨테이너배차관리!$BQ:$BQ,$B3)="","",INDEX(GLAPS컨테이너배차관리!$BQ:$BQ,$B3)),GLAPS정리!$BC$2:$BC$80,0)),IF(INDEX(GLAPS컨테이너배차관리!$BQ:$BQ,$B3)="","",INDEX(GLAPS컨테이너배차관리!$BQ:$BQ,$B3)))) -> BUSAN(NEW) | M3: =IF($B3="","",IFERROR(INDEX(GLAPS정리!$V$3:$V$180,MATCH(IF(INDEX(GLAPS컨테이너배차관리!$S:$S,$B3)="","",INDEX(GLAPS컨테이너배차관리!$S:$S,$B3)),GLAPS정리!$W$3:$W$180,0)),IF(INDEX(GLAPS컨테이너배차관리!$S:$S,$B3)="","",INDEX(GLAPS컨테이너배차관리!$S:$S,$B3)))) -> 인도 | N3: =IF($B3="","",IF(IF(INDEX(GLAPS컨테이너배차관리!$DF:$DF,$B3)="","",INDEX(GLAPS컨테이너배차관리!$DF:$DF,$B3))<>"",IF(INDEX(GLAPS컨테이너배차관리!$DF:$DF,$B3)="","",INDEX(GLAPS컨테이너배차관리!$DF:$DF,$B3)),IF(IF(INDEX(GLAPS컨테이너배차관리!$DG:$DG,$B3)="","",INDEX(GLAPS컨테이너배차관리!$DG:$DG,$B3))<>"",IF(INDEX(GLAPS컨테이너배차관리!$DG:$DG,$B3)="","",INDEX(GLAPS컨테이너배차관리!$DG:$DG,$B3)),""))) | O3: =IF($B3="","",IF(INDEX(GLAPS컨테이너배차관리!$AB:$AB,$B3)="","",INDEX(GLAPS컨테이너배차관리!$AB:$AB,$B3))) -> 경북98사1145 | P3: =IF($B3="","",IF(IF(INDEX(GLAPS컨테이너배차관리!$CP:$CP,$B3)="","",INDEX(GLAPS컨테이너배차관리!$CP:$CP,$B3))="","",IFERROR(INDEX(GLAPS정리!$BH$2:$BH$101,MATCH(IF(INDEX(GLAPS컨테이너배차관리!$CP:$CP,$B3)="","",INDEX(GLAPS컨테이너배차관리!$CP:$CP,$B3)),GLAPS정리!$BI$2:$BI$101,0)),IF(INDEX(GLAPS컨테이너배차관리!$CP:$CP,$B3)="","",INDEX(GLAPS컨테이너배차관리!$CP:$CP,$B3))))) | Q3: =IF($B3="","",IF(AND(IF(INDEX(GLAPS컨테이너배차관리!$AK:$AK,$B3)="","",INDEX(GLAPS컨테이너배차관리!$AK:$AK,$B3))="Y",IF(INDEX(GLAPS컨테이너배차관리!$AI:$AI,$B3)="","",INDEX(GLAPS컨테이너배차관리!$AI:$AI,$B3))="Y"),"위험물리퍼",IF(IF(INDEX(GLAPS컨테이너배차관리!$AK:$AK,$B3)="","",INDEX(GLAPS컨테이너배차관리!$AK:$AK,$B3))="Y","위험물",IF(IF(INDEX(GLAPS컨테이너배차관리!$AI:$AI,$B3)="","",INDEX(GLAPS컨테이너배차관리!$AI:$AI,$B3))="Y","리퍼","")))) | R3: =IF($B3="","",IF(LEFT(IF(INDEX(GLAPS컨테이너배차관리!$Y:$Y,$B3)="","",INDEX(GLAPS컨테이너배차관리!$Y:$Y,$B3)),2)="22",1,"")) | S3: =IF($B3="","",IF(LEFT(IF(INDEX(GLAPS컨테이너배차관리!$Y:$Y,$B3)="","",INDEX(GLAPS컨테이너배차관리!$Y:$Y,$B3)),2)="42",1,"")) | T3: =IF($B3="","",IF(LEFT(IF(INDEX(GLAPS컨테이너배차관리!$Y:$Y,$B3)="","",INDEX(GLAPS컨테이너배차관리!$Y:$Y,$B3)),2)="45",1,"")) -> 1 | U3: =IF($B3="","",IF(INDEX(GLAPS컨테이너배차관리!$X:$X,$B3)="","",INDEX(GLAPS컨테이너배차관리!$X:$X,$B3))) -> WHSU5174357 | V3: =IF($B3="","",IF(INDEX(GLAPS컨테이너배차관리!$Z:$Z,$B3)="","",INDEX(GLAPS컨테이너배차관리!$Z:$Z,$B3))) -> WHA3168615 | W3: =IF($B3="","",IF(IF(INDEX(GLAPS컨테이너배차관리!$DI:$DI,$B3)="","",INDEX(GLAPS컨테이너배차관리!$DI:$DI,$B3))<>"",IF(INDEX(GLAPS컨테이너배차관리!$DI:$DI,$B3)="","",INDEX(GLAPS컨테이너배차관리!$DI:$DI,$B3)),IF(IF(INDEX(GLAPS컨테이너배차관리!$DJ:$DJ,$B3)="","",INDEX(GLAPS컨테이너배차관리!$DJ:$DJ,$B3))<>"",IF(INDEX(GLAPS컨테이너배차관리!$DJ:$DJ,$B3)="","",INDEX(GLAPS컨테이너배차관리!$DJ:$DJ,$B3)),IF(IF(INDEX(GLAPS컨테이너배차관리!$DK:$DK,$B3)="","",INDEX(GLAPS컨테이너배차관리!$DK:$DK,$B3))<>"",IF(INDEX(GLAPS컨테이너배차관리!$DK:$DK,$B3)="","",INDEX(GLAPS컨테이너배차관리!$DK:$DK,$B3)),IF(IF(INDEX(GLAPS컨테이너배차관리!$DL:$DL,$B3)="","",INDEX(GLAPS컨테이너배차관리!$DL:$DL,$B3))<>"",IF(INDEX(GLAPS컨테이너배차관리!$DL:$DL,$B3)="","",INDEX(GLAPS컨테이너배차관리!$DL:$DL,$B3)),IF(IF(INDEX(GLAPS컨테이너배차관리!$DM:$DM,$B3)="","",INDEX(GLAPS컨테이너배차관리!$DM:$DM,$B3))<>"",IF(INDEX(GLAPS컨테이너배차관리!$DM:$DM,$B3)="","",INDEX(GLAPS컨테이너배차관리!$DM:$DM,$B3)),"")))))) | X3: =IF($B3="","",IF(INDEX(GLAPS컨테이너배차관리!$F:$F,$B3)="","",INDEX(GLAPS컨테이너배차관리!$F:$F,$B3))) -> X260602-001967 | Y3: =IF($B3="","",IF(IF(INDEX(GLAPS컨테이너배차관리!$M:$M,$B3)="","",INDEX(GLAPS컨테이너배차관리!$M:$M,$B3))<>"",IF(INDEX(GLAPS컨테이너배차관리!$M:$M,$B3)="","",INDEX(GLAPS컨테이너배차관리!$M:$M,$B3)),IF(IF(INDEX(GLAPS컨테이너배차관리!$N:$N,$B3)="","",INDEX(GLAPS컨테이너배차관리!$N:$N,$B3))<>"",IF(INDEX(GLAPS컨테이너배차관리!$N:$N,$B3)="","",INDEX(GLAPS컨테이너배차관리!$N:$N,$B3)),""))) -> 005GX17204 | Z3: =IF($B3="","",IF(IF(INDEX(GLAPS컨테이너배차관리!$CU:$CU,$B3)="","",INDEX(GLAPS컨테이너배차관리!$CU:$CU,$B3))="","",IFERROR(INT(IF(INDEX(GLAPS컨테이너배차관리!$CU:$CU,$B3)="","",INDEX(GLAPS컨테이너배차관리!$CU:$CU,$B3))),""))) | AA3: =IF($B3="","",IF(AND(IF(INDEX(GLAPS컨테이너배차관리!$CL:$CL,$B3)="","",INDEX(GLAPS컨테이너배차관리!$CL:$CL,$B3))="",IF(INDEX(GLAPS컨테이너배차관리!$CM:$CM,$B3)="","",INDEX(GLAPS컨테이너배차관리!$CM:$CM,$B3))=""),"",IF(OR(IF(INDEX(GLAPS컨테이너배차관리!$CL:$CL,$B3)="","",INDEX(GLAPS컨테이너배차관리!$CL:$CL,$B3))="B000016649",ISNUMBER(SEARCH("B015",IF(INDEX(GLAPS컨테이너배차관리!$CM:$CM,$B3)="","",INDEX(GLAPS컨테이너배차관리!$CM:$CM,$B3)))),ISNUMBER(SEARCH("세방",IF(INDEX(GLAPS컨테이너배차관리!$CM:$CM,$B3)="","",INDEX(GLAPS컨테이너배차관리!$CM:$CM,$B3)))),ISNUMBER(SEARCH("SB",IF(INDEX(GLAPS컨테이너배차관리!$CM:$CM,$B3)="","",INDEX(GLAPS컨테이너배차관리!$CM:$CM,$B3))))),"세방",""))) | AB3: =IF($B3="","",IF(IF(INDEX(GLAPS컨테이너배차관리!$CM:$CM,$B3)="","",INDEX(GLAPS컨테이너배차관리!$CM:$CM,$B3))="","",IF(ISNUMBER(SEARCH("이지스두동",IF(INDEX(GLAPS컨테이너배차관리!$CM:$CM,$B3)="","",INDEX(GLAPS컨테이너배차관리!$CM:$CM,$B3)))),"이지스두동",IF(ISNUMBER(SEARCH("이지스녹산",IF(INDEX(GLAPS컨테이너배차관리!$CM:$CM,$B3)="","",INDEX(GLAPS컨테이너배차관리!$CM:$CM,$B3)))),"이지스녹산",IF(ISNUMBER(SEARCH("천우",IF(INDEX(GLAPS컨테이너배차관리!$CM:$CM,$B3)="","",INDEX(GLAPS컨테이너배차관리!$CM:$CM,$B3)))),"천우",IF(OR(ISNUMBER(SEARCH("청암",IF(INDEX(GLAPS컨테이너배차관리!$CM:$CM,$B3)="","",INDEX(GLAPS컨테이너배차관리!$CM:$CM,$B3)))),ISNUMBER(SEARCH("SB청암",IF(INDEX(GLAPS컨테이너배차관리!$CM:$CM,$B3)="","",INDEX(GLAPS컨테이너배차관리!$CM:$CM,$B3))))),"청암신항",IF(INDEX(GLAPS컨테이너배차관리!$CM:$CM,$B3)="","",INDEX(GLAPS컨테이너배차관리!$CM:$CM,$B3))))))))
A4: 3 | B4: =IFERROR(_xlfn.AGGREGATE(15,6,ROW(GLAPS컨테이너배차관리!$X$2:$X$20000)/(GLAPS컨테이너배차관리!$X$2:$X$20000<>""),A4),"") -> 19 | C4: =IF($B4="","",INT(IF(INDEX(GLAPS컨테이너배차관리!$K:$K,$B4)="","",INDEX(GLAPS컨테이너배차관리!$K:$K,$B4)))) -> 46177 | D4: =IF($B4="","",IF(ISNUMBER(SEARCH("이엘에스",IF(INDEX(GLAPS컨테이너배차관리!$AZ:$AZ,$B4)="","",INDEX(GLAPS컨테이너배차관리!$AZ:$AZ,$B4)))),"ELS솔루션",IF(INDEX(GLAPS컨테이너배차관리!$AZ:$AZ,$B4)="","",INDEX(GLAPS컨테이너배차관리!$AZ:$AZ,$B4)))) -> ELS솔루션 | E4: =IF($B4="","",IF(INDEX(GLAPS컨테이너배차관리!$L:$L,$B4)="","",INDEX(GLAPS컨테이너배차관리!$L:$L,$B4))) -> 08:00 | F4: =IF($B4="","",IF(HOUR(IF(INDEX(GLAPS컨테이너배차관리!$L:$L,$B4)="","",INDEX(GLAPS컨테이너배차관리!$L:$L,$B4)))<12,"오전",IF(HOUR(IF(INDEX(GLAPS컨테이너배차관리!$L:$L,$B4)="","",INDEX(GLAPS컨테이너배차관리!$L:$L,$B4)))<18,"오후","잔업"))) -> 오전 | G4: =IF($B4="","",IFERROR(INDEX(GLAPS정리!$G$3:$G$264,MATCH(IF(INDEX(GLAPS컨테이너배차관리!$BY:$BY,$B4)="","",INDEX(GLAPS컨테이너배차관리!$BY:$BY,$B4)),GLAPS정리!$H$3:$H$264,0)),TRIM(SUBSTITUTE(SUBSTITUTE(SUBSTITUTE(SUBSTITUTE(SUBSTITUTE(IF(INDEX(GLAPS컨테이너배차관리!$T:$T,$B4)="","",INDEX(GLAPS컨테이너배차관리!$T:$T,$B4)),"[GA]",""),"[GB]",""),"[GC]",""),"[KC]",""),"[GS]","")))) -> 아산 1포장장 | H4: =IF($B4="","",IFERROR(VLOOKUP(IF(INDEX(GLAPS컨테이너배차관리!$BY:$BY,$B4)="","",INDEX(GLAPS컨테이너배차관리!$BY:$BY,$B4)),GLAPS정리!$BT$3:$BV$200,3,0),"")) -> EAS | I4: =IF($B4="","",LEFT(IF(INDEX(GLAPS컨테이너배차관리!$U:$U,$B4)="","",INDEX(GLAPS컨테이너배차관리!$U:$U,$B4)),FIND("/",IF(INDEX(GLAPS컨테이너배차관리!$U:$U,$B4)="","",INDEX(GLAPS컨테이너배차관리!$U:$U,$B4))&"/")-1)) -> KASK | J4: =IF($B4="","",IF(IF(INDEX(GLAPS컨테이너배차관리!$O:$O,$B4)="","",INDEX(GLAPS컨테이너배차관리!$O:$O,$B4))="EMC","EMA",IFERROR(INDEX(GLAPS정리!$A$2:$A$50,MATCH(IF(INDEX(GLAPS컨테이너배차관리!$O:$O,$B4)="","",INDEX(GLAPS컨테이너배차관리!$O:$O,$B4)),GLAPS정리!$D$2:$D$50,0)),IF(INDEX(GLAPS컨테이너배차관리!$O:$O,$B4)="","",INDEX(GLAPS컨테이너배차관리!$O:$O,$B4))))) -> CMA | K4: =IF($B4="","",IF(LEFT(IF(INDEX(GLAPS컨테이너배차관리!$Y:$Y,$B4)="","",INDEX(GLAPS컨테이너배차관리!$Y:$Y,$B4)),2)="22","20 Feet",IF(LEFT(IF(INDEX(GLAPS컨테이너배차관리!$Y:$Y,$B4)="","",INDEX(GLAPS컨테이너배차관리!$Y:$Y,$B4)),2)="42","40 Feet","40 Feet H"))) -> 40 Feet H | L4: =IF($B4="","",IFERROR(INDEX(GLAPS정리!$BB$2:$BB$80,MATCH(IF(INDEX(GLAPS컨테이너배차관리!$BQ:$BQ,$B4)="","",INDEX(GLAPS컨테이너배차관리!$BQ:$BQ,$B4)),GLAPS정리!$BC$2:$BC$80,0)),IF(INDEX(GLAPS컨테이너배차관리!$BQ:$BQ,$B4)="","",INDEX(GLAPS컨테이너배차관리!$BQ:$BQ,$B4)))) -> BUSAN(NEW) | M4: =IF($B4="","",IFERROR(INDEX(GLAPS정리!$V$3:$V$180,MATCH(IF(INDEX(GLAPS컨테이너배차관리!$S:$S,$B4)="","",INDEX(GLAPS컨테이너배차관리!$S:$S,$B4)),GLAPS정리!$W$3:$W$180,0)),IF(INDEX(GLAPS컨테이너배차관리!$S:$S,$B4)="","",INDEX(GLAPS컨테이너배차관리!$S:$S,$B4)))) -> 코퍼 | N4: =IF($B4="","",IF(IF(INDEX(GLAPS컨테이너배차관리!$DF:$DF,$B4)="","",INDEX(GLAPS컨테이너배차관리!$DF:$DF,$B4))<>"",IF(INDEX(GLAPS컨테이너배차관리!$DF:$DF,$B4)="","",INDEX(GLAPS컨테이너배차관리!$DF:$DF,$B4)),IF(IF(INDEX(GLAPS컨테이너배차관리!$DG:$DG,$B4)="","",INDEX(GLAPS컨테이너배차관리!$DG:$DG,$B4))<>"",IF(INDEX(GLAPS컨테이너배차관리!$DG:$DG,$B4)="","",INDEX(GLAPS컨테이너배차관리!$DG:$DG,$B4)),""))) | O4: =IF($B4="","",IF(INDEX(GLAPS컨테이너배차관리!$AB:$AB,$B4)="","",INDEX(GLAPS컨테이너배차관리!$AB:$AB,$B4))) -> 경남99바4922 | P4: =IF($B4="","",IF(IF(INDEX(GLAPS컨테이너배차관리!$CP:$CP,$B4)="","",INDEX(GLAPS컨테이너배차관리!$CP:$CP,$B4))="","",IFERROR(INDEX(GLAPS정리!$BH$2:$BH$101,MATCH(IF(INDEX(GLAPS컨테이너배차관리!$CP:$CP,$B4)="","",INDEX(GLAPS컨테이너배차관리!$CP:$CP,$B4)),GLAPS정리!$BI$2:$BI$101,0)),IF(INDEX(GLAPS컨테이너배차관리!$CP:$CP,$B4)="","",INDEX(GLAPS컨테이너배차관리!$CP:$CP,$B4))))) | Q4: =IF($B4="","",IF(AND(IF(INDEX(GLAPS컨테이너배차관리!$AK:$AK,$B4)="","",INDEX(GLAPS컨테이너배차관리!$AK:$AK,$B4))="Y",IF(INDEX(GLAPS컨테이너배차관리!$AI:$AI,$B4)="","",INDEX(GLAPS컨테이너배차관리!$AI:$AI,$B4))="Y"),"위험물리퍼",IF(IF(INDEX(GLAPS컨테이너배차관리!$AK:$AK,$B4)="","",INDEX(GLAPS컨테이너배차관리!$AK:$AK,$B4))="Y","위험물",IF(IF(INDEX(GLAPS컨테이너배차관리!$AI:$AI,$B4)="","",INDEX(GLAPS컨테이너배차관리!$AI:$AI,$B4))="Y","리퍼","")))) | R4: =IF($B4="","",IF(LEFT(IF(INDEX(GLAPS컨테이너배차관리!$Y:$Y,$B4)="","",INDEX(GLAPS컨테이너배차관리!$Y:$Y,$B4)),2)="22",1,"")) | S4: =IF($B4="","",IF(LEFT(IF(INDEX(GLAPS컨테이너배차관리!$Y:$Y,$B4)="","",INDEX(GLAPS컨테이너배차관리!$Y:$Y,$B4)),2)="42",1,"")) | T4: =IF($B4="","",IF(LEFT(IF(INDEX(GLAPS컨테이너배차관리!$Y:$Y,$B4)="","",INDEX(GLAPS컨테이너배차관리!$Y:$Y,$B4)),2)="45",1,"")) -> 1 | U4: =IF($B4="","",IF(INDEX(GLAPS컨테이너배차관리!$X:$X,$B4)="","",INDEX(GLAPS컨테이너배차관리!$X:$X,$B4))) -> CMAU7117159 | V4: =IF($B4="","",IF(INDEX(GLAPS컨테이너배차관리!$Z:$Z,$B4)="","",INDEX(GLAPS컨테이너배차관리!$Z:$Z,$B4))) -> M6412892 | W4: =IF($B4="","",IF(IF(INDEX(GLAPS컨테이너배차관리!$DI:$DI,$B4)="","",INDEX(GLAPS컨테이너배차관리!$DI:$DI,$B4))<>"",IF(INDEX(GLAPS컨테이너배차관리!$DI:$DI,$B4)="","",INDEX(GLAPS컨테이너배차관리!$DI:$DI,$B4)),IF(IF(INDEX(GLAPS컨테이너배차관리!$DJ:$DJ,$B4)="","",INDEX(GLAPS컨테이너배차관리!$DJ:$DJ,$B4))<>"",IF(INDEX(GLAPS컨테이너배차관리!$DJ:$DJ,$B4)="","",INDEX(GLAPS컨테이너배차관리!$DJ:$DJ,$B4)),IF(IF(INDEX(GLAPS컨테이너배차관리!$DK:$DK,$B4)="","",INDEX(GLAPS컨테이너배차관리!$DK:$DK,$B4))<>"",IF(INDEX(GLAPS컨테이너배차관리!$DK:$DK,$B4)="","",INDEX(GLAPS컨테이너배차관리!$DK:$DK,$B4)),IF(IF(INDEX(GLAPS컨테이너배차관리!$DL:$DL,$B4)="","",INDEX(GLAPS컨테이너배차관리!$DL:$DL,$B4))<>"",IF(INDEX(GLAPS컨테이너배차관리!$DL:$DL,$B4)="","",INDEX(GLAPS컨테이너배차관리!$DL:$DL,$B4)),IF(IF(INDEX(GLAPS컨테이너배차관리!$DM:$DM,$B4)="","",INDEX(GLAPS컨테이너배차관리!$DM:$DM,$B4))<>"",IF(INDEX(GLAPS컨테이너배차관리!$DM:$DM,$B4)="","",INDEX(GLAPS컨테이너배차관리!$DM:$DM,$B4)),"")))))) | X4: =IF($B4="","",IF(INDEX(GLAPS컨테이너배차관리!$F:$F,$B4)="","",INDEX(GLAPS컨테이너배차관리!$F:$F,$B4))) -> X260602-001973 | Y4: =IF($B4="","",IF(IF(INDEX(GLAPS컨테이너배차관리!$M:$M,$B4)="","",INDEX(GLAPS컨테이너배차관리!$M:$M,$B4))<>"",IF(INDEX(GLAPS컨테이너배차관리!$M:$M,$B4)="","",INDEX(GLAPS컨테이너배차관리!$M:$M,$B4)),IF(IF(INDEX(GLAPS컨테이너배차관리!$N:$N,$B4)="","",INDEX(GLAPS컨테이너배차관리!$N:$N,$B4))<>"",IF(INDEX(GLAPS컨테이너배차관리!$N:$N,$B4)="","",INDEX(GLAPS컨테이너배차관리!$N:$N,$B4)),""))) -> CMA2606010011 | Z4: =IF($B4="","",IF(IF(INDEX(GLAPS컨테이너배차관리!$CU:$CU,$B4)="","",INDEX(GLAPS컨테이너배차관리!$CU:$CU,$B4))="","",IFERROR(INT(IF(INDEX(GLAPS컨테이너배차관리!$CU:$CU,$B4)="","",INDEX(GLAPS컨테이너배차관리!$CU:$CU,$B4))),""))) | AA4: =IF($B4="","",IF(AND(IF(INDEX(GLAPS컨테이너배차관리!$CL:$CL,$B4)="","",INDEX(GLAPS컨테이너배차관리!$CL:$CL,$B4))="",IF(INDEX(GLAPS컨테이너배차관리!$CM:$CM,$B4)="","",INDEX(GLAPS컨테이너배차관리!$CM:$CM,$B4))=""),"",IF(OR(IF(INDEX(GLAPS컨테이너배차관리!$CL:$CL,$B4)="","",INDEX(GLAPS컨테이너배차관리!$CL:$CL,$B4))="B000016649",ISNUMBER(SEARCH("B015",IF(INDEX(GLAPS컨테이너배차관리!$CM:$CM,$B4)="","",INDEX(GLAPS컨테이너배차관리!$CM:$CM,$B4)))),ISNUMBER(SEARCH("세방",IF(INDEX(GLAPS컨테이너배차관리!$CM:$CM,$B4)="","",INDEX(GLAPS컨테이너배차관리!$CM:$CM,$B4)))),ISNUMBER(SEARCH("SB",IF(INDEX(GLAPS컨테이너배차관리!$CM:$CM,$B4)="","",INDEX(GLAPS컨테이너배차관리!$CM:$CM,$B4))))),"세방",""))) | AB4: =IF($B4="","",IF(IF(INDEX(GLAPS컨테이너배차관리!$CM:$CM,$B4)="","",INDEX(GLAPS컨테이너배차관리!$CM:$CM,$B4))="","",IF(ISNUMBER(SEARCH("이지스두동",IF(INDEX(GLAPS컨테이너배차관리!$CM:$CM,$B4)="","",INDEX(GLAPS컨테이너배차관리!$CM:$CM,$B4)))),"이지스두동",IF(ISNUMBER(SEARCH("이지스녹산",IF(INDEX(GLAPS컨테이너배차관리!$CM:$CM,$B4)="","",INDEX(GLAPS컨테이너배차관리!$CM:$CM,$B4)))),"이지스녹산",IF(ISNUMBER(SEARCH("천우",IF(INDEX(GLAPS컨테이너배차관리!$CM:$CM,$B4)="","",INDEX(GLAPS컨테이너배차관리!$CM:$CM,$B4)))),"천우",IF(OR(ISNUMBER(SEARCH("청암",IF(INDEX(GLAPS컨테이너배차관리!$CM:$CM,$B4)="","",INDEX(GLAPS컨테이너배차관리!$CM:$CM,$B4)))),ISNUMBER(SEARCH("SB청암",IF(INDEX(GLAPS컨테이너배차관리!$CM:$CM,$B4)="","",INDEX(GLAPS컨테이너배차관리!$CM:$CM,$B4))))),"청암신항",IF(INDEX(GLAPS컨테이너배차관리!$CM:$CM,$B4)="","",INDEX(GLAPS컨테이너배차관리!$CM:$CM,$B4))))))))
A5: 4 | B5: =IFERROR(_xlfn.AGGREGATE(15,6,ROW(GLAPS컨테이너배차관리!$X$2:$X$20000)/(GLAPS컨테이너배차관리!$X$2:$X$20000<>""),A5),"") -> 20 | C5: =IF($B5="","",INT(IF(INDEX(GLAPS컨테이너배차관리!$K:$K,$B5)="","",INDEX(GLAPS컨테이너배차관리!$K:$K,$B5)))) -> 46177 | D5: =IF($B5="","",IF(ISNUMBER(SEARCH("이엘에스",IF(INDEX(GLAPS컨테이너배차관리!$AZ:$AZ,$B5)="","",INDEX(GLAPS컨테이너배차관리!$AZ:$AZ,$B5)))),"ELS솔루션",IF(INDEX(GLAPS컨테이너배차관리!$AZ:$AZ,$B5)="","",INDEX(GLAPS컨테이너배차관리!$AZ:$AZ,$B5)))) -> ELS솔루션 | E5: =IF($B5="","",IF(INDEX(GLAPS컨테이너배차관리!$L:$L,$B5)="","",INDEX(GLAPS컨테이너배차관리!$L:$L,$B5))) -> 09:00 | F5: =IF($B5="","",IF(HOUR(IF(INDEX(GLAPS컨테이너배차관리!$L:$L,$B5)="","",INDEX(GLAPS컨테이너배차관리!$L:$L,$B5)))<12,"오전",IF(HOUR(IF(INDEX(GLAPS컨테이너배차관리!$L:$L,$B5)="","",INDEX(GLAPS컨테이너배차관리!$L:$L,$B5)))<18,"오후","잔업"))) -> 오전 | G5: =IF($B5="","",IFERROR(INDEX(GLAPS정리!$G$3:$G$264,MATCH(IF(INDEX(GLAPS컨테이너배차관리!$BY:$BY,$B5)="","",INDEX(GLAPS컨테이너배차관리!$BY:$BY,$B5)),GLAPS정리!$H$3:$H$264,0)),TRIM(SUBSTITUTE(SUBSTITUTE(SUBSTITUTE(SUBSTITUTE(SUBSTITUTE(IF(INDEX(GLAPS컨테이너배차관리!$T:$T,$B5)="","",INDEX(GLAPS컨테이너배차관리!$T:$T,$B5)),"[GA]",""),"[GB]",""),"[GC]",""),"[KC]",""),"[GS]","")))) -> 아산 1포장장 | H5: =IF($B5="","",IFERROR(VLOOKUP(IF(INDEX(GLAPS컨테이너배차관리!$BY:$BY,$B5)="","",INDEX(GLAPS컨테이너배차관리!$BY:$BY,$B5)),GLAPS정리!$BT$3:$BV$200,3,0),"")) -> EAS | I5: =IF($B5="","",LEFT(IF(INDEX(GLAPS컨테이너배차관리!$U:$U,$B5)="","",INDEX(GLAPS컨테이너배차관리!$U:$U,$B5)),FIND("/",IF(INDEX(GLAPS컨테이너배차관리!$U:$U,$B5)="","",INDEX(GLAPS컨테이너배차관리!$U:$U,$B5))&"/")-1)) -> KASK | J5: =IF($B5="","",IF(IF(INDEX(GLAPS컨테이너배차관리!$O:$O,$B5)="","",INDEX(GLAPS컨테이너배차관리!$O:$O,$B5))="EMC","EMA",IFERROR(INDEX(GLAPS정리!$A$2:$A$50,MATCH(IF(INDEX(GLAPS컨테이너배차관리!$O:$O,$B5)="","",INDEX(GLAPS컨테이너배차관리!$O:$O,$B5)),GLAPS정리!$D$2:$D$50,0)),IF(INDEX(GLAPS컨테이너배차관리!$O:$O,$B5)="","",INDEX(GLAPS컨테이너배차관리!$O:$O,$B5))))) -> CMA | K5: =IF($B5="","",IF(LEFT(IF(INDEX(GLAPS컨테이너배차관리!$Y:$Y,$B5)="","",INDEX(GLAPS컨테이너배차관리!$Y:$Y,$B5)),2)="22","20 Feet",IF(LEFT(IF(INDEX(GLAPS컨테이너배차관리!$Y:$Y,$B5)="","",INDEX(GLAPS컨테이너배차관리!$Y:$Y,$B5)),2)="42","40 Feet","40 Feet H"))) -> 40 Feet H | L5: =IF($B5="","",IFERROR(INDEX(GLAPS정리!$BB$2:$BB$80,MATCH(IF(INDEX(GLAPS컨테이너배차관리!$BQ:$BQ,$B5)="","",INDEX(GLAPS컨테이너배차관리!$BQ:$BQ,$B5)),GLAPS정리!$BC$2:$BC$80,0)),IF(INDEX(GLAPS컨테이너배차관리!$BQ:$BQ,$B5)="","",INDEX(GLAPS컨테이너배차관리!$BQ:$BQ,$B5)))) -> BUSAN(NEW) | M5: =IF($B5="","",IFERROR(INDEX(GLAPS정리!$V$3:$V$180,MATCH(IF(INDEX(GLAPS컨테이너배차관리!$S:$S,$B5)="","",INDEX(GLAPS컨테이너배차관리!$S:$S,$B5)),GLAPS정리!$W$3:$W$180,0)),IF(INDEX(GLAPS컨테이너배차관리!$S:$S,$B5)="","",INDEX(GLAPS컨테이너배차관리!$S:$S,$B5)))) -> 코퍼 | N5: =IF($B5="","",IF(IF(INDEX(GLAPS컨테이너배차관리!$DF:$DF,$B5)="","",INDEX(GLAPS컨테이너배차관리!$DF:$DF,$B5))<>"",IF(INDEX(GLAPS컨테이너배차관리!$DF:$DF,$B5)="","",INDEX(GLAPS컨테이너배차관리!$DF:$DF,$B5)),IF(IF(INDEX(GLAPS컨테이너배차관리!$DG:$DG,$B5)="","",INDEX(GLAPS컨테이너배차관리!$DG:$DG,$B5))<>"",IF(INDEX(GLAPS컨테이너배차관리!$DG:$DG,$B5)="","",INDEX(GLAPS컨테이너배차관리!$DG:$DG,$B5)),""))) | O5: =IF($B5="","",IF(INDEX(GLAPS컨테이너배차관리!$AB:$AB,$B5)="","",INDEX(GLAPS컨테이너배차관리!$AB:$AB,$B5))) -> 대구98바2977 | P5: =IF($B5="","",IF(IF(INDEX(GLAPS컨테이너배차관리!$CP:$CP,$B5)="","",INDEX(GLAPS컨테이너배차관리!$CP:$CP,$B5))="","",IFERROR(INDEX(GLAPS정리!$BH$2:$BH$101,MATCH(IF(INDEX(GLAPS컨테이너배차관리!$CP:$CP,$B5)="","",INDEX(GLAPS컨테이너배차관리!$CP:$CP,$B5)),GLAPS정리!$BI$2:$BI$101,0)),IF(INDEX(GLAPS컨테이너배차관리!$CP:$CP,$B5)="","",INDEX(GLAPS컨테이너배차관리!$CP:$CP,$B5))))) | Q5: =IF($B5="","",IF(AND(IF(INDEX(GLAPS컨테이너배차관리!$AK:$AK,$B5)="","",INDEX(GLAPS컨테이너배차관리!$AK:$AK,$B5))="Y",IF(INDEX(GLAPS컨테이너배차관리!$AI:$AI,$B5)="","",INDEX(GLAPS컨테이너배차관리!$AI:$AI,$B5))="Y"),"위험물리퍼",IF(IF(INDEX(GLAPS컨테이너배차관리!$AK:$AK,$B5)="","",INDEX(GLAPS컨테이너배차관리!$AK:$AK,$B5))="Y","위험물",IF(IF(INDEX(GLAPS컨테이너배차관리!$AI:$AI,$B5)="","",INDEX(GLAPS컨테이너배차관리!$AI:$AI,$B5))="Y","리퍼","")))) | R5: =IF($B5="","",IF(LEFT(IF(INDEX(GLAPS컨테이너배차관리!$Y:$Y,$B5)="","",INDEX(GLAPS컨테이너배차관리!$Y:$Y,$B5)),2)="22",1,"")) | S5: =IF($B5="","",IF(LEFT(IF(INDEX(GLAPS컨테이너배차관리!$Y:$Y,$B5)="","",INDEX(GLAPS컨테이너배차관리!$Y:$Y,$B5)),2)="42",1,"")) | T5: =IF($B5="","",IF(LEFT(IF(INDEX(GLAPS컨테이너배차관리!$Y:$Y,$B5)="","",INDEX(GLAPS컨테이너배차관리!$Y:$Y,$B5)),2)="45",1,"")) -> 1 | U5: =IF($B5="","",IF(INDEX(GLAPS컨테이너배차관리!$X:$X,$B5)="","",INDEX(GLAPS컨테이너배차관리!$X:$X,$B5))) -> BMOU5643070 | V5: =IF($B5="","",IF(INDEX(GLAPS컨테이너배차관리!$Z:$Z,$B5)="","",INDEX(GLAPS컨테이너배차관리!$Z:$Z,$B5))) -> M6519509 | W5: =IF($B5="","",IF(IF(INDEX(GLAPS컨테이너배차관리!$DI:$DI,$B5)="","",INDEX(GLAPS컨테이너배차관리!$DI:$DI,$B5))<>"",IF(INDEX(GLAPS컨테이너배차관리!$DI:$DI,$B5)="","",INDEX(GLAPS컨테이너배차관리!$DI:$DI,$B5)),IF(IF(INDEX(GLAPS컨테이너배차관리!$DJ:$DJ,$B5)="","",INDEX(GLAPS컨테이너배차관리!$DJ:$DJ,$B5))<>"",IF(INDEX(GLAPS컨테이너배차관리!$DJ:$DJ,$B5)="","",INDEX(GLAPS컨테이너배차관리!$DJ:$DJ,$B5)),IF(IF(INDEX(GLAPS컨테이너배차관리!$DK:$DK,$B5)="","",INDEX(GLAPS컨테이너배차관리!$DK:$DK,$B5))<>"",IF(INDEX(GLAPS컨테이너배차관리!$DK:$DK,$B5)="","",INDEX(GLAPS컨테이너배차관리!$DK:$DK,$B5)),IF(IF(INDEX(GLAPS컨테이너배차관리!$DL:$DL,$B5)="","",INDEX(GLAPS컨테이너배차관리!$DL:$DL,$B5))<>"",IF(INDEX(GLAPS컨테이너배차관리!$DL:$DL,$B5)="","",INDEX(GLAPS컨테이너배차관리!$DL:$DL,$B5)),IF(IF(INDEX(GLAPS컨테이너배차관리!$DM:$DM,$B5)="","",INDEX(GLAPS컨테이너배차관리!$DM:$DM,$B5))<>"",IF(INDEX(GLAPS컨테이너배차관리!$DM:$DM,$B5)="","",INDEX(GLAPS컨테이너배차관리!$DM:$DM,$B5)),"")))))) | X5: =IF($B5="","",IF(INDEX(GLAPS컨테이너배차관리!$F:$F,$B5)="","",INDEX(GLAPS컨테이너배차관리!$F:$F,$B5))) -> X260602-001974 | Y5: =IF($B5="","",IF(IF(INDEX(GLAPS컨테이너배차관리!$M:$M,$B5)="","",INDEX(GLAPS컨테이너배차관리!$M:$M,$B5))<>"",IF(INDEX(GLAPS컨테이너배차관리!$M:$M,$B5)="","",INDEX(GLAPS컨테이너배차관리!$M:$M,$B5)),IF(IF(INDEX(GLAPS컨테이너배차관리!$N:$N,$B5)="","",INDEX(GLAPS컨테이너배차관리!$N:$N,$B5))<>"",IF(INDEX(GLAPS컨테이너배차관리!$N:$N,$B5)="","",INDEX(GLAPS컨테이너배차관리!$N:$N,$B5)),""))) -> CMA2606010011 | Z5: =IF($B5="","",IF(IF(INDEX(GLAPS컨테이너배차관리!$CU:$CU,$B5)="","",INDEX(GLAPS컨테이너배차관리!$CU:$CU,$B5))="","",IFERROR(INT(IF(INDEX(GLAPS컨테이너배차관리!$CU:$CU,$B5)="","",INDEX(GLAPS컨테이너배차관리!$CU:$CU,$B5))),""))) | AA5: =IF($B5="","",IF(AND(IF(INDEX(GLAPS컨테이너배차관리!$CL:$CL,$B5)="","",INDEX(GLAPS컨테이너배차관리!$CL:$CL,$B5))="",IF(INDEX(GLAPS컨테이너배차관리!$CM:$CM,$B5)="","",INDEX(GLAPS컨테이너배차관리!$CM:$CM,$B5))=""),"",IF(OR(IF(INDEX(GLAPS컨테이너배차관리!$CL:$CL,$B5)="","",INDEX(GLAPS컨테이너배차관리!$CL:$CL,$B5))="B000016649",ISNUMBER(SEARCH("B015",IF(INDEX(GLAPS컨테이너배차관리!$CM:$CM,$B5)="","",INDEX(GLAPS컨테이너배차관리!$CM:$CM,$B5)))),ISNUMBER(SEARCH("세방",IF(INDEX(GLAPS컨테이너배차관리!$CM:$CM,$B5)="","",INDEX(GLAPS컨테이너배차관리!$CM:$CM,$B5)))),ISNUMBER(SEARCH("SB",IF(INDEX(GLAPS컨테이너배차관리!$CM:$CM,$B5)="","",INDEX(GLAPS컨테이너배차관리!$CM:$CM,$B5))))),"세방",""))) | AB5: =IF($B5="","",IF(IF(INDEX(GLAPS컨테이너배차관리!$CM:$CM,$B5)="","",INDEX(GLAPS컨테이너배차관리!$CM:$CM,$B5))="","",IF(ISNUMBER(SEARCH("이지스두동",IF(INDEX(GLAPS컨테이너배차관리!$CM:$CM,$B5)="","",INDEX(GLAPS컨테이너배차관리!$CM:$CM,$B5)))),"이지스두동",IF(ISNUMBER(SEARCH("이지스녹산",IF(INDEX(GLAPS컨테이너배차관리!$CM:$CM,$B5)="","",INDEX(GLAPS컨테이너배차관리!$CM:$CM,$B5)))),"이지스녹산",IF(ISNUMBER(SEARCH("천우",IF(INDEX(GLAPS컨테이너배차관리!$CM:$CM,$B5)="","",INDEX(GLAPS컨테이너배차관리!$CM:$CM,$B5)))),"천우",IF(OR(ISNUMBER(SEARCH("청암",IF(INDEX(GLAPS컨테이너배차관리!$CM:$CM,$B5)="","",INDEX(GLAPS컨테이너배차관리!$CM:$CM,$B5)))),ISNUMBER(SEARCH("SB청암",IF(INDEX(GLAPS컨테이너배차관리!$CM:$CM,$B5)="","",INDEX(GLAPS컨테이너배차관리!$CM:$CM,$B5))))),"청암신항",IF(INDEX(GLAPS컨테이너배차관리!$CM:$CM,$B5)="","",INDEX(GLAPS컨테이너배차관리!$CM:$CM,$B5))))))))
A6: 5 | B6: =IFERROR(_xlfn.AGGREGATE(15,6,ROW(GLAPS컨테이너배차관리!$X$2:$X$20000)/(GLAPS컨테이너배차관리!$X$2:$X$20000<>""),A6),"") -> 24 | C6: =IF($B6="","",INT(IF(INDEX(GLAPS컨테이너배차관리!$K:$K,$B6)="","",INDEX(GLAPS컨테이너배차관리!$K:$K,$B6)))) -> 46177 | D6: =IF($B6="","",IF(ISNUMBER(SEARCH("이엘에스",IF(INDEX(GLAPS컨테이너배차관리!$AZ:$AZ,$B6)="","",INDEX(GLAPS컨테이너배차관리!$AZ:$AZ,$B6)))),"ELS솔루션",IF(INDEX(GLAPS컨테이너배차관리!$AZ:$AZ,$B6)="","",INDEX(GLAPS컨테이너배차관리!$AZ:$AZ,$B6)))) -> ELS솔루션 | E6: =IF($B6="","",IF(INDEX(GLAPS컨테이너배차관리!$L:$L,$B6)="","",INDEX(GLAPS컨테이너배차관리!$L:$L,$B6))) -> 08:00 | F6: =IF($B6="","",IF(HOUR(IF(INDEX(GLAPS컨테이너배차관리!$L:$L,$B6)="","",INDEX(GLAPS컨테이너배차관리!$L:$L,$B6)))<12,"오전",IF(HOUR(IF(INDEX(GLAPS컨테이너배차관리!$L:$L,$B6)="","",INDEX(GLAPS컨테이너배차관리!$L:$L,$B6)))<18,"오후","잔업"))) -> 오전 | G6: =IF($B6="","",IFERROR(INDEX(GLAPS정리!$G$3:$G$264,MATCH(IF(INDEX(GLAPS컨테이너배차관리!$BY:$BY,$B6)="","",INDEX(GLAPS컨테이너배차관리!$BY:$BY,$B6)),GLAPS정리!$H$3:$H$264,0)),TRIM(SUBSTITUTE(SUBSTITUTE(SUBSTITUTE(SUBSTITUTE(SUBSTITUTE(IF(INDEX(GLAPS컨테이너배차관리!$T:$T,$B6)="","",INDEX(GLAPS컨테이너배차관리!$T:$T,$B6)),"[GA]",""),"[GB]",""),"[GC]",""),"[KC]",""),"[GS]","")))) -> 아산 1포장장 | H6: =IF($B6="","",IFERROR(VLOOKUP(IF(INDEX(GLAPS컨테이너배차관리!$BY:$BY,$B6)="","",INDEX(GLAPS컨테이너배차관리!$BY:$BY,$B6)),GLAPS정리!$BT$3:$BV$200,3,0),"")) -> EAS | I6: =IF($B6="","",LEFT(IF(INDEX(GLAPS컨테이너배차관리!$U:$U,$B6)="","",INDEX(GLAPS컨테이너배차관리!$U:$U,$B6)),FIND("/",IF(INDEX(GLAPS컨테이너배차관리!$U:$U,$B6)="","",INDEX(GLAPS컨테이너배차관리!$U:$U,$B6))&"/")-1)) -> HMMC | J6: =IF($B6="","",IF(IF(INDEX(GLAPS컨테이너배차관리!$O:$O,$B6)="","",INDEX(GLAPS컨테이너배차관리!$O:$O,$B6))="EMC","EMA",IFERROR(INDEX(GLAPS정리!$A$2:$A$50,MATCH(IF(INDEX(GLAPS컨테이너배차관리!$O:$O,$B6)="","",INDEX(GLAPS컨테이너배차관리!$O:$O,$B6)),GLAPS정리!$D$2:$D$50,0)),IF(INDEX(GLAPS컨테이너배차관리!$O:$O,$B6)="","",INDEX(GLAPS컨테이너배차관리!$O:$O,$B6))))) -> CMA | K6: =IF($B6="","",IF(LEFT(IF(INDEX(GLAPS컨테이너배차관리!$Y:$Y,$B6)="","",INDEX(GLAPS컨테이너배차관리!$Y:$Y,$B6)),2)="22","20 Feet",IF(LEFT(IF(INDEX(GLAPS컨테이너배차관리!$Y:$Y,$B6)="","",INDEX(GLAPS컨테이너배차관리!$Y:$Y,$B6)),2)="42","40 Feet","40 Feet H"))) -> 40 Feet H | L6: =IF($B6="","",IFERROR(INDEX(GLAPS정리!$BB$2:$BB$80,MATCH(IF(INDEX(GLAPS컨테이너배차관리!$BQ:$BQ,$B6)="","",INDEX(GLAPS컨테이너배차관리!$BQ:$BQ,$B6)),GLAPS정리!$BC$2:$BC$80,0)),IF(INDEX(GLAPS컨테이너배차관리!$BQ:$BQ,$B6)="","",INDEX(GLAPS컨테이너배차관리!$BQ:$BQ,$B6)))) -> BUSAN(NEW) | M6: =IF($B6="","",IFERROR(INDEX(GLAPS정리!$V$3:$V$180,MATCH(IF(INDEX(GLAPS컨테이너배차관리!$S:$S,$B6)="","",INDEX(GLAPS컨테이너배차관리!$S:$S,$B6)),GLAPS정리!$W$3:$W$180,0)),IF(INDEX(GLAPS컨테이너배차관리!$S:$S,$B6)="","",INDEX(GLAPS컨테이너배차관리!$S:$S,$B6)))) -> 코퍼 | N6: =IF($B6="","",IF(IF(INDEX(GLAPS컨테이너배차관리!$DF:$DF,$B6)="","",INDEX(GLAPS컨테이너배차관리!$DF:$DF,$B6))<>"",IF(INDEX(GLAPS컨테이너배차관리!$DF:$DF,$B6)="","",INDEX(GLAPS컨테이너배차관리!$DF:$DF,$B6)),IF(IF(INDEX(GLAPS컨테이너배차관리!$DG:$DG,$B6)="","",INDEX(GLAPS컨테이너배차관리!$DG:$DG,$B6))<>"",IF(INDEX(GLAPS컨테이너배차관리!$DG:$DG,$B6)="","",INDEX(GLAPS컨테이너배차관리!$DG:$DG,$B6)),""))) | O6: =IF($B6="","",IF(INDEX(GLAPS컨테이너배차관리!$AB:$AB,$B6)="","",INDEX(GLAPS컨테이너배차관리!$AB:$AB,$B6))) -> 대구98바3558 | P6: =IF($B6="","",IF(IF(INDEX(GLAPS컨테이너배차관리!$CP:$CP,$B6)="","",INDEX(GLAPS컨테이너배차관리!$CP:$CP,$B6))="","",IFERROR(INDEX(GLAPS정리!$BH$2:$BH$101,MATCH(IF(INDEX(GLAPS컨테이너배차관리!$CP:$CP,$B6)="","",INDEX(GLAPS컨테이너배차관리!$CP:$CP,$B6)),GLAPS정리!$BI$2:$BI$101,0)),IF(INDEX(GLAPS컨테이너배차관리!$CP:$CP,$B6)="","",INDEX(GLAPS컨테이너배차관리!$CP:$CP,$B6))))) | Q6: =IF($B6="","",IF(AND(IF(INDEX(GLAPS컨테이너배차관리!$AK:$AK,$B6)="","",INDEX(GLAPS컨테이너배차관리!$AK:$AK,$B6))="Y",IF(INDEX(GLAPS컨테이너배차관리!$AI:$AI,$B6)="","",INDEX(GLAPS컨테이너배차관리!$AI:$AI,$B6))="Y"),"위험물리퍼",IF(IF(INDEX(GLAPS컨테이너배차관리!$AK:$AK,$B6)="","",INDEX(GLAPS컨테이너배차관리!$AK:$AK,$B6))="Y","위험물",IF(IF(INDEX(GLAPS컨테이너배차관리!$AI:$AI,$B6)="","",INDEX(GLAPS컨테이너배차관리!$AI:$AI,$B6))="Y","리퍼","")))) | R6: =IF($B6="","",IF(LEFT(IF(INDEX(GLAPS컨테이너배차관리!$Y:$Y,$B6)="","",INDEX(GLAPS컨테이너배차관리!$Y:$Y,$B6)),2)="22",1,"")) | S6: =IF($B6="","",IF(LEFT(IF(INDEX(GLAPS컨테이너배차관리!$Y:$Y,$B6)="","",INDEX(GLAPS컨테이너배차관리!$Y:$Y,$B6)),2)="42",1,"")) | T6: =IF($B6="","",IF(LEFT(IF(INDEX(GLAPS컨테이너배차관리!$Y:$Y,$B6)="","",INDEX(GLAPS컨테이너배차관리!$Y:$Y,$B6)),2)="45",1,"")) -> 1 | U6: =IF($B6="","",IF(INDEX(GLAPS컨테이너배차관리!$X:$X,$B6)="","",INDEX(GLAPS컨테이너배차관리!$X:$X,$B6))) -> BEAU4767641 | V6: =IF($B6="","",IF(INDEX(GLAPS컨테이너배차관리!$Z:$Z,$B6)="","",INDEX(GLAPS컨테이너배차관리!$Z:$Z,$B6))) -> M6412856 | W6: =IF($B6="","",IF(IF(INDEX(GLAPS컨테이너배차관리!$DI:$DI,$B6)="","",INDEX(GLAPS컨테이너배차관리!$DI:$DI,$B6))<>"",IF(INDEX(GLAPS컨테이너배차관리!$DI:$DI,$B6)="","",INDEX(GLAPS컨테이너배차관리!$DI:$DI,$B6)),IF(IF(INDEX(GLAPS컨테이너배차관리!$DJ:$DJ,$B6)="","",INDEX(GLAPS컨테이너배차관리!$DJ:$DJ,$B6))<>"",IF(INDEX(GLAPS컨테이너배차관리!$DJ:$DJ,$B6)="","",INDEX(GLAPS컨테이너배차관리!$DJ:$DJ,$B6)),IF(IF(INDEX(GLAPS컨테이너배차관리!$DK:$DK,$B6)="","",INDEX(GLAPS컨테이너배차관리!$DK:$DK,$B6))<>"",IF(INDEX(GLAPS컨테이너배차관리!$DK:$DK,$B6)="","",INDEX(GLAPS컨테이너배차관리!$DK:$DK,$B6)),IF(IF(INDEX(GLAPS컨테이너배차관리!$DL:$DL,$B6)="","",INDEX(GLAPS컨테이너배차관리!$DL:$DL,$B6))<>"",IF(INDEX(GLAPS컨테이너배차관리!$DL:$DL,$B6)="","",INDEX(GLAPS컨테이너배차관리!$DL:$DL,$B6)),IF(IF(INDEX(GLAPS컨테이너배차관리!$DM:$DM,$B6)="","",INDEX(GLAPS컨테이너배차관리!$DM:$DM,$B6))<>"",IF(INDEX(GLAPS컨테이너배차관리!$DM:$DM,$B6)="","",INDEX(GLAPS컨테이너배차관리!$DM:$DM,$B6)),"")))))) | X6: =IF($B6="","",IF(INDEX(GLAPS컨테이너배차관리!$F:$F,$B6)="","",INDEX(GLAPS컨테이너배차관리!$F:$F,$B6))) -> X260602-001982 | Y6: =IF($B6="","",IF(IF(INDEX(GLAPS컨테이너배차관리!$M:$M,$B6)="","",INDEX(GLAPS컨테이너배차관리!$M:$M,$B6))<>"",IF(INDEX(GLAPS컨테이너배차관리!$M:$M,$B6)="","",INDEX(GLAPS컨테이너배차관리!$M:$M,$B6)),IF(IF(INDEX(GLAPS컨테이너배차관리!$N:$N,$B6)="","",INDEX(GLAPS컨테이너배차관리!$N:$N,$B6))<>"",IF(INDEX(GLAPS컨테이너배차관리!$N:$N,$B6)="","",INDEX(GLAPS컨테이너배차관리!$N:$N,$B6)),""))) -> CMA2606010011 | Z6: =IF($B6="","",IF(IF(INDEX(GLAPS컨테이너배차관리!$CU:$CU,$B6)="","",INDEX(GLAPS컨테이너배차관리!$CU:$CU,$B6))="","",IFERROR(INT(IF(INDEX(GLAPS컨테이너배차관리!$CU:$CU,$B6)="","",INDEX(GLAPS컨테이너배차관리!$CU:$CU,$B6))),""))) | AA6: =IF($B6="","",IF(AND(IF(INDEX(GLAPS컨테이너배차관리!$CL:$CL,$B6)="","",INDEX(GLAPS컨테이너배차관리!$CL:$CL,$B6))="",IF(INDEX(GLAPS컨테이너배차관리!$CM:$CM,$B6)="","",INDEX(GLAPS컨테이너배차관리!$CM:$CM,$B6))=""),"",IF(OR(IF(INDEX(GLAPS컨테이너배차관리!$CL:$CL,$B6)="","",INDEX(GLAPS컨테이너배차관리!$CL:$CL,$B6))="B000016649",ISNUMBER(SEARCH("B015",IF(INDEX(GLAPS컨테이너배차관리!$CM:$CM,$B6)="","",INDEX(GLAPS컨테이너배차관리!$CM:$CM,$B6)))),ISNUMBER(SEARCH("세방",IF(INDEX(GLAPS컨테이너배차관리!$CM:$CM,$B6)="","",INDEX(GLAPS컨테이너배차관리!$CM:$CM,$B6)))),ISNUMBER(SEARCH("SB",IF(INDEX(GLAPS컨테이너배차관리!$CM:$CM,$B6)="","",INDEX(GLAPS컨테이너배차관리!$CM:$CM,$B6))))),"세방",""))) | AB6: =IF($B6="","",IF(IF(INDEX(GLAPS컨테이너배차관리!$CM:$CM,$B6)="","",INDEX(GLAPS컨테이너배차관리!$CM:$CM,$B6))="","",IF(ISNUMBER(SEARCH("이지스두동",IF(INDEX(GLAPS컨테이너배차관리!$CM:$CM,$B6)="","",INDEX(GLAPS컨테이너배차관리!$CM:$CM,$B6)))),"이지스두동",IF(ISNUMBER(SEARCH("이지스녹산",IF(INDEX(GLAPS컨테이너배차관리!$CM:$CM,$B6)="","",INDEX(GLAPS컨테이너배차관리!$CM:$CM,$B6)))),"이지스녹산",IF(ISNUMBER(SEARCH("천우",IF(INDEX(GLAPS컨테이너배차관리!$CM:$CM,$B6)="","",INDEX(GLAPS컨테이너배차관리!$CM:$CM,$B6)))),"천우",IF(OR(ISNUMBER(SEARCH("청암",IF(INDEX(GLAPS컨테이너배차관리!$CM:$CM,$B6)="","",INDEX(GLAPS컨테이너배차관리!$CM:$CM,$B6)))),ISNUMBER(SEARCH("SB청암",IF(INDEX(GLAPS컨테이너배차관리!$CM:$CM,$B6)="","",INDEX(GLAPS컨테이너배차관리!$CM:$CM,$B6))))),"청암신항",IF(INDEX(GLAPS컨테이너배차관리!$CM:$CM,$B6)="","",INDEX(GLAPS컨테이너배차관리!$CM:$CM,$B6))))))))
A7: 6 | B7: =IFERROR(_xlfn.AGGREGATE(15,6,ROW(GLAPS컨테이너배차관리!$X$2:$X$20000)/(GLAPS컨테이너배차관리!$X$2:$X$20000<>""),A7),"") -> 25 | C7: =IF($B7="","",INT(IF(INDEX(GLAPS컨테이너배차관리!$K:$K,$B7)="","",INDEX(GLAPS컨테이너배차관리!$K:$K,$B7)))) -> 46177 | D7: =IF($B7="","",IF(ISNUMBER(SEARCH("이엘에스",IF(INDEX(GLAPS컨테이너배차관리!$AZ:$AZ,$B7)="","",INDEX(GLAPS컨테이너배차관리!$AZ:$AZ,$B7)))),"ELS솔루션",IF(INDEX(GLAPS컨테이너배차관리!$AZ:$AZ,$B7)="","",INDEX(GLAPS컨테이너배차관리!$AZ:$AZ,$B7)))) -> ELS솔루션 | E7: =IF($B7="","",IF(INDEX(GLAPS컨테이너배차관리!$L:$L,$B7)="","",INDEX(GLAPS컨테이너배차관리!$L:$L,$B7))) -> 09:00 | F7: =IF($B7="","",IF(HOUR(IF(INDEX(GLAPS컨테이너배차관리!$L:$L,$B7)="","",INDEX(GLAPS컨테이너배차관리!$L:$L,$B7)))<12,"오전",IF(HOUR(IF(INDEX(GLAPS컨테이너배차관리!$L:$L,$B7)="","",INDEX(GLAPS컨테이너배차관리!$L:$L,$B7)))<18,"오후","잔업"))) -> 오전 | G7: =IF($B7="","",IFERROR(INDEX(GLAPS정리!$G$3:$G$264,MATCH(IF(INDEX(GLAPS컨테이너배차관리!$BY:$BY,$B7)="","",INDEX(GLAPS컨테이너배차관리!$BY:$BY,$B7)),GLAPS정리!$H$3:$H$264,0)),TRIM(SUBSTITUTE(SUBSTITUTE(SUBSTITUTE(SUBSTITUTE(SUBSTITUTE(IF(INDEX(GLAPS컨테이너배차관리!$T:$T,$B7)="","",INDEX(GLAPS컨테이너배차관리!$T:$T,$B7)),"[GA]",""),"[GB]",""),"[GC]",""),"[KC]",""),"[GS]","")))) -> 아산 1포장장 | H7: =IF($B7="","",IFERROR(VLOOKUP(IF(INDEX(GLAPS컨테이너배차관리!$BY:$BY,$B7)="","",INDEX(GLAPS컨테이너배차관리!$BY:$BY,$B7)),GLAPS정리!$BT$3:$BV$200,3,0),"")) -> EAS | I7: =IF($B7="","",LEFT(IF(INDEX(GLAPS컨테이너배차관리!$U:$U,$B7)="","",INDEX(GLAPS컨테이너배차관리!$U:$U,$B7)),FIND("/",IF(INDEX(GLAPS컨테이너배차관리!$U:$U,$B7)="","",INDEX(GLAPS컨테이너배차관리!$U:$U,$B7))&"/")-1)) -> HMMC | J7: =IF($B7="","",IF(IF(INDEX(GLAPS컨테이너배차관리!$O:$O,$B7)="","",INDEX(GLAPS컨테이너배차관리!$O:$O,$B7))="EMC","EMA",IFERROR(INDEX(GLAPS정리!$A$2:$A$50,MATCH(IF(INDEX(GLAPS컨테이너배차관리!$O:$O,$B7)="","",INDEX(GLAPS컨테이너배차관리!$O:$O,$B7)),GLAPS정리!$D$2:$D$50,0)),IF(INDEX(GLAPS컨테이너배차관리!$O:$O,$B7)="","",INDEX(GLAPS컨테이너배차관리!$O:$O,$B7))))) -> CMA | K7: =IF($B7="","",IF(LEFT(IF(INDEX(GLAPS컨테이너배차관리!$Y:$Y,$B7)="","",INDEX(GLAPS컨테이너배차관리!$Y:$Y,$B7)),2)="22","20 Feet",IF(LEFT(IF(INDEX(GLAPS컨테이너배차관리!$Y:$Y,$B7)="","",INDEX(GLAPS컨테이너배차관리!$Y:$Y,$B7)),2)="42","40 Feet","40 Feet H"))) -> 40 Feet H | L7: =IF($B7="","",IFERROR(INDEX(GLAPS정리!$BB$2:$BB$80,MATCH(IF(INDEX(GLAPS컨테이너배차관리!$BQ:$BQ,$B7)="","",INDEX(GLAPS컨테이너배차관리!$BQ:$BQ,$B7)),GLAPS정리!$BC$2:$BC$80,0)),IF(INDEX(GLAPS컨테이너배차관리!$BQ:$BQ,$B7)="","",INDEX(GLAPS컨테이너배차관리!$BQ:$BQ,$B7)))) -> BUSAN(NEW) | M7: =IF($B7="","",IFERROR(INDEX(GLAPS정리!$V$3:$V$180,MATCH(IF(INDEX(GLAPS컨테이너배차관리!$S:$S,$B7)="","",INDEX(GLAPS컨테이너배차관리!$S:$S,$B7)),GLAPS정리!$W$3:$W$180,0)),IF(INDEX(GLAPS컨테이너배차관리!$S:$S,$B7)="","",INDEX(GLAPS컨테이너배차관리!$S:$S,$B7)))) -> 코퍼 | N7: =IF($B7="","",IF(IF(INDEX(GLAPS컨테이너배차관리!$DF:$DF,$B7)="","",INDEX(GLAPS컨테이너배차관리!$DF:$DF,$B7))<>"",IF(INDEX(GLAPS컨테이너배차관리!$DF:$DF,$B7)="","",INDEX(GLAPS컨테이너배차관리!$DF:$DF,$B7)),IF(IF(INDEX(GLAPS컨테이너배차관리!$DG:$DG,$B7)="","",INDEX(GLAPS컨테이너배차관리!$DG:$DG,$B7))<>"",IF(INDEX(GLAPS컨테이너배차관리!$DG:$DG,$B7)="","",INDEX(GLAPS컨테이너배차관리!$DG:$DG,$B7)),""))) | O7: =IF($B7="","",IF(INDEX(GLAPS컨테이너배차관리!$AB:$AB,$B7)="","",INDEX(GLAPS컨테이너배차관리!$AB:$AB,$B7))) -> 경기99사1487 | P7: =IF($B7="","",IF(IF(INDEX(GLAPS컨테이너배차관리!$CP:$CP,$B7)="","",INDEX(GLAPS컨테이너배차관리!$CP:$CP,$B7))="","",IFERROR(INDEX(GLAPS정리!$BH$2:$BH$101,MATCH(IF(INDEX(GLAPS컨테이너배차관리!$CP:$CP,$B7)="","",INDEX(GLAPS컨테이너배차관리!$CP:$CP,$B7)),GLAPS정리!$BI$2:$BI$101,0)),IF(INDEX(GLAPS컨테이너배차관리!$CP:$CP,$B7)="","",INDEX(GLAPS컨테이너배차관리!$CP:$CP,$B7))))) | Q7: =IF($B7="","",IF(AND(IF(INDEX(GLAPS컨테이너배차관리!$AK:$AK,$B7)="","",INDEX(GLAPS컨테이너배차관리!$AK:$AK,$B7))="Y",IF(INDEX(GLAPS컨테이너배차관리!$AI:$AI,$B7)="","",INDEX(GLAPS컨테이너배차관리!$AI:$AI,$B7))="Y"),"위험물리퍼",IF(IF(INDEX(GLAPS컨테이너배차관리!$AK:$AK,$B7)="","",INDEX(GLAPS컨테이너배차관리!$AK:$AK,$B7))="Y","위험물",IF(IF(INDEX(GLAPS컨테이너배차관리!$AI:$AI,$B7)="","",INDEX(GLAPS컨테이너배차관리!$AI:$AI,$B7))="Y","리퍼","")))) | R7: =IF($B7="","",IF(LEFT(IF(INDEX(GLAPS컨테이너배차관리!$Y:$Y,$B7)="","",INDEX(GLAPS컨테이너배차관리!$Y:$Y,$B7)),2)="22",1,"")) | S7: =IF($B7="","",IF(LEFT(IF(INDEX(GLAPS컨테이너배차관리!$Y:$Y,$B7)="","",INDEX(GLAPS컨테이너배차관리!$Y:$Y,$B7)),2)="42",1,"")) | T7: =IF($B7="","",IF(LEFT(IF(INDEX(GLAPS컨테이너배차관리!$Y:$Y,$B7)="","",INDEX(GLAPS컨테이너배차관리!$Y:$Y,$B7)),2)="45",1,"")) -> 1 | U7: =IF($B7="","",IF(INDEX(GLAPS컨테이너배차관리!$X:$X,$B7)="","",INDEX(GLAPS컨테이너배차관리!$X:$X,$B7))) -> ECMU5193316 | V7: =IF($B7="","",IF(INDEX(GLAPS컨테이너배차관리!$Z:$Z,$B7)="","",INDEX(GLAPS컨테이너배차관리!$Z:$Z,$B7))) -> M6427485 | W7: =IF($B7="","",IF(IF(INDEX(GLAPS컨테이너배차관리!$DI:$DI,$B7)="","",INDEX(GLAPS컨테이너배차관리!$DI:$DI,$B7))<>"",IF(INDEX(GLAPS컨테이너배차관리!$DI:$DI,$B7)="","",INDEX(GLAPS컨테이너배차관리!$DI:$DI,$B7)),IF(IF(INDEX(GLAPS컨테이너배차관리!$DJ:$DJ,$B7)="","",INDEX(GLAPS컨테이너배차관리!$DJ:$DJ,$B7))<>"",IF(INDEX(GLAPS컨테이너배차관리!$DJ:$DJ,$B7)="","",INDEX(GLAPS컨테이너배차관리!$DJ:$DJ,$B7)),IF(IF(INDEX(GLAPS컨테이너배차관리!$DK:$DK,$B7)="","",INDEX(GLAPS컨테이너배차관리!$DK:$DK,$B7))<>"",IF(INDEX(GLAPS컨테이너배차관리!$DK:$DK,$B7)="","",INDEX(GLAPS컨테이너배차관리!$DK:$DK,$B7)),IF(IF(INDEX(GLAPS컨테이너배차관리!$DL:$DL,$B7)="","",INDEX(GLAPS컨테이너배차관리!$DL:$DL,$B7))<>"",IF(INDEX(GLAPS컨테이너배차관리!$DL:$DL,$B7)="","",INDEX(GLAPS컨테이너배차관리!$DL:$DL,$B7)),IF(IF(INDEX(GLAPS컨테이너배차관리!$DM:$DM,$B7)="","",INDEX(GLAPS컨테이너배차관리!$DM:$DM,$B7))<>"",IF(INDEX(GLAPS컨테이너배차관리!$DM:$DM,$B7)="","",INDEX(GLAPS컨테이너배차관리!$DM:$DM,$B7)),"")))))) | X7: =IF($B7="","",IF(INDEX(GLAPS컨테이너배차관리!$F:$F,$B7)="","",INDEX(GLAPS컨테이너배차관리!$F:$F,$B7))) -> X260602-001983 | Y7: =IF($B7="","",IF(IF(INDEX(GLAPS컨테이너배차관리!$M:$M,$B7)="","",INDEX(GLAPS컨테이너배차관리!$M:$M,$B7))<>"",IF(INDEX(GLAPS컨테이너배차관리!$M:$M,$B7)="","",INDEX(GLAPS컨테이너배차관리!$M:$M,$B7)),IF(IF(INDEX(GLAPS컨테이너배차관리!$N:$N,$B7)="","",INDEX(GLAPS컨테이너배차관리!$N:$N,$B7))<>"",IF(INDEX(GLAPS컨테이너배차관리!$N:$N,$B7)="","",INDEX(GLAPS컨테이너배차관리!$N:$N,$B7)),""))) -> CMA2606010011 | Z7: =IF($B7="","",IF(IF(INDEX(GLAPS컨테이너배차관리!$CU:$CU,$B7)="","",INDEX(GLAPS컨테이너배차관리!$CU:$CU,$B7))="","",IFERROR(INT(IF(INDEX(GLAPS컨테이너배차관리!$CU:$CU,$B7)="","",INDEX(GLAPS컨테이너배차관리!$CU:$CU,$B7))),""))) | AA7: =IF($B7="","",IF(AND(IF(INDEX(GLAPS컨테이너배차관리!$CL:$CL,$B7)="","",INDEX(GLAPS컨테이너배차관리!$CL:$CL,$B7))="",IF(INDEX(GLAPS컨테이너배차관리!$CM:$CM,$B7)="","",INDEX(GLAPS컨테이너배차관리!$CM:$CM,$B7))=""),"",IF(OR(IF(INDEX(GLAPS컨테이너배차관리!$CL:$CL,$B7)="","",INDEX(GLAPS컨테이너배차관리!$CL:$CL,$B7))="B000016649",ISNUMBER(SEARCH("B015",IF(INDEX(GLAPS컨테이너배차관리!$CM:$CM,$B7)="","",INDEX(GLAPS컨테이너배차관리!$CM:$CM,$B7)))),ISNUMBER(SEARCH("세방",IF(INDEX(GLAPS컨테이너배차관리!$CM:$CM,$B7)="","",INDEX(GLAPS컨테이너배차관리!$CM:$CM,$B7)))),ISNUMBER(SEARCH("SB",IF(INDEX(GLAPS컨테이너배차관리!$CM:$CM,$B7)="","",INDEX(GLAPS컨테이너배차관리!$CM:$CM,$B7))))),"세방",""))) | AB7: =IF($B7="","",IF(IF(INDEX(GLAPS컨테이너배차관리!$CM:$CM,$B7)="","",INDEX(GLAPS컨테이너배차관리!$CM:$CM,$B7))="","",IF(ISNUMBER(SEARCH("이지스두동",IF(INDEX(GLAPS컨테이너배차관리!$CM:$CM,$B7)="","",INDEX(GLAPS컨테이너배차관리!$CM:$CM,$B7)))),"이지스두동",IF(ISNUMBER(SEARCH("이지스녹산",IF(INDEX(GLAPS컨테이너배차관리!$CM:$CM,$B7)="","",INDEX(GLAPS컨테이너배차관리!$CM:$CM,$B7)))),"이지스녹산",IF(ISNUMBER(SEARCH("천우",IF(INDEX(GLAPS컨테이너배차관리!$CM:$CM,$B7)="","",INDEX(GLAPS컨테이너배차관리!$CM:$CM,$B7)))),"천우",IF(OR(ISNUMBER(SEARCH("청암",IF(INDEX(GLAPS컨테이너배차관리!$CM:$CM,$B7)="","",INDEX(GLAPS컨테이너배차관리!$CM:$CM,$B7)))),ISNUMBER(SEARCH("SB청암",IF(INDEX(GLAPS컨테이너배차관리!$CM:$CM,$B7)="","",INDEX(GLAPS컨테이너배차관리!$CM:$CM,$B7))))),"청암신항",IF(INDEX(GLAPS컨테이너배차관리!$CM:$CM,$B7)="","",INDEX(GLAPS컨테이너배차관리!$CM:$CM,$B7))))))))
A8: 7 | B8: =IFERROR(_xlfn.AGGREGATE(15,6,ROW(GLAPS컨테이너배차관리!$X$2:$X$20000)/(GLAPS컨테이너배차관리!$X$2:$X$20000<>""),A8),"") -> 26 | C8: =IF($B8="","",INT(IF(INDEX(GLAPS컨테이너배차관리!$K:$K,$B8)="","",INDEX(GLAPS컨테이너배차관리!$K:$K,$B8)))) -> 46177 | D8: =IF($B8="","",IF(ISNUMBER(SEARCH("이엘에스",IF(INDEX(GLAPS컨테이너배차관리!$AZ:$AZ,$B8)="","",INDEX(GLAPS컨테이너배차관리!$AZ:$AZ,$B8)))),"ELS솔루션",IF(INDEX(GLAPS컨테이너배차관리!$AZ:$AZ,$B8)="","",INDEX(GLAPS컨테이너배차관리!$AZ:$AZ,$B8)))) -> ELS솔루션 | E8: =IF($B8="","",IF(INDEX(GLAPS컨테이너배차관리!$L:$L,$B8)="","",INDEX(GLAPS컨테이너배차관리!$L:$L,$B8))) -> 10:30 | F8: =IF($B8="","",IF(HOUR(IF(INDEX(GLAPS컨테이너배차관리!$L:$L,$B8)="","",INDEX(GLAPS컨테이너배차관리!$L:$L,$B8)))<12,"오전",IF(HOUR(IF(INDEX(GLAPS컨테이너배차관리!$L:$L,$B8)="","",INDEX(GLAPS컨테이너배차관리!$L:$L,$B8)))<18,"오후","잔업"))) -> 오전 | G8: =IF($B8="","",IFERROR(INDEX(GLAPS정리!$G$3:$G$264,MATCH(IF(INDEX(GLAPS컨테이너배차관리!$BY:$BY,$B8)="","",INDEX(GLAPS컨테이너배차관리!$BY:$BY,$B8)),GLAPS정리!$H$3:$H$264,0)),TRIM(SUBSTITUTE(SUBSTITUTE(SUBSTITUTE(SUBSTITUTE(SUBSTITUTE(IF(INDEX(GLAPS컨테이너배차관리!$T:$T,$B8)="","",INDEX(GLAPS컨테이너배차관리!$T:$T,$B8)),"[GA]",""),"[GB]",""),"[GC]",""),"[KC]",""),"[GS]","")))) -> 아산 1포장장 | H8: =IF($B8="","",IFERROR(VLOOKUP(IF(INDEX(GLAPS컨테이너배차관리!$BY:$BY,$B8)="","",INDEX(GLAPS컨테이너배차관리!$BY:$BY,$B8)),GLAPS정리!$BT$3:$BV$200,3,0),"")) -> EAS | I8: =IF($B8="","",LEFT(IF(INDEX(GLAPS컨테이너배차관리!$U:$U,$B8)="","",INDEX(GLAPS컨테이너배차관리!$U:$U,$B8)),FIND("/",IF(INDEX(GLAPS컨테이너배차관리!$U:$U,$B8)="","",INDEX(GLAPS컨테이너배차관리!$U:$U,$B8))&"/")-1)) -> HMMC | J8: =IF($B8="","",IF(IF(INDEX(GLAPS컨테이너배차관리!$O:$O,$B8)="","",INDEX(GLAPS컨테이너배차관리!$O:$O,$B8))="EMC","EMA",IFERROR(INDEX(GLAPS정리!$A$2:$A$50,MATCH(IF(INDEX(GLAPS컨테이너배차관리!$O:$O,$B8)="","",INDEX(GLAPS컨테이너배차관리!$O:$O,$B8)),GLAPS정리!$D$2:$D$50,0)),IF(INDEX(GLAPS컨테이너배차관리!$O:$O,$B8)="","",INDEX(GLAPS컨테이너배차관리!$O:$O,$B8))))) -> CMA | K8: =IF($B8="","",IF(LEFT(IF(INDEX(GLAPS컨테이너배차관리!$Y:$Y,$B8)="","",INDEX(GLAPS컨테이너배차관리!$Y:$Y,$B8)),2)="22","20 Feet",IF(LEFT(IF(INDEX(GLAPS컨테이너배차관리!$Y:$Y,$B8)="","",INDEX(GLAPS컨테이너배차관리!$Y:$Y,$B8)),2)="42","40 Feet","40 Feet H"))) -> 40 Feet H | L8: =IF($B8="","",IFERROR(INDEX(GLAPS정리!$BB$2:$BB$80,MATCH(IF(INDEX(GLAPS컨테이너배차관리!$BQ:$BQ,$B8)="","",INDEX(GLAPS컨테이너배차관리!$BQ:$BQ,$B8)),GLAPS정리!$BC$2:$BC$80,0)),IF(INDEX(GLAPS컨테이너배차관리!$BQ:$BQ,$B8)="","",INDEX(GLAPS컨테이너배차관리!$BQ:$BQ,$B8)))) -> BUSAN(NEW) | M8: =IF($B8="","",IFERROR(INDEX(GLAPS정리!$V$3:$V$180,MATCH(IF(INDEX(GLAPS컨테이너배차관리!$S:$S,$B8)="","",INDEX(GLAPS컨테이너배차관리!$S:$S,$B8)),GLAPS정리!$W$3:$W$180,0)),IF(INDEX(GLAPS컨테이너배차관리!$S:$S,$B8)="","",INDEX(GLAPS컨테이너배차관리!$S:$S,$B8)))) -> 코퍼 | N8: =IF($B8="","",IF(IF(INDEX(GLAPS컨테이너배차관리!$DF:$DF,$B8)="","",INDEX(GLAPS컨테이너배차관리!$DF:$DF,$B8))<>"",IF(INDEX(GLAPS컨테이너배차관리!$DF:$DF,$B8)="","",INDEX(GLAPS컨테이너배차관리!$DF:$DF,$B8)),IF(IF(INDEX(GLAPS컨테이너배차관리!$DG:$DG,$B8)="","",INDEX(GLAPS컨테이너배차관리!$DG:$DG,$B8))<>"",IF(INDEX(GLAPS컨테이너배차관리!$DG:$DG,$B8)="","",INDEX(GLAPS컨테이너배차관리!$DG:$DG,$B8)),""))) | O8: =IF($B8="","",IF(INDEX(GLAPS컨테이너배차관리!$AB:$AB,$B8)="","",INDEX(GLAPS컨테이너배차관리!$AB:$AB,$B8))) -> 경남99사8337 | P8: =IF($B8="","",IF(IF(INDEX(GLAPS컨테이너배차관리!$CP:$CP,$B8)="","",INDEX(GLAPS컨테이너배차관리!$CP:$CP,$B8))="","",IFERROR(INDEX(GLAPS정리!$BH$2:$BH$101,MATCH(IF(INDEX(GLAPS컨테이너배차관리!$CP:$CP,$B8)="","",INDEX(GLAPS컨테이너배차관리!$CP:$CP,$B8)),GLAPS정리!$BI$2:$BI$101,0)),IF(INDEX(GLAPS컨테이너배차관리!$CP:$CP,$B8)="","",INDEX(GLAPS컨테이너배차관리!$CP:$CP,$B8))))) | Q8: =IF($B8="","",IF(AND(IF(INDEX(GLAPS컨테이너배차관리!$AK:$AK,$B8)="","",INDEX(GLAPS컨테이너배차관리!$AK:$AK,$B8))="Y",IF(INDEX(GLAPS컨테이너배차관리!$AI:$AI,$B8)="","",INDEX(GLAPS컨테이너배차관리!$AI:$AI,$B8))="Y"),"위험물리퍼",IF(IF(INDEX(GLAPS컨테이너배차관리!$AK:$AK,$B8)="","",INDEX(GLAPS컨테이너배차관리!$AK:$AK,$B8))="Y","위험물",IF(IF(INDEX(GLAPS컨테이너배차관리!$AI:$AI,$B8)="","",INDEX(GLAPS컨테이너배차관리!$AI:$AI,$B8))="Y","리퍼","")))) | R8: =IF($B8="","",IF(LEFT(IF(INDEX(GLAPS컨테이너배차관리!$Y:$Y,$B8)="","",INDEX(GLAPS컨테이너배차관리!$Y:$Y,$B8)),2)="22",1,"")) | S8: =IF($B8="","",IF(LEFT(IF(INDEX(GLAPS컨테이너배차관리!$Y:$Y,$B8)="","",INDEX(GLAPS컨테이너배차관리!$Y:$Y,$B8)),2)="42",1,"")) | T8: =IF($B8="","",IF(LEFT(IF(INDEX(GLAPS컨테이너배차관리!$Y:$Y,$B8)="","",INDEX(GLAPS컨테이너배차관리!$Y:$Y,$B8)),2)="45",1,"")) -> 1 | U8: =IF($B8="","",IF(INDEX(GLAPS컨테이너배차관리!$X:$X,$B8)="","",INDEX(GLAPS컨테이너배차관리!$X:$X,$B8))) -> ECMU5790944 | V8: =IF($B8="","",IF(INDEX(GLAPS컨테이너배차관리!$Z:$Z,$B8)="","",INDEX(GLAPS컨테이너배차관리!$Z:$Z,$B8))) -> M6412845 | W8: =IF($B8="","",IF(IF(INDEX(GLAPS컨테이너배차관리!$DI:$DI,$B8)="","",INDEX(GLAPS컨테이너배차관리!$DI:$DI,$B8))<>"",IF(INDEX(GLAPS컨테이너배차관리!$DI:$DI,$B8)="","",INDEX(GLAPS컨테이너배차관리!$DI:$DI,$B8)),IF(IF(INDEX(GLAPS컨테이너배차관리!$DJ:$DJ,$B8)="","",INDEX(GLAPS컨테이너배차관리!$DJ:$DJ,$B8))<>"",IF(INDEX(GLAPS컨테이너배차관리!$DJ:$DJ,$B8)="","",INDEX(GLAPS컨테이너배차관리!$DJ:$DJ,$B8)),IF(IF(INDEX(GLAPS컨테이너배차관리!$DK:$DK,$B8)="","",INDEX(GLAPS컨테이너배차관리!$DK:$DK,$B8))<>"",IF(INDEX(GLAPS컨테이너배차관리!$DK:$DK,$B8)="","",INDEX(GLAPS컨테이너배차관리!$DK:$DK,$B8)),IF(IF(INDEX(GLAPS컨테이너배차관리!$DL:$DL,$B8)="","",INDEX(GLAPS컨테이너배차관리!$DL:$DL,$B8))<>"",IF(INDEX(GLAPS컨테이너배차관리!$DL:$DL,$B8)="","",INDEX(GLAPS컨테이너배차관리!$DL:$DL,$B8)),IF(IF(INDEX(GLAPS컨테이너배차관리!$DM:$DM,$B8)="","",INDEX(GLAPS컨테이너배차관리!$DM:$DM,$B8))<>"",IF(INDEX(GLAPS컨테이너배차관리!$DM:$DM,$B8)="","",INDEX(GLAPS컨테이너배차관리!$DM:$DM,$B8)),"")))))) | X8: =IF($B8="","",IF(INDEX(GLAPS컨테이너배차관리!$F:$F,$B8)="","",INDEX(GLAPS컨테이너배차관리!$F:$F,$B8))) -> X260602-001985 | Y8: =IF($B8="","",IF(IF(INDEX(GLAPS컨테이너배차관리!$M:$M,$B8)="","",INDEX(GLAPS컨테이너배차관리!$M:$M,$B8))<>"",IF(INDEX(GLAPS컨테이너배차관리!$M:$M,$B8)="","",INDEX(GLAPS컨테이너배차관리!$M:$M,$B8)),IF(IF(INDEX(GLAPS컨테이너배차관리!$N:$N,$B8)="","",INDEX(GLAPS컨테이너배차관리!$N:$N,$B8))<>"",IF(INDEX(GLAPS컨테이너배차관리!$N:$N,$B8)="","",INDEX(GLAPS컨테이너배차관리!$N:$N,$B8)),""))) -> CMA2606010011 | Z8: =IF($B8="","",IF(IF(INDEX(GLAPS컨테이너배차관리!$CU:$CU,$B8)="","",INDEX(GLAPS컨테이너배차관리!$CU:$CU,$B8))="","",IFERROR(INT(IF(INDEX(GLAPS컨테이너배차관리!$CU:$CU,$B8)="","",INDEX(GLAPS컨테이너배차관리!$CU:$CU,$B8))),""))) | AA8: =IF($B8="","",IF(AND(IF(INDEX(GLAPS컨테이너배차관리!$CL:$CL,$B8)="","",INDEX(GLAPS컨테이너배차관리!$CL:$CL,$B8))="",IF(INDEX(GLAPS컨테이너배차관리!$CM:$CM,$B8)="","",INDEX(GLAPS컨테이너배차관리!$CM:$CM,$B8))=""),"",IF(OR(IF(INDEX(GLAPS컨테이너배차관리!$CL:$CL,$B8)="","",INDEX(GLAPS컨테이너배차관리!$CL:$CL,$B8))="B000016649",ISNUMBER(SEARCH("B015",IF(INDEX(GLAPS컨테이너배차관리!$CM:$CM,$B8)="","",INDEX(GLAPS컨테이너배차관리!$CM:$CM,$B8)))),ISNUMBER(SEARCH("세방",IF(INDEX(GLAPS컨테이너배차관리!$CM:$CM,$B8)="","",INDEX(GLAPS컨테이너배차관리!$CM:$CM,$B8)))),ISNUMBER(SEARCH("SB",IF(INDEX(GLAPS컨테이너배차관리!$CM:$CM,$B8)="","",INDEX(GLAPS컨테이너배차관리!$CM:$CM,$B8))))),"세방",""))) | AB8: =IF($B8="","",IF(IF(INDEX(GLAPS컨테이너배차관리!$CM:$CM,$B8)="","",INDEX(GLAPS컨테이너배차관리!$CM:$CM,$B8))="","",IF(ISNUMBER(SEARCH("이지스두동",IF(INDEX(GLAPS컨테이너배차관리!$CM:$CM,$B8)="","",INDEX(GLAPS컨테이너배차관리!$CM:$CM,$B8)))),"이지스두동",IF(ISNUMBER(SEARCH("이지스녹산",IF(INDEX(GLAPS컨테이너배차관리!$CM:$CM,$B8)="","",INDEX(GLAPS컨테이너배차관리!$CM:$CM,$B8)))),"이지스녹산",IF(ISNUMBER(SEARCH("천우",IF(INDEX(GLAPS컨테이너배차관리!$CM:$CM,$B8)="","",INDEX(GLAPS컨테이너배차관리!$CM:$CM,$B8)))),"천우",IF(OR(ISNUMBER(SEARCH("청암",IF(INDEX(GLAPS컨테이너배차관리!$CM:$CM,$B8)="","",INDEX(GLAPS컨테이너배차관리!$CM:$CM,$B8)))),ISNUMBER(SEARCH("SB청암",IF(INDEX(GLAPS컨테이너배차관리!$CM:$CM,$B8)="","",INDEX(GLAPS컨테이너배차관리!$CM:$CM,$B8))))),"청암신항",IF(INDEX(GLAPS컨테이너배차관리!$CM:$CM,$B8)="","",INDEX(GLAPS컨테이너배차관리!$CM:$CM,$B8))))))))
A9: 8 | B9: =IFERROR(_xlfn.AGGREGATE(15,6,ROW(GLAPS컨테이너배차관리!$X$2:$X$20000)/(GLAPS컨테이너배차관리!$X$2:$X$20000<>""),A9),"") -> 38 | C9: =IF($B9="","",INT(IF(INDEX(GLAPS컨테이너배차관리!$K:$K,$B9)="","",INDEX(GLAPS컨테이너배차관리!$K:$K,$B9)))) -> 46177 | D9: =IF($B9="","",IF(ISNUMBER(SEARCH("이엘에스",IF(INDEX(GLAPS컨테이너배차관리!$AZ:$AZ,$B9)="","",INDEX(GLAPS컨테이너배차관리!$AZ:$AZ,$B9)))),"ELS솔루션",IF(INDEX(GLAPS컨테이너배차관리!$AZ:$AZ,$B9)="","",INDEX(GLAPS컨테이너배차관리!$AZ:$AZ,$B9)))) -> ELS솔루션 | E9: =IF($B9="","",IF(INDEX(GLAPS컨테이너배차관리!$L:$L,$B9)="","",INDEX(GLAPS컨테이너배차관리!$L:$L,$B9))) -> 09:00 | F9: =IF($B9="","",IF(HOUR(IF(INDEX(GLAPS컨테이너배차관리!$L:$L,$B9)="","",INDEX(GLAPS컨테이너배차관리!$L:$L,$B9)))<12,"오전",IF(HOUR(IF(INDEX(GLAPS컨테이너배차관리!$L:$L,$B9)="","",INDEX(GLAPS컨테이너배차관리!$L:$L,$B9)))<18,"오후","잔업"))) -> 오전 | G9: =IF($B9="","",IFERROR(INDEX(GLAPS정리!$G$3:$G$264,MATCH(IF(INDEX(GLAPS컨테이너배차관리!$BY:$BY,$B9)="","",INDEX(GLAPS컨테이너배차관리!$BY:$BY,$B9)),GLAPS정리!$H$3:$H$264,0)),TRIM(SUBSTITUTE(SUBSTITUTE(SUBSTITUTE(SUBSTITUTE(SUBSTITUTE(IF(INDEX(GLAPS컨테이너배차관리!$T:$T,$B9)="","",INDEX(GLAPS컨테이너배차관리!$T:$T,$B9)),"[GA]",""),"[GB]",""),"[GC]",""),"[KC]",""),"[GS]","")))) -> 아산 3포장장 | H9: =IF($B9="","",IFERROR(VLOOKUP(IF(INDEX(GLAPS컨테이너배차관리!$BY:$BY,$B9)="","",INDEX(GLAPS컨테이너배차관리!$BY:$BY,$B9)),GLAPS정리!$BT$3:$BV$200,3,0),"")) -> EAS1 | I9: =IF($B9="","",LEFT(IF(INDEX(GLAPS컨테이너배차관리!$U:$U,$B9)="","",INDEX(GLAPS컨테이너배차관리!$U:$U,$B9)),FIND("/",IF(INDEX(GLAPS컨테이너배차관리!$U:$U,$B9)="","",INDEX(GLAPS컨테이너배차관리!$U:$U,$B9))&"/")-1)) -> HMMA | J9: =IF($B9="","",IF(IF(INDEX(GLAPS컨테이너배차관리!$O:$O,$B9)="","",INDEX(GLAPS컨테이너배차관리!$O:$O,$B9))="EMC","EMA",IFERROR(INDEX(GLAPS정리!$A$2:$A$50,MATCH(IF(INDEX(GLAPS컨테이너배차관리!$O:$O,$B9)="","",INDEX(GLAPS컨테이너배차관리!$O:$O,$B9)),GLAPS정리!$D$2:$D$50,0)),IF(INDEX(GLAPS컨테이너배차관리!$O:$O,$B9)="","",INDEX(GLAPS컨테이너배차관리!$O:$O,$B9))))) -> ONE | K9: =IF($B9="","",IF(LEFT(IF(INDEX(GLAPS컨테이너배차관리!$Y:$Y,$B9)="","",INDEX(GLAPS컨테이너배차관리!$Y:$Y,$B9)),2)="22","20 Feet",IF(LEFT(IF(INDEX(GLAPS컨테이너배차관리!$Y:$Y,$B9)="","",INDEX(GLAPS컨테이너배차관리!$Y:$Y,$B9)),2)="42","40 Feet","40 Feet H"))) -> 40 Feet H | L9: =IF($B9="","",IFERROR(INDEX(GLAPS정리!$BB$2:$BB$80,MATCH(IF(INDEX(GLAPS컨테이너배차관리!$BQ:$BQ,$B9)="","",INDEX(GLAPS컨테이너배차관리!$BQ:$BQ,$B9)),GLAPS정리!$BC$2:$BC$80,0)),IF(INDEX(GLAPS컨테이너배차관리!$BQ:$BQ,$B9)="","",INDEX(GLAPS컨테이너배차관리!$BQ:$BQ,$B9)))) -> BUSAN(NEW) | M9: =IF($B9="","",IFERROR(INDEX(GLAPS정리!$V$3:$V$180,MATCH(IF(INDEX(GLAPS컨테이너배차관리!$S:$S,$B9)="","",INDEX(GLAPS컨테이너배차관리!$S:$S,$B9)),GLAPS정리!$W$3:$W$180,0)),IF(INDEX(GLAPS컨테이너배차관리!$S:$S,$B9)="","",INDEX(GLAPS컨테이너배차관리!$S:$S,$B9)))) -> LA | N9: =IF($B9="","",IF(IF(INDEX(GLAPS컨테이너배차관리!$DF:$DF,$B9)="","",INDEX(GLAPS컨테이너배차관리!$DF:$DF,$B9))<>"",IF(INDEX(GLAPS컨테이너배차관리!$DF:$DF,$B9)="","",INDEX(GLAPS컨테이너배차관리!$DF:$DF,$B9)),IF(IF(INDEX(GLAPS컨테이너배차관리!$DG:$DG,$B9)="","",INDEX(GLAPS컨테이너배차관리!$DG:$DG,$B9))<>"",IF(INDEX(GLAPS컨테이너배차관리!$DG:$DG,$B9)="","",INDEX(GLAPS컨테이너배차관리!$DG:$DG,$B9)),""))) | O9: =IF($B9="","",IF(INDEX(GLAPS컨테이너배차관리!$AB:$AB,$B9)="","",INDEX(GLAPS컨테이너배차관리!$AB:$AB,$B9))) -> 경북98사7570 | P9: =IF($B9="","",IF(IF(INDEX(GLAPS컨테이너배차관리!$CP:$CP,$B9)="","",INDEX(GLAPS컨테이너배차관리!$CP:$CP,$B9))="","",IFERROR(INDEX(GLAPS정리!$BH$2:$BH$101,MATCH(IF(INDEX(GLAPS컨테이너배차관리!$CP:$CP,$B9)="","",INDEX(GLAPS컨테이너배차관리!$CP:$CP,$B9)),GLAPS정리!$BI$2:$BI$101,0)),IF(INDEX(GLAPS컨테이너배차관리!$CP:$CP,$B9)="","",INDEX(GLAPS컨테이너배차관리!$CP:$CP,$B9))))) | Q9: =IF($B9="","",IF(AND(IF(INDEX(GLAPS컨테이너배차관리!$AK:$AK,$B9)="","",INDEX(GLAPS컨테이너배차관리!$AK:$AK,$B9))="Y",IF(INDEX(GLAPS컨테이너배차관리!$AI:$AI,$B9)="","",INDEX(GLAPS컨테이너배차관리!$AI:$AI,$B9))="Y"),"위험물리퍼",IF(IF(INDEX(GLAPS컨테이너배차관리!$AK:$AK,$B9)="","",INDEX(GLAPS컨테이너배차관리!$AK:$AK,$B9))="Y","위험물",IF(IF(INDEX(GLAPS컨테이너배차관리!$AI:$AI,$B9)="","",INDEX(GLAPS컨테이너배차관리!$AI:$AI,$B9))="Y","리퍼","")))) | R9: =IF($B9="","",IF(LEFT(IF(INDEX(GLAPS컨테이너배차관리!$Y:$Y,$B9)="","",INDEX(GLAPS컨테이너배차관리!$Y:$Y,$B9)),2)="22",1,"")) | S9: =IF($B9="","",IF(LEFT(IF(INDEX(GLAPS컨테이너배차관리!$Y:$Y,$B9)="","",INDEX(GLAPS컨테이너배차관리!$Y:$Y,$B9)),2)="42",1,"")) | T9: =IF($B9="","",IF(LEFT(IF(INDEX(GLAPS컨테이너배차관리!$Y:$Y,$B9)="","",INDEX(GLAPS컨테이너배차관리!$Y:$Y,$B9)),2)="45",1,"")) -> 1 | U9: =IF($B9="","",IF(INDEX(GLAPS컨테이너배차관리!$X:$X,$B9)="","",INDEX(GLAPS컨테이너배차관리!$X:$X,$B9))) -> ONEU0621719 | V9: =IF($B9="","",IF(INDEX(GLAPS컨테이너배차관리!$Z:$Z,$B9)="","",INDEX(GLAPS컨테이너배차관리!$Z:$Z,$B9))) -> KRAX14757 | W9: =IF($B9="","",IF(IF(INDEX(GLAPS컨테이너배차관리!$DI:$DI,$B9)="","",INDEX(GLAPS컨테이너배차관리!$DI:$DI,$B9))<>"",IF(INDEX(GLAPS컨테이너배차관리!$DI:$DI,$B9)="","",INDEX(GLAPS컨테이너배차관리!$DI:$DI,$B9)),IF(IF(INDEX(GLAPS컨테이너배차관리!$DJ:$DJ,$B9)="","",INDEX(GLAPS컨테이너배차관리!$DJ:$DJ,$B9))<>"",IF(INDEX(GLAPS컨테이너배차관리!$DJ:$DJ,$B9)="","",INDEX(GLAPS컨테이너배차관리!$DJ:$DJ,$B9)),IF(IF(INDEX(GLAPS컨테이너배차관리!$DK:$DK,$B9)="","",INDEX(GLAPS컨테이너배차관리!$DK:$DK,$B9))<>"",IF(INDEX(GLAPS컨테이너배차관리!$DK:$DK,$B9)="","",INDEX(GLAPS컨테이너배차관리!$DK:$DK,$B9)),IF(IF(INDEX(GLAPS컨테이너배차관리!$DL:$DL,$B9)="","",INDEX(GLAPS컨테이너배차관리!$DL:$DL,$B9))<>"",IF(INDEX(GLAPS컨테이너배차관리!$DL:$DL,$B9)="","",INDEX(GLAPS컨테이너배차관리!$DL:$DL,$B9)),IF(IF(INDEX(GLAPS컨테이너배차관리!$DM:$DM,$B9)="","",INDEX(GLAPS컨테이너배차관리!$DM:$DM,$B9))<>"",IF(INDEX(GLAPS컨테이너배차관리!$DM:$DM,$B9)="","",INDEX(GLAPS컨테이너배차관리!$DM:$DM,$B9)),"")))))) | X9: =IF($B9="","",IF(INDEX(GLAPS컨테이너배차관리!$F:$F,$B9)="","",INDEX(GLAPS컨테이너배차관리!$F:$F,$B9))) -> X260602-001996 | Y9: =IF($B9="","",IF(IF(INDEX(GLAPS컨테이너배차관리!$M:$M,$B9)="","",INDEX(GLAPS컨테이너배차관리!$M:$M,$B9))<>"",IF(INDEX(GLAPS컨테이너배차관리!$M:$M,$B9)="","",INDEX(GLAPS컨테이너배차관리!$M:$M,$B9)),IF(IF(INDEX(GLAPS컨테이너배차관리!$N:$N,$B9)="","",INDEX(GLAPS컨테이너배차관리!$N:$N,$B9))<>"",IF(INDEX(GLAPS컨테이너배차관리!$N:$N,$B9)="","",INDEX(GLAPS컨테이너배차관리!$N:$N,$B9)),""))) -> SELG82813400 | Z9: =IF($B9="","",IF(IF(INDEX(GLAPS컨테이너배차관리!$CU:$CU,$B9)="","",INDEX(GLAPS컨테이너배차관리!$CU:$CU,$B9))="","",IFERROR(INT(IF(INDEX(GLAPS컨테이너배차관리!$CU:$CU,$B9)="","",INDEX(GLAPS컨테이너배차관리!$CU:$CU,$B9))),""))) | AA9: =IF($B9="","",IF(AND(IF(INDEX(GLAPS컨테이너배차관리!$CL:$CL,$B9)="","",INDEX(GLAPS컨테이너배차관리!$CL:$CL,$B9))="",IF(INDEX(GLAPS컨테이너배차관리!$CM:$CM,$B9)="","",INDEX(GLAPS컨테이너배차관리!$CM:$CM,$B9))=""),"",IF(OR(IF(INDEX(GLAPS컨테이너배차관리!$CL:$CL,$B9)="","",INDEX(GLAPS컨테이너배차관리!$CL:$CL,$B9))="B000016649",ISNUMBER(SEARCH("B015",IF(INDEX(GLAPS컨테이너배차관리!$CM:$CM,$B9)="","",INDEX(GLAPS컨테이너배차관리!$CM:$CM,$B9)))),ISNUMBER(SEARCH("세방",IF(INDEX(GLAPS컨테이너배차관리!$CM:$CM,$B9)="","",INDEX(GLAPS컨테이너배차관리!$CM:$CM,$B9)))),ISNUMBER(SEARCH("SB",IF(INDEX(GLAPS컨테이너배차관리!$CM:$CM,$B9)="","",INDEX(GLAPS컨테이너배차관리!$CM:$CM,$B9))))),"세방",""))) | AB9: =IF($B9="","",IF(IF(INDEX(GLAPS컨테이너배차관리!$CM:$CM,$B9)="","",INDEX(GLAPS컨테이너배차관리!$CM:$CM,$B9))="","",IF(ISNUMBER(SEARCH("이지스두동",IF(INDEX(GLAPS컨테이너배차관리!$CM:$CM,$B9)="","",INDEX(GLAPS컨테이너배차관리!$CM:$CM,$B9)))),"이지스두동",IF(ISNUMBER(SEARCH("이지스녹산",IF(INDEX(GLAPS컨테이너배차관리!$CM:$CM,$B9)="","",INDEX(GLAPS컨테이너배차관리!$CM:$CM,$B9)))),"이지스녹산",IF(ISNUMBER(SEARCH("천우",IF(INDEX(GLAPS컨테이너배차관리!$CM:$CM,$B9)="","",INDEX(GLAPS컨테이너배차관리!$CM:$CM,$B9)))),"천우",IF(OR(ISNUMBER(SEARCH("청암",IF(INDEX(GLAPS컨테이너배차관리!$CM:$CM,$B9)="","",INDEX(GLAPS컨테이너배차관리!$CM:$CM,$B9)))),ISNUMBER(SEARCH("SB청암",IF(INDEX(GLAPS컨테이너배차관리!$CM:$CM,$B9)="","",INDEX(GLAPS컨테이너배차관리!$CM:$CM,$B9))))),"청암신항",IF(INDEX(GLAPS컨테이너배차관리!$CM:$CM,$B9)="","",INDEX(GLAPS컨테이너배차관리!$CM:$CM,$B9))))))))
A10: 9 | B10: =IFERROR(_xlfn.AGGREGATE(15,6,ROW(GLAPS컨테이너배차관리!$X$2:$X$20000)/(GLAPS컨테이너배차관리!$X$2:$X$20000<>""),A10),"") -> 45 | C10: =IF($B10="","",INT(IF(INDEX(GLAPS컨테이너배차관리!$K:$K,$B10)="","",INDEX(GLAPS컨테이너배차관리!$K:$K,$B10)))) -> 46177 | D10: =IF($B10="","",IF(ISNUMBER(SEARCH("이엘에스",IF(INDEX(GLAPS컨테이너배차관리!$AZ:$AZ,$B10)="","",INDEX(GLAPS컨테이너배차관리!$AZ:$AZ,$B10)))),"ELS솔루션",IF(INDEX(GLAPS컨테이너배차관리!$AZ:$AZ,$B10)="","",INDEX(GLAPS컨테이너배차관리!$AZ:$AZ,$B10)))) -> ELS솔루션 | E10: =IF($B10="","",IF(INDEX(GLAPS컨테이너배차관리!$L:$L,$B10)="","",INDEX(GLAPS컨테이너배차관리!$L:$L,$B10))) -> 14:30 | F10: =IF($B10="","",IF(HOUR(IF(INDEX(GLAPS컨테이너배차관리!$L:$L,$B10)="","",INDEX(GLAPS컨테이너배차관리!$L:$L,$B10)))<12,"오전",IF(HOUR(IF(INDEX(GLAPS컨테이너배차관리!$L:$L,$B10)="","",INDEX(GLAPS컨테이너배차관리!$L:$L,$B10)))<18,"오후","잔업"))) -> 오후 | G10: =IF($B10="","",IFERROR(INDEX(GLAPS정리!$G$3:$G$264,MATCH(IF(INDEX(GLAPS컨테이너배차관리!$BY:$BY,$B10)="","",INDEX(GLAPS컨테이너배차관리!$BY:$BY,$B10)),GLAPS정리!$H$3:$H$264,0)),TRIM(SUBSTITUTE(SUBSTITUTE(SUBSTITUTE(SUBSTITUTE(SUBSTITUTE(IF(INDEX(GLAPS컨테이너배차관리!$T:$T,$B10)="","",INDEX(GLAPS컨테이너배차관리!$T:$T,$B10)),"[GA]",""),"[GB]",""),"[GC]",""),"[KC]",""),"[GS]","")))) -> KCC 글라스 | H10: =IF($B10="","",IFERROR(VLOOKUP(IF(INDEX(GLAPS컨테이너배차관리!$BY:$BY,$B10)="","",INDEX(GLAPS컨테이너배차관리!$BY:$BY,$B10)),GLAPS정리!$BT$3:$BV$200,3,0),"")) -> KAC | I10: =IF($B10="","",LEFT(IF(INDEX(GLAPS컨테이너배차관리!$U:$U,$B10)="","",INDEX(GLAPS컨테이너배차관리!$U:$U,$B10)),FIND("/",IF(INDEX(GLAPS컨테이너배차관리!$U:$U,$B10)="","",INDEX(GLAPS컨테이너배차관리!$U:$U,$B10))&"/")-1)) -> HMGMA | J10: =IF($B10="","",IF(IF(INDEX(GLAPS컨테이너배차관리!$O:$O,$B10)="","",INDEX(GLAPS컨테이너배차관리!$O:$O,$B10))="EMC","EMA",IFERROR(INDEX(GLAPS정리!$A$2:$A$50,MATCH(IF(INDEX(GLAPS컨테이너배차관리!$O:$O,$B10)="","",INDEX(GLAPS컨테이너배차관리!$O:$O,$B10)),GLAPS정리!$D$2:$D$50,0)),IF(INDEX(GLAPS컨테이너배차관리!$O:$O,$B10)="","",INDEX(GLAPS컨테이너배차관리!$O:$O,$B10))))) -> CMA | K10: =IF($B10="","",IF(LEFT(IF(INDEX(GLAPS컨테이너배차관리!$Y:$Y,$B10)="","",INDEX(GLAPS컨테이너배차관리!$Y:$Y,$B10)),2)="22","20 Feet",IF(LEFT(IF(INDEX(GLAPS컨테이너배차관리!$Y:$Y,$B10)="","",INDEX(GLAPS컨테이너배차관리!$Y:$Y,$B10)),2)="42","40 Feet","40 Feet H"))) -> 40 Feet H | L10: =IF($B10="","",IFERROR(INDEX(GLAPS정리!$BB$2:$BB$80,MATCH(IF(INDEX(GLAPS컨테이너배차관리!$BQ:$BQ,$B10)="","",INDEX(GLAPS컨테이너배차관리!$BQ:$BQ,$B10)),GLAPS정리!$BC$2:$BC$80,0)),IF(INDEX(GLAPS컨테이너배차관리!$BQ:$BQ,$B10)="","",INDEX(GLAPS컨테이너배차관리!$BQ:$BQ,$B10)))) -> BUSAN(NEW) | M10: =IF($B10="","",IFERROR(INDEX(GLAPS정리!$V$3:$V$180,MATCH(IF(INDEX(GLAPS컨테이너배차관리!$S:$S,$B10)="","",INDEX(GLAPS컨테이너배차관리!$S:$S,$B10)),GLAPS정리!$W$3:$W$180,0)),IF(INDEX(GLAPS컨테이너배차관리!$S:$S,$B10)="","",INDEX(GLAPS컨테이너배차관리!$S:$S,$B10)))) -> 조지아 | N10: =IF($B10="","",IF(IF(INDEX(GLAPS컨테이너배차관리!$DF:$DF,$B10)="","",INDEX(GLAPS컨테이너배차관리!$DF:$DF,$B10))<>"",IF(INDEX(GLAPS컨테이너배차관리!$DF:$DF,$B10)="","",INDEX(GLAPS컨테이너배차관리!$DF:$DF,$B10)),IF(IF(INDEX(GLAPS컨테이너배차관리!$DG:$DG,$B10)="","",INDEX(GLAPS컨테이너배차관리!$DG:$DG,$B10))<>"",IF(INDEX(GLAPS컨테이너배차관리!$DG:$DG,$B10)="","",INDEX(GLAPS컨테이너배차관리!$DG:$DG,$B10)),""))) | O10: =IF($B10="","",IF(INDEX(GLAPS컨테이너배차관리!$AB:$AB,$B10)="","",INDEX(GLAPS컨테이너배차관리!$AB:$AB,$B10))) -> 경남99바4895 | P10: =IF($B10="","",IF(IF(INDEX(GLAPS컨테이너배차관리!$CP:$CP,$B10)="","",INDEX(GLAPS컨테이너배차관리!$CP:$CP,$B10))="","",IFERROR(INDEX(GLAPS정리!$BH$2:$BH$101,MATCH(IF(INDEX(GLAPS컨테이너배차관리!$CP:$CP,$B10)="","",INDEX(GLAPS컨테이너배차관리!$CP:$CP,$B10)),GLAPS정리!$BI$2:$BI$101,0)),IF(INDEX(GLAPS컨테이너배차관리!$CP:$CP,$B10)="","",INDEX(GLAPS컨테이너배차관리!$CP:$CP,$B10))))) | Q10: =IF($B10="","",IF(AND(IF(INDEX(GLAPS컨테이너배차관리!$AK:$AK,$B10)="","",INDEX(GLAPS컨테이너배차관리!$AK:$AK,$B10))="Y",IF(INDEX(GLAPS컨테이너배차관리!$AI:$AI,$B10)="","",INDEX(GLAPS컨테이너배차관리!$AI:$AI,$B10))="Y"),"위험물리퍼",IF(IF(INDEX(GLAPS컨테이너배차관리!$AK:$AK,$B10)="","",INDEX(GLAPS컨테이너배차관리!$AK:$AK,$B10))="Y","위험물",IF(IF(INDEX(GLAPS컨테이너배차관리!$AI:$AI,$B10)="","",INDEX(GLAPS컨테이너배차관리!$AI:$AI,$B10))="Y","리퍼","")))) | R10: =IF($B10="","",IF(LEFT(IF(INDEX(GLAPS컨테이너배차관리!$Y:$Y,$B10)="","",INDEX(GLAPS컨테이너배차관리!$Y:$Y,$B10)),2)="22",1,"")) | S10: =IF($B10="","",IF(LEFT(IF(INDEX(GLAPS컨테이너배차관리!$Y:$Y,$B10)="","",INDEX(GLAPS컨테이너배차관리!$Y:$Y,$B10)),2)="42",1,"")) | T10: =IF($B10="","",IF(LEFT(IF(INDEX(GLAPS컨테이너배차관리!$Y:$Y,$B10)="","",INDEX(GLAPS컨테이너배차관리!$Y:$Y,$B10)),2)="45",1,"")) -> 1 | U10: =IF($B10="","",IF(INDEX(GLAPS컨테이너배차관리!$X:$X,$B10)="","",INDEX(GLAPS컨테이너배차관리!$X:$X,$B10))) -> TGBU5280738 | V10: =IF($B10="","",IF(INDEX(GLAPS컨테이너배차관리!$Z:$Z,$B10)="","",INDEX(GLAPS컨테이너배차관리!$Z:$Z,$B10))) -> M6412832 | W10: =IF($B10="","",IF(IF(INDEX(GLAPS컨테이너배차관리!$DI:$DI,$B10)="","",INDEX(GLAPS컨테이너배차관리!$DI:$DI,$B10))<>"",IF(INDEX(GLAPS컨테이너배차관리!$DI:$DI,$B10)="","",INDEX(GLAPS컨테이너배차관리!$DI:$DI,$B10)),IF(IF(INDEX(GLAPS컨테이너배차관리!$DJ:$DJ,$B10)="","",INDEX(GLAPS컨테이너배차관리!$DJ:$DJ,$B10))<>"",IF(INDEX(GLAPS컨테이너배차관리!$DJ:$DJ,$B10)="","",INDEX(GLAPS컨테이너배차관리!$DJ:$DJ,$B10)),IF(IF(INDEX(GLAPS컨테이너배차관리!$DK:$DK,$B10)="","",INDEX(GLAPS컨테이너배차관리!$DK:$DK,$B10))<>"",IF(INDEX(GLAPS컨테이너배차관리!$DK:$DK,$B10)="","",INDEX(GLAPS컨테이너배차관리!$DK:$DK,$B10)),IF(IF(INDEX(GLAPS컨테이너배차관리!$DL:$DL,$B10)="","",INDEX(GLAPS컨테이너배차관리!$DL:$DL,$B10))<>"",IF(INDEX(GLAPS컨테이너배차관리!$DL:$DL,$B10)="","",INDEX(GLAPS컨테이너배차관리!$DL:$DL,$B10)),IF(IF(INDEX(GLAPS컨테이너배차관리!$DM:$DM,$B10)="","",INDEX(GLAPS컨테이너배차관리!$DM:$DM,$B10))<>"",IF(INDEX(GLAPS컨테이너배차관리!$DM:$DM,$B10)="","",INDEX(GLAPS컨테이너배차관리!$DM:$DM,$B10)),"")))))) | X10: =IF($B10="","",IF(INDEX(GLAPS컨테이너배차관리!$F:$F,$B10)="","",INDEX(GLAPS컨테이너배차관리!$F:$F,$B10))) -> X260602-002003 | Y10: =IF($B10="","",IF(IF(INDEX(GLAPS컨테이너배차관리!$M:$M,$B10)="","",INDEX(GLAPS컨테이너배차관리!$M:$M,$B10))<>"",IF(INDEX(GLAPS컨테이너배차관리!$M:$M,$B10)="","",INDEX(GLAPS컨테이너배차관리!$M:$M,$B10)),IF(IF(INDEX(GLAPS컨테이너배차관리!$N:$N,$B10)="","",INDEX(GLAPS컨테이너배차관리!$N:$N,$B10))<>"",IF(INDEX(GLAPS컨테이너배차관리!$N:$N,$B10)="","",INDEX(GLAPS컨테이너배차관리!$N:$N,$B10)),""))) -> CMA2605290012 | Z10: =IF($B10="","",IF(IF(INDEX(GLAPS컨테이너배차관리!$CU:$CU,$B10)="","",INDEX(GLAPS컨테이너배차관리!$CU:$CU,$B10))="","",IFERROR(INT(IF(INDEX(GLAPS컨테이너배차관리!$CU:$CU,$B10)="","",INDEX(GLAPS컨테이너배차관리!$CU:$CU,$B10))),""))) | AA10: =IF($B10="","",IF(AND(IF(INDEX(GLAPS컨테이너배차관리!$CL:$CL,$B10)="","",INDEX(GLAPS컨테이너배차관리!$CL:$CL,$B10))="",IF(INDEX(GLAPS컨테이너배차관리!$CM:$CM,$B10)="","",INDEX(GLAPS컨테이너배차관리!$CM:$CM,$B10))=""),"",IF(OR(IF(INDEX(GLAPS컨테이너배차관리!$CL:$CL,$B10)="","",INDEX(GLAPS컨테이너배차관리!$CL:$CL,$B10))="B000016649",ISNUMBER(SEARCH("B015",IF(INDEX(GLAPS컨테이너배차관리!$CM:$CM,$B10)="","",INDEX(GLAPS컨테이너배차관리!$CM:$CM,$B10)))),ISNUMBER(SEARCH("세방",IF(INDEX(GLAPS컨테이너배차관리!$CM:$CM,$B10)="","",INDEX(GLAPS컨테이너배차관리!$CM:$CM,$B10)))),ISNUMBER(SEARCH("SB",IF(INDEX(GLAPS컨테이너배차관리!$CM:$CM,$B10)="","",INDEX(GLAPS컨테이너배차관리!$CM:$CM,$B10))))),"세방",""))) | AB10: =IF($B10="","",IF(IF(INDEX(GLAPS컨테이너배차관리!$CM:$CM,$B10)="","",INDEX(GLAPS컨테이너배차관리!$CM:$CM,$B10))="","",IF(ISNUMBER(SEARCH("이지스두동",IF(INDEX(GLAPS컨테이너배차관리!$CM:$CM,$B10)="","",INDEX(GLAPS컨테이너배차관리!$CM:$CM,$B10)))),"이지스두동",IF(ISNUMBER(SEARCH("이지스녹산",IF(INDEX(GLAPS컨테이너배차관리!$CM:$CM,$B10)="","",INDEX(GLAPS컨테이너배차관리!$CM:$CM,$B10)))),"이지스녹산",IF(ISNUMBER(SEARCH("천우",IF(INDEX(GLAPS컨테이너배차관리!$CM:$CM,$B10)="","",INDEX(GLAPS컨테이너배차관리!$CM:$CM,$B10)))),"천우",IF(OR(ISNUMBER(SEARCH("청암",IF(INDEX(GLAPS컨테이너배차관리!$CM:$CM,$B10)="","",INDEX(GLAPS컨테이너배차관리!$CM:$CM,$B10)))),ISNUMBER(SEARCH("SB청암",IF(INDEX(GLAPS컨테이너배차관리!$CM:$CM,$B10)="","",INDEX(GLAPS컨테이너배차관리!$CM:$CM,$B10))))),"청암신항",IF(INDEX(GLAPS컨테이너배차관리!$CM:$CM,$B10)="","",INDEX(GLAPS컨테이너배차관리!$CM:$CM,$B10))))))))
A11: 10 | B11: =IFERROR(_xlfn.AGGREGATE(15,6,ROW(GLAPS컨테이너배차관리!$X$2:$X$20000)/(GLAPS컨테이너배차관리!$X$2:$X$20000<>""),A11),"") | C11: =IF($B11="","",INT(IF(INDEX(GLAPS컨테이너배차관리!$K:$K,$B11)="","",INDEX(GLAPS컨테이너배차관리!$K:$K,$B11)))) | D11: =IF($B11="","",IF(ISNUMBER(SEARCH("이엘에스",IF(INDEX(GLAPS컨테이너배차관리!$AZ:$AZ,$B11)="","",INDEX(GLAPS컨테이너배차관리!$AZ:$AZ,$B11)))),"ELS솔루션",IF(INDEX(GLAPS컨테이너배차관리!$AZ:$AZ,$B11)="","",INDEX(GLAPS컨테이너배차관리!$AZ:$AZ,$B11)))) | E11: =IF($B11="","",IF(INDEX(GLAPS컨테이너배차관리!$L:$L,$B11)="","",INDEX(GLAPS컨테이너배차관리!$L:$L,$B11))) | F11: =IF($B11="","",IF(HOUR(IF(INDEX(GLAPS컨테이너배차관리!$L:$L,$B11)="","",INDEX(GLAPS컨테이너배차관리!$L:$L,$B11)))<12,"오전",IF(HOUR(IF(INDEX(GLAPS컨테이너배차관리!$L:$L,$B11)="","",INDEX(GLAPS컨테이너배차관리!$L:$L,$B11)))<18,"오후","잔업"))) | G11: =IF($B11="","",IFERROR(INDEX(GLAPS정리!$G$3:$G$264,MATCH(IF(INDEX(GLAPS컨테이너배차관리!$BY:$BY,$B11)="","",INDEX(GLAPS컨테이너배차관리!$BY:$BY,$B11)),GLAPS정리!$H$3:$H$264,0)),TRIM(SUBSTITUTE(SUBSTITUTE(SUBSTITUTE(SUBSTITUTE(SUBSTITUTE(IF(INDEX(GLAPS컨테이너배차관리!$T:$T,$B11)="","",INDEX(GLAPS컨테이너배차관리!$T:$T,$B11)),"[GA]",""),"[GB]",""),"[GC]",""),"[KC]",""),"[GS]","")))) | H11: =IF($B11="","",IFERROR(VLOOKUP(IF(INDEX(GLAPS컨테이너배차관리!$BY:$BY,$B11)="","",INDEX(GLAPS컨테이너배차관리!$BY:$BY,$B11)),GLAPS정리!$BT$3:$BV$200,3,0),"")) | I11: =IF($B11="","",LEFT(IF(INDEX(GLAPS컨테이너배차관리!$U:$U,$B11)="","",INDEX(GLAPS컨테이너배차관리!$U:$U,$B11)),FIND("/",IF(INDEX(GLAPS컨테이너배차관리!$U:$U,$B11)="","",INDEX(GLAPS컨테이너배차관리!$U:$U,$B11))&"/")-1)) | J11: =IF($B11="","",IF(IF(INDEX(GLAPS컨테이너배차관리!$O:$O,$B11)="","",INDEX(GLAPS컨테이너배차관리!$O:$O,$B11))="EMC","EMA",IFERROR(INDEX(GLAPS정리!$A$2:$A$50,MATCH(IF(INDEX(GLAPS컨테이너배차관리!$O:$O,$B11)="","",INDEX(GLAPS컨테이너배차관리!$O:$O,$B11)),GLAPS정리!$D$2:$D$50,0)),IF(INDEX(GLAPS컨테이너배차관리!$O:$O,$B11)="","",INDEX(GLAPS컨테이너배차관리!$O:$O,$B11))))) | K11: =IF($B11="","",IF(LEFT(IF(INDEX(GLAPS컨테이너배차관리!$Y:$Y,$B11)="","",INDEX(GLAPS컨테이너배차관리!$Y:$Y,$B11)),2)="22","20 Feet",IF(LEFT(IF(INDEX(GLAPS컨테이너배차관리!$Y:$Y,$B11)="","",INDEX(GLAPS컨테이너배차관리!$Y:$Y,$B11)),2)="42","40 Feet","40 Feet H"))) | L11: =IF($B11="","",IFERROR(INDEX(GLAPS정리!$BB$2:$BB$80,MATCH(IF(INDEX(GLAPS컨테이너배차관리!$BQ:$BQ,$B11)="","",INDEX(GLAPS컨테이너배차관리!$BQ:$BQ,$B11)),GLAPS정리!$BC$2:$BC$80,0)),IF(INDEX(GLAPS컨테이너배차관리!$BQ:$BQ,$B11)="","",INDEX(GLAPS컨테이너배차관리!$BQ:$BQ,$B11)))) | M11: =IF($B11="","",IFERROR(INDEX(GLAPS정리!$V$3:$V$180,MATCH(IF(INDEX(GLAPS컨테이너배차관리!$S:$S,$B11)="","",INDEX(GLAPS컨테이너배차관리!$S:$S,$B11)),GLAPS정리!$W$3:$W$180,0)),IF(INDEX(GLAPS컨테이너배차관리!$S:$S,$B11)="","",INDEX(GLAPS컨테이너배차관리!$S:$S,$B11)))) | N11: =IF($B11="","",IF(IF(INDEX(GLAPS컨테이너배차관리!$DF:$DF,$B11)="","",INDEX(GLAPS컨테이너배차관리!$DF:$DF,$B11))<>"",IF(INDEX(GLAPS컨테이너배차관리!$DF:$DF,$B11)="","",INDEX(GLAPS컨테이너배차관리!$DF:$DF,$B11)),IF(IF(INDEX(GLAPS컨테이너배차관리!$DG:$DG,$B11)="","",INDEX(GLAPS컨테이너배차관리!$DG:$DG,$B11))<>"",IF(INDEX(GLAPS컨테이너배차관리!$DG:$DG,$B11)="","",INDEX(GLAPS컨테이너배차관리!$DG:$DG,$B11)),""))) | O11: =IF($B11="","",IF(INDEX(GLAPS컨테이너배차관리!$AB:$AB,$B11)="","",INDEX(GLAPS컨테이너배차관리!$AB:$AB,$B11))) | P11: =IF($B11="","",IF(IF(INDEX(GLAPS컨테이너배차관리!$CP:$CP,$B11)="","",INDEX(GLAPS컨테이너배차관리!$CP:$CP,$B11))="","",IFERROR(INDEX(GLAPS정리!$BH$2:$BH$101,MATCH(IF(INDEX(GLAPS컨테이너배차관리!$CP:$CP,$B11)="","",INDEX(GLAPS컨테이너배차관리!$CP:$CP,$B11)),GLAPS정리!$BI$2:$BI$101,0)),IF(INDEX(GLAPS컨테이너배차관리!$CP:$CP,$B11)="","",INDEX(GLAPS컨테이너배차관리!$CP:$CP,$B11))))) | Q11: =IF($B11="","",IF(AND(IF(INDEX(GLAPS컨테이너배차관리!$AK:$AK,$B11)="","",INDEX(GLAPS컨테이너배차관리!$AK:$AK,$B11))="Y",IF(INDEX(GLAPS컨테이너배차관리!$AI:$AI,$B11)="","",INDEX(GLAPS컨테이너배차관리!$AI:$AI,$B11))="Y"),"위험물리퍼",IF(IF(INDEX(GLAPS컨테이너배차관리!$AK:$AK,$B11)="","",INDEX(GLAPS컨테이너배차관리!$AK:$AK,$B11))="Y","위험물",IF(IF(INDEX(GLAPS컨테이너배차관리!$AI:$AI,$B11)="","",INDEX(GLAPS컨테이너배차관리!$AI:$AI,$B11))="Y","리퍼","")))) | R11: =IF($B11="","",IF(LEFT(IF(INDEX(GLAPS컨테이너배차관리!$Y:$Y,$B11)="","",INDEX(GLAPS컨테이너배차관리!$Y:$Y,$B11)),2)="22",1,"")) | S11: =IF($B11="","",IF(LEFT(IF(INDEX(GLAPS컨테이너배차관리!$Y:$Y,$B11)="","",INDEX(GLAPS컨테이너배차관리!$Y:$Y,$B11)),2)="42",1,"")) | T11: =IF($B11="","",IF(LEFT(IF(INDEX(GLAPS컨테이너배차관리!$Y:$Y,$B11)="","",INDEX(GLAPS컨테이너배차관리!$Y:$Y,$B11)),2)="45",1,"")) | U11: =IF($B11="","",IF(INDEX(GLAPS컨테이너배차관리!$X:$X,$B11)="","",INDEX(GLAPS컨테이너배차관리!$X:$X,$B11))) | V11: =IF($B11="","",IF(INDEX(GLAPS컨테이너배차관리!$Z:$Z,$B11)="","",INDEX(GLAPS컨테이너배차관리!$Z:$Z,$B11))) | W11: =IF($B11="","",IF(IF(INDEX(GLAPS컨테이너배차관리!$DI:$DI,$B11)="","",INDEX(GLAPS컨테이너배차관리!$DI:$DI,$B11))<>"",IF(INDEX(GLAPS컨테이너배차관리!$DI:$DI,$B11)="","",INDEX(GLAPS컨테이너배차관리!$DI:$DI,$B11)),IF(IF(INDEX(GLAPS컨테이너배차관리!$DJ:$DJ,$B11)="","",INDEX(GLAPS컨테이너배차관리!$DJ:$DJ,$B11))<>"",IF(INDEX(GLAPS컨테이너배차관리!$DJ:$DJ,$B11)="","",INDEX(GLAPS컨테이너배차관리!$DJ:$DJ,$B11)),IF(IF(INDEX(GLAPS컨테이너배차관리!$DK:$DK,$B11)="","",INDEX(GLAPS컨테이너배차관리!$DK:$DK,$B11))<>"",IF(INDEX(GLAPS컨테이너배차관리!$DK:$DK,$B11)="","",INDEX(GLAPS컨테이너배차관리!$DK:$DK,$B11)),IF(IF(INDEX(GLAPS컨테이너배차관리!$DL:$DL,$B11)="","",INDEX(GLAPS컨테이너배차관리!$DL:$DL,$B11))<>"",IF(INDEX(GLAPS컨테이너배차관리!$DL:$DL,$B11)="","",INDEX(GLAPS컨테이너배차관리!$DL:$DL,$B11)),IF(IF(INDEX(GLAPS컨테이너배차관리!$DM:$DM,$B11)="","",INDEX(GLAPS컨테이너배차관리!$DM:$DM,$B11))<>"",IF(INDEX(GLAPS컨테이너배차관리!$DM:$DM,$B11)="","",INDEX(GLAPS컨테이너배차관리!$DM:$DM,$B11)),"")))))) | X11: =IF($B11="","",IF(INDEX(GLAPS컨테이너배차관리!$F:$F,$B11)="","",INDEX(GLAPS컨테이너배차관리!$F:$F,$B11))) | Y11: =IF($B11="","",IF(IF(INDEX(GLAPS컨테이너배차관리!$M:$M,$B11)="","",INDEX(GLAPS컨테이너배차관리!$M:$M,$B11))<>"",IF(INDEX(GLAPS컨테이너배차관리!$M:$M,$B11)="","",INDEX(GLAPS컨테이너배차관리!$M:$M,$B11)),IF(IF(INDEX(GLAPS컨테이너배차관리!$N:$N,$B11)="","",INDEX(GLAPS컨테이너배차관리!$N:$N,$B11))<>"",IF(INDEX(GLAPS컨테이너배차관리!$N:$N,$B11)="","",INDEX(GLAPS컨테이너배차관리!$N:$N,$B11)),""))) | Z11: =IF($B11="","",IF(IF(INDEX(GLAPS컨테이너배차관리!$CU:$CU,$B11)="","",INDEX(GLAPS컨테이너배차관리!$CU:$CU,$B11))="","",IFERROR(INT(IF(INDEX(GLAPS컨테이너배차관리!$CU:$CU,$B11)="","",INDEX(GLAPS컨테이너배차관리!$CU:$CU,$B11))),""))) | AA11: =IF($B11="","",IF(AND(IF(INDEX(GLAPS컨테이너배차관리!$CL:$CL,$B11)="","",INDEX(GLAPS컨테이너배차관리!$CL:$CL,$B11))="",IF(INDEX(GLAPS컨테이너배차관리!$CM:$CM,$B11)="","",INDEX(GLAPS컨테이너배차관리!$CM:$CM,$B11))=""),"",IF(OR(IF(INDEX(GLAPS컨테이너배차관리!$CL:$CL,$B11)="","",INDEX(GLAPS컨테이너배차관리!$CL:$CL,$B11))="B000016649",ISNUMBER(SEARCH("B015",IF(INDEX(GLAPS컨테이너배차관리!$CM:$CM,$B11)="","",INDEX(GLAPS컨테이너배차관리!$CM:$CM,$B11)))),ISNUMBER(SEARCH("세방",IF(INDEX(GLAPS컨테이너배차관리!$CM:$CM,$B11)="","",INDEX(GLAPS컨테이너배차관리!$CM:$CM,$B11)))),ISNUMBER(SEARCH("SB",IF(INDEX(GLAPS컨테이너배차관리!$CM:$CM,$B11)="","",INDEX(GLAPS컨테이너배차관리!$CM:$CM,$B11))))),"세방",""))) | AB11: =IF($B11="","",IF(IF(INDEX(GLAPS컨테이너배차관리!$CM:$CM,$B11)="","",INDEX(GLAPS컨테이너배차관리!$CM:$CM,$B11))="","",IF(ISNUMBER(SEARCH("이지스두동",IF(INDEX(GLAPS컨테이너배차관리!$CM:$CM,$B11)="","",INDEX(GLAPS컨테이너배차관리!$CM:$CM,$B11)))),"이지스두동",IF(ISNUMBER(SEARCH("이지스녹산",IF(INDEX(GLAPS컨테이너배차관리!$CM:$CM,$B11)="","",INDEX(GLAPS컨테이너배차관리!$CM:$CM,$B11)))),"이지스녹산",IF(ISNUMBER(SEARCH("천우",IF(INDEX(GLAPS컨테이너배차관리!$CM:$CM,$B11)="","",INDEX(GLAPS컨테이너배차관리!$CM:$CM,$B11)))),"천우",IF(OR(ISNUMBER(SEARCH("청암",IF(INDEX(GLAPS컨테이너배차관리!$CM:$CM,$B11)="","",INDEX(GLAPS컨테이너배차관리!$CM:$CM,$B11)))),ISNUMBER(SEARCH("SB청암",IF(INDEX(GLAPS컨테이너배차관리!$CM:$CM,$B11)="","",INDEX(GLAPS컨테이너배차관리!$CM:$CM,$B11))))),"청암신항",IF(INDEX(GLAPS컨테이너배차관리!$CM:$CM,$B11)="","",INDEX(GLAPS컨테이너배차관리!$CM:$CM,$B11))))))))
A12: 11 | B12: =IFERROR(_xlfn.AGGREGATE(15,6,ROW(GLAPS컨테이너배차관리!$X$2:$X$20000)/(GLAPS컨테이너배차관리!$X$2:$X$20000<>""),A12),"") | C12: =IF($B12="","",INT(IF(INDEX(GLAPS컨테이너배차관리!$K:$K,$B12)="","",INDEX(GLAPS컨테이너배차관리!$K:$K,$B12)))) | D12: =IF($B12="","",IF(ISNUMBER(SEARCH("이엘에스",IF(INDEX(GLAPS컨테이너배차관리!$AZ:$AZ,$B12)="","",INDEX(GLAPS컨테이너배차관리!$AZ:$AZ,$B12)))),"ELS솔루션",IF(INDEX(GLAPS컨테이너배차관리!$AZ:$AZ,$B12)="","",INDEX(GLAPS컨테이너배차관리!$AZ:$AZ,$B12)))) | E12: =IF($B12="","",IF(INDEX(GLAPS컨테이너배차관리!$L:$L,$B12)="","",INDEX(GLAPS컨테이너배차관리!$L:$L,$B12))) | F12: =IF($B12="","",IF(HOUR(IF(INDEX(GLAPS컨테이너배차관리!$L:$L,$B12)="","",INDEX(GLAPS컨테이너배차관리!$L:$L,$B12)))<12,"오전",IF(HOUR(IF(INDEX(GLAPS컨테이너배차관리!$L:$L,$B12)="","",INDEX(GLAPS컨테이너배차관리!$L:$L,$B12)))<18,"오후","잔업"))) | G12: =IF($B12="","",IFERROR(INDEX(GLAPS정리!$G$3:$G$264,MATCH(IF(INDEX(GLAPS컨테이너배차관리!$BY:$BY,$B12)="","",INDEX(GLAPS컨테이너배차관리!$BY:$BY,$B12)),GLAPS정리!$H$3:$H$264,0)),TRIM(SUBSTITUTE(SUBSTITUTE(SUBSTITUTE(SUBSTITUTE(SUBSTITUTE(IF(INDEX(GLAPS컨테이너배차관리!$T:$T,$B12)="","",INDEX(GLAPS컨테이너배차관리!$T:$T,$B12)),"[GA]",""),"[GB]",""),"[GC]",""),"[KC]",""),"[GS]","")))) | H12: =IF($B12="","",IFERROR(VLOOKUP(IF(INDEX(GLAPS컨테이너배차관리!$BY:$BY,$B12)="","",INDEX(GLAPS컨테이너배차관리!$BY:$BY,$B12)),GLAPS정리!$BT$3:$BV$200,3,0),"")) | I12: =IF($B12="","",LEFT(IF(INDEX(GLAPS컨테이너배차관리!$U:$U,$B12)="","",INDEX(GLAPS컨테이너배차관리!$U:$U,$B12)),FIND("/",IF(INDEX(GLAPS컨테이너배차관리!$U:$U,$B12)="","",INDEX(GLAPS컨테이너배차관리!$U:$U,$B12))&"/")-1)) | J12: =IF($B12="","",IF(IF(INDEX(GLAPS컨테이너배차관리!$O:$O,$B12)="","",INDEX(GLAPS컨테이너배차관리!$O:$O,$B12))="EMC","EMA",IFERROR(INDEX(GLAPS정리!$A$2:$A$50,MATCH(IF(INDEX(GLAPS컨테이너배차관리!$O:$O,$B12)="","",INDEX(GLAPS컨테이너배차관리!$O:$O,$B12)),GLAPS정리!$D$2:$D$50,0)),IF(INDEX(GLAPS컨테이너배차관리!$O:$O,$B12)="","",INDEX(GLAPS컨테이너배차관리!$O:$O,$B12))))) | K12: =IF($B12="","",IF(LEFT(IF(INDEX(GLAPS컨테이너배차관리!$Y:$Y,$B12)="","",INDEX(GLAPS컨테이너배차관리!$Y:$Y,$B12)),2)="22","20 Feet",IF(LEFT(IF(INDEX(GLAPS컨테이너배차관리!$Y:$Y,$B12)="","",INDEX(GLAPS컨테이너배차관리!$Y:$Y,$B12)),2)="42","40 Feet","40 Feet H"))) | L12: =IF($B12="","",IFERROR(INDEX(GLAPS정리!$BB$2:$BB$80,MATCH(IF(INDEX(GLAPS컨테이너배차관리!$BQ:$BQ,$B12)="","",INDEX(GLAPS컨테이너배차관리!$BQ:$BQ,$B12)),GLAPS정리!$BC$2:$BC$80,0)),IF(INDEX(GLAPS컨테이너배차관리!$BQ:$BQ,$B12)="","",INDEX(GLAPS컨테이너배차관리!$BQ:$BQ,$B12)))) | M12: =IF($B12="","",IFERROR(INDEX(GLAPS정리!$V$3:$V$180,MATCH(IF(INDEX(GLAPS컨테이너배차관리!$S:$S,$B12)="","",INDEX(GLAPS컨테이너배차관리!$S:$S,$B12)),GLAPS정리!$W$3:$W$180,0)),IF(INDEX(GLAPS컨테이너배차관리!$S:$S,$B12)="","",INDEX(GLAPS컨테이너배차관리!$S:$S,$B12)))) | N12: =IF($B12="","",IF(IF(INDEX(GLAPS컨테이너배차관리!$DF:$DF,$B12)="","",INDEX(GLAPS컨테이너배차관리!$DF:$DF,$B12))<>"",IF(INDEX(GLAPS컨테이너배차관리!$DF:$DF,$B12)="","",INDEX(GLAPS컨테이너배차관리!$DF:$DF,$B12)),IF(IF(INDEX(GLAPS컨테이너배차관리!$DG:$DG,$B12)="","",INDEX(GLAPS컨테이너배차관리!$DG:$DG,$B12))<>"",IF(INDEX(GLAPS컨테이너배차관리!$DG:$DG,$B12)="","",INDEX(GLAPS컨테이너배차관리!$DG:$DG,$B12)),""))) | O12: =IF($B12="","",IF(INDEX(GLAPS컨테이너배차관리!$AB:$AB,$B12)="","",INDEX(GLAPS컨테이너배차관리!$AB:$AB,$B12))) | P12: =IF($B12="","",IF(IF(INDEX(GLAPS컨테이너배차관리!$CP:$CP,$B12)="","",INDEX(GLAPS컨테이너배차관리!$CP:$CP,$B12))="","",IFERROR(INDEX(GLAPS정리!$BH$2:$BH$101,MATCH(IF(INDEX(GLAPS컨테이너배차관리!$CP:$CP,$B12)="","",INDEX(GLAPS컨테이너배차관리!$CP:$CP,$B12)),GLAPS정리!$BI$2:$BI$101,0)),IF(INDEX(GLAPS컨테이너배차관리!$CP:$CP,$B12)="","",INDEX(GLAPS컨테이너배차관리!$CP:$CP,$B12))))) | Q12: =IF($B12="","",IF(AND(IF(INDEX(GLAPS컨테이너배차관리!$AK:$AK,$B12)="","",INDEX(GLAPS컨테이너배차관리!$AK:$AK,$B12))="Y",IF(INDEX(GLAPS컨테이너배차관리!$AI:$AI,$B12)="","",INDEX(GLAPS컨테이너배차관리!$AI:$AI,$B12))="Y"),"위험물리퍼",IF(IF(INDEX(GLAPS컨테이너배차관리!$AK:$AK,$B12)="","",INDEX(GLAPS컨테이너배차관리!$AK:$AK,$B12))="Y","위험물",IF(IF(INDEX(GLAPS컨테이너배차관리!$AI:$AI,$B12)="","",INDEX(GLAPS컨테이너배차관리!$AI:$AI,$B12))="Y","리퍼","")))) | R12: =IF($B12="","",IF(LEFT(IF(INDEX(GLAPS컨테이너배차관리!$Y:$Y,$B12)="","",INDEX(GLAPS컨테이너배차관리!$Y:$Y,$B12)),2)="22",1,"")) | S12: =IF($B12="","",IF(LEFT(IF(INDEX(GLAPS컨테이너배차관리!$Y:$Y,$B12)="","",INDEX(GLAPS컨테이너배차관리!$Y:$Y,$B12)),2)="42",1,"")) | T12: =IF($B12="","",IF(LEFT(IF(INDEX(GLAPS컨테이너배차관리!$Y:$Y,$B12)="","",INDEX(GLAPS컨테이너배차관리!$Y:$Y,$B12)),2)="45",1,"")) | U12: =IF($B12="","",IF(INDEX(GLAPS컨테이너배차관리!$X:$X,$B12)="","",INDEX(GLAPS컨테이너배차관리!$X:$X,$B12))) | V12: =IF($B12="","",IF(INDEX(GLAPS컨테이너배차관리!$Z:$Z,$B12)="","",INDEX(GLAPS컨테이너배차관리!$Z:$Z,$B12))) | W12: =IF($B12="","",IF(IF(INDEX(GLAPS컨테이너배차관리!$DI:$DI,$B12)="","",INDEX(GLAPS컨테이너배차관리!$DI:$DI,$B12))<>"",IF(INDEX(GLAPS컨테이너배차관리!$DI:$DI,$B12)="","",INDEX(GLAPS컨테이너배차관리!$DI:$DI,$B12)),IF(IF(INDEX(GLAPS컨테이너배차관리!$DJ:$DJ,$B12)="","",INDEX(GLAPS컨테이너배차관리!$DJ:$DJ,$B12))<>"",IF(INDEX(GLAPS컨테이너배차관리!$DJ:$DJ,$B12)="","",INDEX(GLAPS컨테이너배차관리!$DJ:$DJ,$B12)),IF(IF(INDEX(GLAPS컨테이너배차관리!$DK:$DK,$B12)="","",INDEX(GLAPS컨테이너배차관리!$DK:$DK,$B12))<>"",IF(INDEX(GLAPS컨테이너배차관리!$DK:$DK,$B12)="","",INDEX(GLAPS컨테이너배차관리!$DK:$DK,$B12)),IF(IF(INDEX(GLAPS컨테이너배차관리!$DL:$DL,$B12)="","",INDEX(GLAPS컨테이너배차관리!$DL:$DL,$B12))<>"",IF(INDEX(GLAPS컨테이너배차관리!$DL:$DL,$B12)="","",INDEX(GLAPS컨테이너배차관리!$DL:$DL,$B12)),IF(IF(INDEX(GLAPS컨테이너배차관리!$DM:$DM,$B12)="","",INDEX(GLAPS컨테이너배차관리!$DM:$DM,$B12))<>"",IF(INDEX(GLAPS컨테이너배차관리!$DM:$DM,$B12)="","",INDEX(GLAPS컨테이너배차관리!$DM:$DM,$B12)),"")))))) | X12: =IF($B12="","",IF(INDEX(GLAPS컨테이너배차관리!$F:$F,$B12)="","",INDEX(GLAPS컨테이너배차관리!$F:$F,$B12))) | Y12: =IF($B12="","",IF(IF(INDEX(GLAPS컨테이너배차관리!$M:$M,$B12)="","",INDEX(GLAPS컨테이너배차관리!$M:$M,$B12))<>"",IF(INDEX(GLAPS컨테이너배차관리!$M:$M,$B12)="","",INDEX(GLAPS컨테이너배차관리!$M:$M,$B12)),IF(IF(INDEX(GLAPS컨테이너배차관리!$N:$N,$B12)="","",INDEX(GLAPS컨테이너배차관리!$N:$N,$B12))<>"",IF(INDEX(GLAPS컨테이너배차관리!$N:$N,$B12)="","",INDEX(GLAPS컨테이너배차관리!$N:$N,$B12)),""))) | Z12: =IF($B12="","",IF(IF(INDEX(GLAPS컨테이너배차관리!$CU:$CU,$B12)="","",INDEX(GLAPS컨테이너배차관리!$CU:$CU,$B12))="","",IFERROR(INT(IF(INDEX(GLAPS컨테이너배차관리!$CU:$CU,$B12)="","",INDEX(GLAPS컨테이너배차관리!$CU:$CU,$B12))),""))) | AA12: =IF($B12="","",IF(AND(IF(INDEX(GLAPS컨테이너배차관리!$CL:$CL,$B12)="","",INDEX(GLAPS컨테이너배차관리!$CL:$CL,$B12))="",IF(INDEX(GLAPS컨테이너배차관리!$CM:$CM,$B12)="","",INDEX(GLAPS컨테이너배차관리!$CM:$CM,$B12))=""),"",IF(OR(IF(INDEX(GLAPS컨테이너배차관리!$CL:$CL,$B12)="","",INDEX(GLAPS컨테이너배차관리!$CL:$CL,$B12))="B000016649",ISNUMBER(SEARCH("B015",IF(INDEX(GLAPS컨테이너배차관리!$CM:$CM,$B12)="","",INDEX(GLAPS컨테이너배차관리!$CM:$CM,$B12)))),ISNUMBER(SEARCH("세방",IF(INDEX(GLAPS컨테이너배차관리!$CM:$CM,$B12)="","",INDEX(GLAPS컨테이너배차관리!$CM:$CM,$B12)))),ISNUMBER(SEARCH("SB",IF(INDEX(GLAPS컨테이너배차관리!$CM:$CM,$B12)="","",INDEX(GLAPS컨테이너배차관리!$CM:$CM,$B12))))),"세방",""))) | AB12: =IF($B12="","",IF(IF(INDEX(GLAPS컨테이너배차관리!$CM:$CM,$B12)="","",INDEX(GLAPS컨테이너배차관리!$CM:$CM,$B12))="","",IF(ISNUMBER(SEARCH("이지스두동",IF(INDEX(GLAPS컨테이너배차관리!$CM:$CM,$B12)="","",INDEX(GLAPS컨테이너배차관리!$CM:$CM,$B12)))),"이지스두동",IF(ISNUMBER(SEARCH("이지스녹산",IF(INDEX(GLAPS컨테이너배차관리!$CM:$CM,$B12)="","",INDEX(GLAPS컨테이너배차관리!$CM:$CM,$B12)))),"이지스녹산",IF(ISNUMBER(SEARCH("천우",IF(INDEX(GLAPS컨테이너배차관리!$CM:$CM,$B12)="","",INDEX(GLAPS컨테이너배차관리!$CM:$CM,$B12)))),"천우",IF(OR(ISNUMBER(SEARCH("청암",IF(INDEX(GLAPS컨테이너배차관리!$CM:$CM,$B12)="","",INDEX(GLAPS컨테이너배차관리!$CM:$CM,$B12)))),ISNUMBER(SEARCH("SB청암",IF(INDEX(GLAPS컨테이너배차관리!$CM:$CM,$B12)="","",INDEX(GLAPS컨테이너배차관리!$CM:$CM,$B12))))),"청암신항",IF(INDEX(GLAPS컨테이너배차관리!$CM:$CM,$B12)="","",INDEX(GLAPS컨테이너배차관리!$CM:$CM,$B12))))))))
A13: 12 | B13: =IFERROR(_xlfn.AGGREGATE(15,6,ROW(GLAPS컨테이너배차관리!$X$2:$X$20000)/(GLAPS컨테이너배차관리!$X$2:$X$20000<>""),A13),"") | C13: =IF($B13="","",INT(IF(INDEX(GLAPS컨테이너배차관리!$K:$K,$B13)="","",INDEX(GLAPS컨테이너배차관리!$K:$K,$B13)))) | D13: =IF($B13="","",IF(ISNUMBER(SEARCH("이엘에스",IF(INDEX(GLAPS컨테이너배차관리!$AZ:$AZ,$B13)="","",INDEX(GLAPS컨테이너배차관리!$AZ:$AZ,$B13)))),"ELS솔루션",IF(INDEX(GLAPS컨테이너배차관리!$AZ:$AZ,$B13)="","",INDEX(GLAPS컨테이너배차관리!$AZ:$AZ,$B13)))) | E13: =IF($B13="","",IF(INDEX(GLAPS컨테이너배차관리!$L:$L,$B13)="","",INDEX(GLAPS컨테이너배차관리!$L:$L,$B13))) | F13: =IF($B13="","",IF(HOUR(IF(INDEX(GLAPS컨테이너배차관리!$L:$L,$B13)="","",INDEX(GLAPS컨테이너배차관리!$L:$L,$B13)))<12,"오전",IF(HOUR(IF(INDEX(GLAPS컨테이너배차관리!$L:$L,$B13)="","",INDEX(GLAPS컨테이너배차관리!$L:$L,$B13)))<18,"오후","잔업"))) | G13: =IF($B13="","",IFERROR(INDEX(GLAPS정리!$G$3:$G$264,MATCH(IF(INDEX(GLAPS컨테이너배차관리!$BY:$BY,$B13)="","",INDEX(GLAPS컨테이너배차관리!$BY:$BY,$B13)),GLAPS정리!$H$3:$H$264,0)),TRIM(SUBSTITUTE(SUBSTITUTE(SUBSTITUTE(SUBSTITUTE(SUBSTITUTE(IF(INDEX(GLAPS컨테이너배차관리!$T:$T,$B13)="","",INDEX(GLAPS컨테이너배차관리!$T:$T,$B13)),"[GA]",""),"[GB]",""),"[GC]",""),"[KC]",""),"[GS]","")))) | H13: =IF($B13="","",IFERROR(VLOOKUP(IF(INDEX(GLAPS컨테이너배차관리!$BY:$BY,$B13)="","",INDEX(GLAPS컨테이너배차관리!$BY:$BY,$B13)),GLAPS정리!$BT$3:$BV$200,3,0),"")) | I13: =IF($B13="","",LEFT(IF(INDEX(GLAPS컨테이너배차관리!$U:$U,$B13)="","",INDEX(GLAPS컨테이너배차관리!$U:$U,$B13)),FIND("/",IF(INDEX(GLAPS컨테이너배차관리!$U:$U,$B13)="","",INDEX(GLAPS컨테이너배차관리!$U:$U,$B13))&"/")-1)) | J13: =IF($B13="","",IF(IF(INDEX(GLAPS컨테이너배차관리!$O:$O,$B13)="","",INDEX(GLAPS컨테이너배차관리!$O:$O,$B13))="EMC","EMA",IFERROR(INDEX(GLAPS정리!$A$2:$A$50,MATCH(IF(INDEX(GLAPS컨테이너배차관리!$O:$O,$B13)="","",INDEX(GLAPS컨테이너배차관리!$O:$O,$B13)),GLAPS정리!$D$2:$D$50,0)),IF(INDEX(GLAPS컨테이너배차관리!$O:$O,$B13)="","",INDEX(GLAPS컨테이너배차관리!$O:$O,$B13))))) | K13: =IF($B13="","",IF(LEFT(IF(INDEX(GLAPS컨테이너배차관리!$Y:$Y,$B13)="","",INDEX(GLAPS컨테이너배차관리!$Y:$Y,$B13)),2)="22","20 Feet",IF(LEFT(IF(INDEX(GLAPS컨테이너배차관리!$Y:$Y,$B13)="","",INDEX(GLAPS컨테이너배차관리!$Y:$Y,$B13)),2)="42","40 Feet","40 Feet H"))) | L13: =IF($B13="","",IFERROR(INDEX(GLAPS정리!$BB$2:$BB$80,MATCH(IF(INDEX(GLAPS컨테이너배차관리!$BQ:$BQ,$B13)="","",INDEX(GLAPS컨테이너배차관리!$BQ:$BQ,$B13)),GLAPS정리!$BC$2:$BC$80,0)),IF(INDEX(GLAPS컨테이너배차관리!$BQ:$BQ,$B13)="","",INDEX(GLAPS컨테이너배차관리!$BQ:$BQ,$B13)))) | M13: =IF($B13="","",IFERROR(INDEX(GLAPS정리!$V$3:$V$180,MATCH(IF(INDEX(GLAPS컨테이너배차관리!$S:$S,$B13)="","",INDEX(GLAPS컨테이너배차관리!$S:$S,$B13)),GLAPS정리!$W$3:$W$180,0)),IF(INDEX(GLAPS컨테이너배차관리!$S:$S,$B13)="","",INDEX(GLAPS컨테이너배차관리!$S:$S,$B13)))) | N13: =IF($B13="","",IF(IF(INDEX(GLAPS컨테이너배차관리!$DF:$DF,$B13)="","",INDEX(GLAPS컨테이너배차관리!$DF:$DF,$B13))<>"",IF(INDEX(GLAPS컨테이너배차관리!$DF:$DF,$B13)="","",INDEX(GLAPS컨테이너배차관리!$DF:$DF,$B13)),IF(IF(INDEX(GLAPS컨테이너배차관리!$DG:$DG,$B13)="","",INDEX(GLAPS컨테이너배차관리!$DG:$DG,$B13))<>"",IF(INDEX(GLAPS컨테이너배차관리!$DG:$DG,$B13)="","",INDEX(GLAPS컨테이너배차관리!$DG:$DG,$B13)),""))) | O13: =IF($B13="","",IF(INDEX(GLAPS컨테이너배차관리!$AB:$AB,$B13)="","",INDEX(GLAPS컨테이너배차관리!$AB:$AB,$B13))) | P13: =IF($B13="","",IF(IF(INDEX(GLAPS컨테이너배차관리!$CP:$CP,$B13)="","",INDEX(GLAPS컨테이너배차관리!$CP:$CP,$B13))="","",IFERROR(INDEX(GLAPS정리!$BH$2:$BH$101,MATCH(IF(INDEX(GLAPS컨테이너배차관리!$CP:$CP,$B13)="","",INDEX(GLAPS컨테이너배차관리!$CP:$CP,$B13)),GLAPS정리!$BI$2:$BI$101,0)),IF(INDEX(GLAPS컨테이너배차관리!$CP:$CP,$B13)="","",INDEX(GLAPS컨테이너배차관리!$CP:$CP,$B13))))) | Q13: =IF($B13="","",IF(AND(IF(INDEX(GLAPS컨테이너배차관리!$AK:$AK,$B13)="","",INDEX(GLAPS컨테이너배차관리!$AK:$AK,$B13))="Y",IF(INDEX(GLAPS컨테이너배차관리!$AI:$AI,$B13)="","",INDEX(GLAPS컨테이너배차관리!$AI:$AI,$B13))="Y"),"위험물리퍼",IF(IF(INDEX(GLAPS컨테이너배차관리!$AK:$AK,$B13)="","",INDEX(GLAPS컨테이너배차관리!$AK:$AK,$B13))="Y","위험물",IF(IF(INDEX(GLAPS컨테이너배차관리!$AI:$AI,$B13)="","",INDEX(GLAPS컨테이너배차관리!$AI:$AI,$B13))="Y","리퍼","")))) | R13: =IF($B13="","",IF(LEFT(IF(INDEX(GLAPS컨테이너배차관리!$Y:$Y,$B13)="","",INDEX(GLAPS컨테이너배차관리!$Y:$Y,$B13)),2)="22",1,"")) | S13: =IF($B13="","",IF(LEFT(IF(INDEX(GLAPS컨테이너배차관리!$Y:$Y,$B13)="","",INDEX(GLAPS컨테이너배차관리!$Y:$Y,$B13)),2)="42",1,"")) | T13: =IF($B13="","",IF(LEFT(IF(INDEX(GLAPS컨테이너배차관리!$Y:$Y,$B13)="","",INDEX(GLAPS컨테이너배차관리!$Y:$Y,$B13)),2)="45",1,"")) | U13: =IF($B13="","",IF(INDEX(GLAPS컨테이너배차관리!$X:$X,$B13)="","",INDEX(GLAPS컨테이너배차관리!$X:$X,$B13))) | V13: =IF($B13="","",IF(INDEX(GLAPS컨테이너배차관리!$Z:$Z,$B13)="","",INDEX(GLAPS컨테이너배차관리!$Z:$Z,$B13))) | W13: =IF($B13="","",IF(IF(INDEX(GLAPS컨테이너배차관리!$DI:$DI,$B13)="","",INDEX(GLAPS컨테이너배차관리!$DI:$DI,$B13))<>"",IF(INDEX(GLAPS컨테이너배차관리!$DI:$DI,$B13)="","",INDEX(GLAPS컨테이너배차관리!$DI:$DI,$B13)),IF(IF(INDEX(GLAPS컨테이너배차관리!$DJ:$DJ,$B13)="","",INDEX(GLAPS컨테이너배차관리!$DJ:$DJ,$B13))<>"",IF(INDEX(GLAPS컨테이너배차관리!$DJ:$DJ,$B13)="","",INDEX(GLAPS컨테이너배차관리!$DJ:$DJ,$B13)),IF(IF(INDEX(GLAPS컨테이너배차관리!$DK:$DK,$B13)="","",INDEX(GLAPS컨테이너배차관리!$DK:$DK,$B13))<>"",IF(INDEX(GLAPS컨테이너배차관리!$DK:$DK,$B13)="","",INDEX(GLAPS컨테이너배차관리!$DK:$DK,$B13)),IF(IF(INDEX(GLAPS컨테이너배차관리!$DL:$DL,$B13)="","",INDEX(GLAPS컨테이너배차관리!$DL:$DL,$B13))<>"",IF(INDEX(GLAPS컨테이너배차관리!$DL:$DL,$B13)="","",INDEX(GLAPS컨테이너배차관리!$DL:$DL,$B13)),IF(IF(INDEX(GLAPS컨테이너배차관리!$DM:$DM,$B13)="","",INDEX(GLAPS컨테이너배차관리!$DM:$DM,$B13))<>"",IF(INDEX(GLAPS컨테이너배차관리!$DM:$DM,$B13)="","",INDEX(GLAPS컨테이너배차관리!$DM:$DM,$B13)),"")))))) | X13: =IF($B13="","",IF(INDEX(GLAPS컨테이너배차관리!$F:$F,$B13)="","",INDEX(GLAPS컨테이너배차관리!$F:$F,$B13))) | Y13: =IF($B13="","",IF(IF(INDEX(GLAPS컨테이너배차관리!$M:$M,$B13)="","",INDEX(GLAPS컨테이너배차관리!$M:$M,$B13))<>"",IF(INDEX(GLAPS컨테이너배차관리!$M:$M,$B13)="","",INDEX(GLAPS컨테이너배차관리!$M:$M,$B13)),IF(IF(INDEX(GLAPS컨테이너배차관리!$N:$N,$B13)="","",INDEX(GLAPS컨테이너배차관리!$N:$N,$B13))<>"",IF(INDEX(GLAPS컨테이너배차관리!$N:$N,$B13)="","",INDEX(GLAPS컨테이너배차관리!$N:$N,$B13)),""))) | Z13: =IF($B13="","",IF(IF(INDEX(GLAPS컨테이너배차관리!$CU:$CU,$B13)="","",INDEX(GLAPS컨테이너배차관리!$CU:$CU,$B13))="","",IFERROR(INT(IF(INDEX(GLAPS컨테이너배차관리!$CU:$CU,$B13)="","",INDEX(GLAPS컨테이너배차관리!$CU:$CU,$B13))),""))) | AA13: =IF($B13="","",IF(AND(IF(INDEX(GLAPS컨테이너배차관리!$CL:$CL,$B13)="","",INDEX(GLAPS컨테이너배차관리!$CL:$CL,$B13))="",IF(INDEX(GLAPS컨테이너배차관리!$CM:$CM,$B13)="","",INDEX(GLAPS컨테이너배차관리!$CM:$CM,$B13))=""),"",IF(OR(IF(INDEX(GLAPS컨테이너배차관리!$CL:$CL,$B13)="","",INDEX(GLAPS컨테이너배차관리!$CL:$CL,$B13))="B000016649",ISNUMBER(SEARCH("B015",IF(INDEX(GLAPS컨테이너배차관리!$CM:$CM,$B13)="","",INDEX(GLAPS컨테이너배차관리!$CM:$CM,$B13)))),ISNUMBER(SEARCH("세방",IF(INDEX(GLAPS컨테이너배차관리!$CM:$CM,$B13)="","",INDEX(GLAPS컨테이너배차관리!$CM:$CM,$B13)))),ISNUMBER(SEARCH("SB",IF(INDEX(GLAPS컨테이너배차관리!$CM:$CM,$B13)="","",INDEX(GLAPS컨테이너배차관리!$CM:$CM,$B13))))),"세방",""))) | AB13: =IF($B13="","",IF(IF(INDEX(GLAPS컨테이너배차관리!$CM:$CM,$B13)="","",INDEX(GLAPS컨테이너배차관리!$CM:$CM,$B13))="","",IF(ISNUMBER(SEARCH("이지스두동",IF(INDEX(GLAPS컨테이너배차관리!$CM:$CM,$B13)="","",INDEX(GLAPS컨테이너배차관리!$CM:$CM,$B13)))),"이지스두동",IF(ISNUMBER(SEARCH("이지스녹산",IF(INDEX(GLAPS컨테이너배차관리!$CM:$CM,$B13)="","",INDEX(GLAPS컨테이너배차관리!$CM:$CM,$B13)))),"이지스녹산",IF(ISNUMBER(SEARCH("천우",IF(INDEX(GLAPS컨테이너배차관리!$CM:$CM,$B13)="","",INDEX(GLAPS컨테이너배차관리!$CM:$CM,$B13)))),"천우",IF(OR(ISNUMBER(SEARCH("청암",IF(INDEX(GLAPS컨테이너배차관리!$CM:$CM,$B13)="","",INDEX(GLAPS컨테이너배차관리!$CM:$CM,$B13)))),ISNUMBER(SEARCH("SB청암",IF(INDEX(GLAPS컨테이너배차관리!$CM:$CM,$B13)="","",INDEX(GLAPS컨테이너배차관리!$CM:$CM,$B13))))),"청암신항",IF(INDEX(GLAPS컨테이너배차관리!$CM:$CM,$B13)="","",INDEX(GLAPS컨테이너배차관리!$CM:$CM,$B13))))))))
... A201: 200 | B201: =IFERROR(_xlfn.AGGREGATE(15,6,ROW(GLAPS컨테이너배차관리!$X$2:$X$20000)/(GLAPS컨테이너배차관리!$X$2:$X$20000<>""),A201),"") | C201: =IF($B201="","",INT(IF(INDEX(GLAPS컨테이너배차관리!$K:$K,$B201)="","",INDEX(GLAPS컨테이너배차관리!$K:$K,$B201)))) | D201: =IF($B201="","",IF(ISNUMBER(SEARCH("이엘에스",IF(INDEX(GLAPS컨테이너배차관리!$AZ:$AZ,$B201)="","",INDEX(GLAPS컨테이너배차관리!$AZ:$AZ,$B201)))),"ELS솔루션",IF(INDEX(GLAPS컨테이너배차관리!$AZ:$AZ,$B201)="","",INDEX(GLAPS컨테이너배차관리!$AZ:$AZ,$B201)))) | E201: =IF($B201="","",IF(INDEX(GLAPS컨테이너배차관리!$L:$L,$B201)="","",INDEX(GLAPS컨테이너배차관리!$L:$L,$B201))) | F201: =IF($B201="","",IF(HOUR(IF(INDEX(GLAPS컨테이너배차관리!$L:$L,$B201)="","",INDEX(GLAPS컨테이너배차관리!$L:$L,$B201)))<12,"오전",IF(HOUR(IF(INDEX(GLAPS컨테이너배차관리!$L:$L,$B201)="","",INDEX(GLAPS컨테이너배차관리!$L:$L,$B201)))<18,"오후","잔업"))) | G201: =IF($B201="","",IFERROR(INDEX(GLAPS정리!$G$3:$G$264,MATCH(IF(INDEX(GLAPS컨테이너배차관리!$BY:$BY,$B201)="","",INDEX(GLAPS컨테이너배차관리!$BY:$BY,$B201)),GLAPS정리!$H$3:$H$264,0)),TRIM(SUBSTITUTE(SUBSTITUTE(SUBSTITUTE(SUBSTITUTE(SUBSTITUTE(IF(INDEX(GLAPS컨테이너배차관리!$T:$T,$B201)="","",INDEX(GLAPS컨테이너배차관리!$T:$T,$B201)),"[GA]",""),"[GB]",""),"[GC]",""),"[KC]",""),"[GS]","")))) | H201: =IF($B201="","",IFERROR(VLOOKUP(IF(INDEX(GLAPS컨테이너배차관리!$BY:$BY,$B201)="","",INDEX(GLAPS컨테이너배차관리!$BY:$BY,$B201)),GLAPS정리!$BT$3:$BV$200,3,0),"")) | I201: =IF($B201="","",LEFT(IF(INDEX(GLAPS컨테이너배차관리!$U:$U,$B201)="","",INDEX(GLAPS컨테이너배차관리!$U:$U,$B201)),FIND("/",IF(INDEX(GLAPS컨테이너배차관리!$U:$U,$B201)="","",INDEX(GLAPS컨테이너배차관리!$U:$U,$B201))&"/")-1)) | J201: =IF($B201="","",IF(IF(INDEX(GLAPS컨테이너배차관리!$O:$O,$B201)="","",INDEX(GLAPS컨테이너배차관리!$O:$O,$B201))="EMC","EMA",IFERROR(INDEX(GLAPS정리!$A$2:$A$50,MATCH(IF(INDEX(GLAPS컨테이너배차관리!$O:$O,$B201)="","",INDEX(GLAPS컨테이너배차관리!$O:$O,$B201)),GLAPS정리!$D$2:$D$50,0)),IF(INDEX(GLAPS컨테이너배차관리!$O:$O,$B201)="","",INDEX(GLAPS컨테이너배차관리!$O:$O,$B201))))) | K201: =IF($B201="","",IF(LEFT(IF(INDEX(GLAPS컨테이너배차관리!$Y:$Y,$B201)="","",INDEX(GLAPS컨테이너배차관리!$Y:$Y,$B201)),2)="22","20 Feet",IF(LEFT(IF(INDEX(GLAPS컨테이너배차관리!$Y:$Y,$B201)="","",INDEX(GLAPS컨테이너배차관리!$Y:$Y,$B201)),2)="42","40 Feet","40 Feet H"))) | L201: =IF($B201="","",IFERROR(INDEX(GLAPS정리!$BB$2:$BB$80,MATCH(IF(INDEX(GLAPS컨테이너배차관리!$BQ:$BQ,$B201)="","",INDEX(GLAPS컨테이너배차관리!$BQ:$BQ,$B201)),GLAPS정리!$BC$2:$BC$80,0)),IF(INDEX(GLAPS컨테이너배차관리!$BQ:$BQ,$B201)="","",INDEX(GLAPS컨테이너배차관리!$BQ:$BQ,$B201)))) | M201: =IF($B201="","",IFERROR(INDEX(GLAPS정리!$V$3:$V$180,MATCH(IF(INDEX(GLAPS컨테이너배차관리!$S:$S,$B201)="","",INDEX(GLAPS컨테이너배차관리!$S:$S,$B201)),GLAPS정리!$W$3:$W$180,0)),IF(INDEX(GLAPS컨테이너배차관리!$S:$S,$B201)="","",INDEX(GLAPS컨테이너배차관리!$S:$S,$B201)))) | N201: =IF($B201="","",IF(IF(INDEX(GLAPS컨테이너배차관리!$DF:$DF,$B201)="","",INDEX(GLAPS컨테이너배차관리!$DF:$DF,$B201))<>"",IF(INDEX(GLAPS컨테이너배차관리!$DF:$DF,$B201)="","",INDEX(GLAPS컨테이너배차관리!$DF:$DF,$B201)),IF(IF(INDEX(GLAPS컨테이너배차관리!$DG:$DG,$B201)="","",INDEX(GLAPS컨테이너배차관리!$DG:$DG,$B201))<>"",IF(INDEX(GLAPS컨테이너배차관리!$DG:$DG,$B201)="","",INDEX(GLAPS컨테이너배차관리!$DG:$DG,$B201)),""))) | O201: =IF($B201="","",IF(INDEX(GLAPS컨테이너배차관리!$AB:$AB,$B201)="","",INDEX(GLAPS컨테이너배차관리!$AB:$AB,$B201))) | P201: =IF($B201="","",IF(IF(INDEX(GLAPS컨테이너배차관리!$CP:$CP,$B201)="","",INDEX(GLAPS컨테이너배차관리!$CP:$CP,$B201))="","",IFERROR(INDEX(GLAPS정리!$BH$2:$BH$101,MATCH(IF(INDEX(GLAPS컨테이너배차관리!$CP:$CP,$B201)="","",INDEX(GLAPS컨테이너배차관리!$CP:$CP,$B201)),GLAPS정리!$BI$2:$BI$101,0)),IF(INDEX(GLAPS컨테이너배차관리!$CP:$CP,$B201)="","",INDEX(GLAPS컨테이너배차관리!$CP:$CP,$B201))))) | Q201: =IF($B201="","",IF(AND(IF(INDEX(GLAPS컨테이너배차관리!$AK:$AK,$B201)="","",INDEX(GLAPS컨테이너배차관리!$AK:$AK,$B201))="Y",IF(INDEX(GLAPS컨테이너배차관리!$AI:$AI,$B201)="","",INDEX(GLAPS컨테이너배차관리!$AI:$AI,$B201))="Y"),"위험물리퍼",IF(IF(INDEX(GLAPS컨테이너배차관리!$AK:$AK,$B201)="","",INDEX(GLAPS컨테이너배차관리!$AK:$AK,$B201))="Y","위험물",IF(IF(INDEX(GLAPS컨테이너배차관리!$AI:$AI,$B201)="","",INDEX(GLAPS컨테이너배차관리!$AI:$AI,$B201))="Y","리퍼","")))) | R201: =IF($B201="","",IF(LEFT(IF(INDEX(GLAPS컨테이너배차관리!$Y:$Y,$B201)="","",INDEX(GLAPS컨테이너배차관리!$Y:$Y,$B201)),2)="22",1,"")) | S201: =IF($B201="","",IF(LEFT(IF(INDEX(GLAPS컨테이너배차관리!$Y:$Y,$B201)="","",INDEX(GLAPS컨테이너배차관리!$Y:$Y,$B201)),2)="42",1,"")) | T201: =IF($B201="","",IF(LEFT(IF(INDEX(GLAPS컨테이너배차관리!$Y:$Y,$B201)="","",INDEX(GLAPS컨테이너배차관리!$Y:$Y,$B201)),2)="45",1,"")) | U201: =IF($B201="","",IF(INDEX(GLAPS컨테이너배차관리!$X:$X,$B201)="","",INDEX(GLAPS컨테이너배차관리!$X:$X,$B201))) | V201: =IF($B201="","",IF(INDEX(GLAPS컨테이너배차관리!$Z:$Z,$B201)="","",INDEX(GLAPS컨테이너배차관리!$Z:$Z,$B201))) | W201: =IF($B201="","",IF(IF(INDEX(GLAPS컨테이너배차관리!$DI:$DI,$B201)="","",INDEX(GLAPS컨테이너배차관리!$DI:$DI,$B201))<>"",IF(INDEX(GLAPS컨테이너배차관리!$DI:$DI,$B201)="","",INDEX(GLAPS컨테이너배차관리!$DI:$DI,$B201)),IF(IF(INDEX(GLAPS컨테이너배차관리!$DJ:$DJ,$B201)="","",INDEX(GLAPS컨테이너배차관리!$DJ:$DJ,$B201))<>"",IF(INDEX(GLAPS컨테이너배차관리!$DJ:$DJ,$B201)="","",INDEX(GLAPS컨테이너배차관리!$DJ:$DJ,$B201)),IF(IF(INDEX(GLAPS컨테이너배차관리!$DK:$DK,$B201)="","",INDEX(GLAPS컨테이너배차관리!$DK:$DK,$B201))<>"",IF(INDEX(GLAPS컨테이너배차관리!$DK:$DK,$B201)="","",INDEX(GLAPS컨테이너배차관리!$DK:$DK,$B201)),IF(IF(INDEX(GLAPS컨테이너배차관리!$DL:$DL,$B201)="","",INDEX(GLAPS컨테이너배차관리!$DL:$DL,$B201))<>"",IF(INDEX(GLAPS컨테이너배차관리!$DL:$DL,$B201)="","",INDEX(GLAPS컨테이너배차관리!$DL:$DL,$B201)),IF(IF(INDEX(GLAPS컨테이너배차관리!$DM:$DM,$B201)="","",INDEX(GLAPS컨테이너배차관리!$DM:$DM,$B201))<>"",IF(INDEX(GLAPS컨테이너배차관리!$DM:$DM,$B201)="","",INDEX(GLAPS컨테이너배차관리!$DM:$DM,$B201)),"")))))) | X201: =IF($B201="","",IF(INDEX(GLAPS컨테이너배차관리!$F:$F,$B201)="","",INDEX(GLAPS컨테이너배차관리!$F:$F,$B201))) | Y201: =IF($B201="","",IF(IF(INDEX(GLAPS컨테이너배차관리!$M:$M,$B201)="","",INDEX(GLAPS컨테이너배차관리!$M:$M,$B201))<>"",IF(INDEX(GLAPS컨테이너배차관리!$M:$M,$B201)="","",INDEX(GLAPS컨테이너배차관리!$M:$M,$B201)),IF(IF(INDEX(GLAPS컨테이너배차관리!$N:$N,$B201)="","",INDEX(GLAPS컨테이너배차관리!$N:$N,$B201))<>"",IF(INDEX(GLAPS컨테이너배차관리!$N:$N,$B201)="","",INDEX(GLAPS컨테이너배차관리!$N:$N,$B201)),""))) | Z201: =IF($B201="","",IF(IF(INDEX(GLAPS컨테이너배차관리!$CU:$CU,$B201)="","",INDEX(GLAPS컨테이너배차관리!$CU:$CU,$B201))="","",IFERROR(INT(IF(INDEX(GLAPS컨테이너배차관리!$CU:$CU,$B201)="","",INDEX(GLAPS컨테이너배차관리!$CU:$CU,$B201))),""))) | AA201: =IF($B201="","",IF(AND(IF(INDEX(GLAPS컨테이너배차관리!$CL:$CL,$B201)="","",INDEX(GLAPS컨테이너배차관리!$CL:$CL,$B201))="",IF(INDEX(GLAPS컨테이너배차관리!$CM:$CM,$B201)="","",INDEX(GLAPS컨테이너배차관리!$CM:$CM,$B201))=""),"",IF(OR(IF(INDEX(GLAPS컨테이너배차관리!$CL:$CL,$B201)="","",INDEX(GLAPS컨테이너배차관리!$CL:$CL,$B201))="B000016649",ISNUMBER(SEARCH("B015",IF(INDEX(GLAPS컨테이너배차관리!$CM:$CM,$B201)="","",INDEX(GLAPS컨테이너배차관리!$CM:$CM,$B201)))),ISNUMBER(SEARCH("세방",IF(INDEX(GLAPS컨테이너배차관리!$CM:$CM,$B201)="","",INDEX(GLAPS컨테이너배차관리!$CM:$CM,$B201)))),ISNUMBER(SEARCH("SB",IF(INDEX(GLAPS컨테이너배차관리!$CM:$CM,$B201)="","",INDEX(GLAPS컨테이너배차관리!$CM:$CM,$B201))))),"세방",""))) | AB201: =IF($B201="","",IF(IF(INDEX(GLAPS컨테이너배차관리!$CM:$CM,$B201)="","",INDEX(GLAPS컨테이너배차관리!$CM:$CM,$B201))="","",IF(ISNUMBER(SEARCH("이지스두동",IF(INDEX(GLAPS컨테이너배차관리!$CM:$CM,$B201)="","",INDEX(GLAPS컨테이너배차관리!$CM:$CM,$B201)))),"이지스두동",IF(ISNUMBER(SEARCH("이지스녹산",IF(INDEX(GLAPS컨테이너배차관리!$CM:$CM,$B201)="","",INDEX(GLAPS컨테이너배차관리!$CM:$CM,$B201)))),"이지스녹산",IF(ISNUMBER(SEARCH("천우",IF(INDEX(GLAPS컨테이너배차관리!$CM:$CM,$B201)="","",INDEX(GLAPS컨테이너배차관리!$CM:$CM,$B201)))),"천우",IF(OR(ISNUMBER(SEARCH("청암",IF(INDEX(GLAPS컨테이너배차관리!$CM:$CM,$B201)="","",INDEX(GLAPS컨테이너배차관리!$CM:$CM,$B201)))),ISNUMBER(SEARCH("SB청암",IF(INDEX(GLAPS컨테이너배차관리!$CM:$CM,$B201)="","",INDEX(GLAPS컨테이너배차관리!$CM:$CM,$B201))))),"청암신항",IF(INDEX(GLAPS컨테이너배차관리!$CM:$CM,$B201)="","",INDEX(GLAPS컨테이너배차관리!$CM:$CM,$B201))))))))

Sheet GLAPS정리
A1: GLPAS선사 (해당 코드만 사용!!) I/F | B1: CKD선사(메일오더) | C1: CKD선사(시스템) | D1: GLPAS선사(해당 코드만 사용!!) I/F | E1: GLOVE 선사코드 | G1: CKD | L1: CKD /KIA | S1: 국가 | U1: POD코드 | V1: KD용~ | AC1: 1.터미널 코드 | AJ1: LOCATION | AK1: DESCRIPTION | AL1: 구분 | AM1: KD보낼값 | AO1: 지역 | AP1: 코드 | AQ1: 이름 | AR1: 상세주소 | AS1: 배후단지 | AU1: 화주 | AV1: 코드 | AX1: 운송사 | AY1: CODE | AZ1: BP | BB1: 오더(KD기준) | BC1: GLAPS | BG1: GLAPS 코드 | BH1: 엑셀 입력값 | BI1: GLAPS 코드 | BJ1: DESCRIPTION | BK1: LOCATION | BL1: GLAPS 포트 | BM1: 구분 | BN1: KD보낼값 | BO1: 비고 | BP1: 임시 시행업체 | BR1: 권역 | BS1: 포장협력사 | BT1: GLOVE 코드 | BU1: CKD시스템 코드 | BV1: CKD시스템
A2: KMD | B2: KMTC | C2: [KM] KMTC | D2: KMD | E2: S106 | G2: 포장장 | H2: CODE | I2: 주소 | J2: 비고 | L2: CONSIGNEE | M2: CODE | N2: TEAM | O2: 지역 | S2: DUBAI | T2: 두바이 | U2: AEDXB | V2: 국가 | W2: POD코드 | AC2: 지역 | AD2: 터미널명칭 | AE2: Location CODE | AF2: Location Description | AG2: 특이사항 | AJ2: 03002007 | AK2: 부산세관 신항지정장치장 | AL2: KRBNP_ZONE | AM2: [KRBNP]BUSAN(NEW) | AO2: 신항 | AP2: B015_SBSWH | AQ2: SB송정CY | AR2: 부산 강서구 송정동 870-5, 송정W/H | AS2: 녹산 | AU2: 현대글로비스 | AV2: KR10 | AX2: 천일 | AY2: B050 | AZ2: B000029339 | BB2: BUSAN | BC2: KRBNX | BD2: 부산북항 | BG2: 로케이션 | BH2: KCTDC(신) | BI2: KCTDC | BJ2: 부산세관 신항지정장치장 | BK2: 03002007 | BL2: KRBNP | BM2: KRBNP_ZONE | BN2: [KRBNP]BUSAN(NEW) | BV2: 실출하지 코드
A3: EMA | B3: EVERGREEN | C3: [EG] EVERGREEN | D3: EMA | E3: S258 | G3: 아산 1포장장 | H3: H000_GA | I3: 충남 아산시 인주면 인주산단로 75-60 | J3: 아산1센터 | L3: KASK | M3: SK02 | N3: 100760 | O3: 유럽 | P3: 기아 슬로바키아 | S3: JEBEL ALI | T3: 재밸알리 | U3: AEJEA | V3: 싱가폴 | W3: SGSIN | AC3: 부산 신항 | AD3: 다목적 | AE3: 03077003 | AF3: 부산신항다목적터미날(주) | AG3: 다목적 | AJ3: 03077003 | AK3: 부산신항다목적터미날(주) | AL3: KRBNP_ZONE | AM3: [KRBNP]BUSAN(NEW) | AP3: B015_SBIGS | AQ3: 이지스녹산 | AR3: 부산시 강서구 녹산산업북로 119 이지스녹산 | AS3: 녹산 | AU3: 현대자동차 | AX3: 광미로지스 | AY3: G002 | AZ3: B000007246 | BB3: BUSAN(NEW) | BC3: KRBNP | BD3: 부산신항 | BG3: 로케이션 | BH3: 다목적(신) | BI3: PNDKC | BJ3: 부산신항다목적터미날(주) | BK3: 03077003 | BL3: KRBNP | BM3: KRBNP_ZONE | BN3: [KRBNP]BUSAN(NEW) | BR3: 충청남도(1센터) | BS3: 아산 1포장장 (공성실업) | BT3: H000_GA | BU3: GA | BV3: EAS
A4: ONE | B4: ONE | C4: [ON] ONE | D4: ONE | E4: LA0317 | G4: 아산 2포장장 | H4: H000_GB | I4: 충남 아산시 인주면 인주산단로 75-60 | J4: 아산1센터 | L4: KMS | M4: SK02 | N4: 100760 | O4: 유럽 | P4: 기아 슬로바키아 | S4: Belgium | T4: 벨기애 | U4: BEANR | V4: 모빌 | W4: USMOB | AD4: HJNC | AE4: 03077006 | AF4: 한진부산컨테이너터미널 (HJNC) | AG4: 한진 | AJ4: 03077006 | AK4: 한진부산컨테이너터미널 (HJNC) | AL4: KRBNP_ZONE | AM4: [KRBNP]BUSAN(NEW) | AP4: B015_SBNSC | AQ4: 서측CY | AR4: 경상남도 창원시 진해구 수도동 301번지 | AS4: 웅동 | AU4: 모비스 | AV4: B000034432 | AX4: 한타 | AY4: B590 | AZ4: B000004409 | BB4: PYONGTAEK | BC4: KRPTK | BD4: 평택항 | BG4: 로케이션 | BH4: HJNC(신) | BI4: HJNCP | BJ4: 한진부산컨테이너터미널 (HJNC) | BK4: 03077006 | BL4: KRBNP | BM4: KRBNP_ZONE | BN4: [KRBNP]BUSAN(NEW) | BR4: 충청남도(1센터) | BS4: 아산 2포장장 (오토쎌) | BT4: H000_GB | BU4: GB | BV4: EAS
A5: MAE | B5: MAERSK | C5: [MA] MAERSK | D5: MAE | E5: S024 | G5: 아산 3포장장 | H5: H000_GC | I5: 충청남도 아산시 음봉면 아산밸리로388번길 186 | J5: 아산2센터 | L5: ADM | M5: GA3067 | N5: 100760 | O5: 유럽 | P5: ADM JIZZAKH | Q5: QINGDAO, XINGANG 김장훈 KIA | S5: ANTWERP | T5: 앤트워프 | U5: BEANR | V5: 브라질 | W5: BRSSZ | AD5: HPNT | AE5: 03077011 | AF5: 현대부산신항만 (HPNT) | AG5: 현대 | AJ5: 03077007 | AK5: 한진해운신항만㈜자유무역지역 | AL5: KRBNP_ZONE | AM5: [KRBNP]BUSAN(NEW) | AP5: B015_SEJEN | AQ5: 제니스 | AR5: 부산광역시 강서구 송정동 1711-4 세방제니스CY | AS5: 녹산 | AX5: 스타국제물류㈜ | AY5: B675 | AZ5: B000017449 | BB5: 의왕ICD | BC5: KRUWN | BD5: 의왕(부곡) | BG5: 로케이션 | BI5: HJNCF | BJ5: 한진해운신항만㈜자유무역지역 | BK5: 03077007 | BL5: KRBNP | BM5: KRBNP_ZONE | BN5: [KRBNP]BUSAN(NEW) | BR5: 충청남도(2센터) | BS5: 아산 3포장장 (아산YSP) | BT5: H000_GC | BU5: GC | BV5: EAS1
A6: CMA | B6: CMA | C6: [CM] CMA | D6: CMA | E6: E234 | G6: KCC 글라스 | H6: H000_KC | I6: 세종특별자치시 전의면 산단길 134 | L6: ADM JIZZAKH | M6: GA3067 | N6: 100760 | O6: 유럽 | P6: ADM JIZZAKH | Q6: QINGDAO, XINGANG 김장훈 KIA | S6: ATLANTA | T6: 아틀란타 | U6: ATL | V6: 코퍼 | W6: SIKOP | AD6: PNIT | AE6: 03077013 | AF6: 부산신항국제터미널 (PNIT) | AG6: 국제 | AJ6: 03077011 | AK6: 현대부산신항만 (HPNT) | AL6: KRBNP_ZONE | AM6: [KRBNP]BUSAN(NEW) | AP6: B015_SBCAM | AQ6: 청암신항 | AR6: 부산 강서구 송정동1196-1 SB청암신항 | AS6: 녹산 | AX6: ELS솔루션 | AY6: E1487 | AZ6: B000005273 | BB6: ULSAN | BC6: KRUSN(신항) ,KRONS(정일) 수기정정 | BD6: 울산신항 | BG6: 로케이션 | BH6: HPNT(신) | BI6: HPNTC | BJ6: 현대부산신항만 (HPNT) | BK6: 03077011 | BL6: KRBNP | BM6: KRBNP_ZONE | BN6: [KRBNP]BUSAN(NEW) | BR6: 충청남도 | BS6: KAC (KCC글라스세종) | BT6: H000_KC | BU6: KC | BV6: KAC
A7: WHL | B7: WANHAI LINE | C7: [WL] WANHAI LINE | D7: WHL | E7: S199 | G7: 경림 3공장 | H7: H000_YK | I7: 충남 아산시 신창면 서부북로 397-8 (3공장) | J7: 3공장 | L7: INALFA EUROPE | M7: F000019206 | N7: 100760 | O7: 유럽 | P7: Inalfa Roof Systems BV | S7: FREMANTLE | T7: 프리맨탈 | U7: AUFRE | V7: 조지아 | W7: USSAV | AD7: BNCT | AE7: 03077026 | AF7: BUSAN NEW CONTAINER TERMINAL (BNCT) | AG7: 고려 | AJ7: 03077012 | AK7: 현대부산신항만㈜CFS | AL7: KRBNP_ZONE | AM7: [KRBNP]BUSAN(NEW) | AP7: B015_KOSENAG | AQ7: 코센코안골 | AR7: 경상남도 창원시 진해구 안골로89번길 106 코센코안골CY | AS7: 웅동 | AX7: 세방 | AY7: B015 | AZ7: B000016649 | BB7: KRONS | BC7: KRONS | BD7: 울산정일 | BG7: 로케이션 | BI7: HMMCY | BJ7: 현대부산신항만㈜CFS | BK7: 03077012 | BL7: KRBNP | BM7: KRBNP_ZONE | BN7: [KRBNP]BUSAN(NEW) | BR7: 충청남도 | BS7: 경림 3공장 | BT7: H000_YK | BU7: KC | BV7: EGL
A8: CNC | B8: CNC | C8: [CN] CNC | D8: CNC | E8: E234 | G8: 경림 2공장 | H8: H000_YK2 | I8: 충남 아산시 신창면 서부북로 82 (2공장) | J8: 2공장 | L8: Kia Kazakhstan | M8: F000018551 | N8: 100760 | O8: 유럽 | P8: 기아 카자흐스탄 | S8: SYDNEY | T8: 시드니 | U8: AUSYD | V8: 인니 | W8: IDTPP | AD8: PNC | AE8: 03077102 | AF8: 부산신항만 주식회사(PNC) | AG8: 부산 | AJ8: 03077013 | AK8: 부산신항국제터미널 (PNIT) | AL8: KRBNP_ZONE | AM8: [KRBNP]BUSAN(NEW) | AP8: B590_HTSJ | AQ8: 한타송정CY | AR8: 부산광역시 강서구 송정동 1190-32 | AS8: 녹산 | AX8: 유니팩 | AY8: Y132 | AZ8: B000003280 | BB8: GUNSAN | BC8: KRKUV | BD8: 군산 | BG8: 로케이션 | BH8: PNIT(신) | BI8: PNITC | BJ8: 부산신항국제터미널 (PNIT) | BK8: 03077013 | BL8: KRBNP | BM8: KRBNP_ZONE | BN8: [KRBNP]BUSAN(NEW) | BR8: 충청남도 | BS8: 경림 2공장 | BT8: H000_YK2 | BU8: KC | BV8: EGL
A9: COH | B9: CO HEUNG | C9: [CH] CO HEUNG | D9: COH | E9: S682 | G9: 셀맥 팽성 | H9: H000_SM | I9: 경기도 평택시 팽성읍 추팔산단 1길 64 | J9: 팽성공장 | L9: DWI | M9: I584 | N9: 100760 | O9: 유럽 | P9: 주식회사 포스코인터내셔널 | S9: CHATTOGRAM | T9: 치타공 | U9: BDCGP | V9: 인도 | W9: INKAT | AD9: BCT | AE9: 03077126 | AF9: 부산컨테이너터미널 (BCT) | AG9: BCT | AJ9: 03077026 | AK9: BUSAN NEW CONTAINER TERMINAL (BNCT) | AL9: KRBNP_ZONE | AM9: [KRBNP]BUSAN(NEW) | AP9: B590_HTSH | AQ9: 신항CY | AR9: 경남 창원시 진해구 용원동 1337-7 | AS9: 웅동 | AX9: 현성로지스틱 | AY9: U415 | AZ9: B000034663 | BB9: KWANGYANG | BC9: KRKAN | BD9: 광양항 | BG9: 로케이션 | BH9: BNCT(신) | BI9: BNCTC | BJ9: BUSAN NEW CONTAINER TERMINAL (BNCT) | BK9: 03077026 | BL9: KRBNP | BM9: KRBNP_ZONE | BN9: [KRBNP]BUSAN(NEW) | BR9: 경기도 | BS9: 셀맥 팽성 | BT9: H000_SM | BU9: KC | BV9: ESM
A10: NSL | B10: 남성해운 | C10: [NS] 남성해운 | D10: NSL | E10: S101 | G10: 셀맥 오성 | H10: H000_SM2 | I10: 경기도 평택시 오성면 오성서로 168 | J10: 오성공장 | L10: HMMC | M10: HMMC | N10: 100760 | O10: 유럽 | P10: Hyundai Motor Manufactiring Czech | S10: Chittagong | T10: 치타공 | U10: BDCGP | V10: LA | W10: USLAX | AD10: DGT | AE10: 03077135 | AF10: 동원글로벌터미널부산(DGT) | AG10: 동원 | AJ10: 03077102 | AK10: 부산신항만 주식회사(PNC) | AL10: KRBNP_ZONE | AM10: [KRBNP]BUSAN(NEW) | AP10: B590_HTBGDC | AQ10: BGDC | AR10: 경상남도 창원시 진해구 신항4로 15-77 | AS10: 웅동 | AX10: 선진TLS | AY10: K587 | AZ10: B000026065 | BB10: KRINC | BC10: KRINC | BD10: 인천항 | BG10: 로케이션 | BH10: PNC(신) | BI10: PNCOC | BJ10: 부산신항만 주식회사(PNC) | BK10: 03077102 | BL10: KRBNP | BM10: KRBNP_ZONE | BN10: [KRBNP]BUSAN(NEW) | BR10: 경기도 | BS10: 셀맥 오성 | BT10: H000_SM2 | BU10: KC | BV10: ESM
A11: SKR | B11: 장금상선 | C11: [JS] 장금상선 | D11: SKR | E11: S056 | G11: 전주 뷰텍 2포장장 | H11: H000_JB | I11: 전북 완주군 봉동읍 완주산단7로 107 | J11: 뷰텍2포장장 | L11: MAGNA | M11: F000018792 | N11: 100760 | O11: 유럽 | P11: 마그나 오토모티브 | S11: DHAKA | T11: 다카 | U11: BDDAC | V11: 터키 | W11: TREVY | AC11: 부산 북항 | AE11: 03012219 | AF11: 인터지스 감만 터미널 (BGCT) | AJ11: 03077126 | AK11: 부산컨테이너터미널(주) | AL11: KRBNP_ZONE | AM11: [KRBNP]BUSAN(NEW) | AP11: B590_HTDWL | AQ11: DWL(대우로지스) | AR11: 경남 창원시 진해구 신항9로 136 | AS11: 웅동 | AX11: 구산물류 | AY11: B124 | AZ11: B000005189 | BB11: KRINC_FRY | BC11: KRINF | BD11: 인천항국제여객터미널 | BG11: 로케이션 | BH11: BCT(신) | BI11: BCTHD | BJ11: 부산컨테이너터미널(주) | BK11: 03077126 | BL11: KRBNP | BM11: KRBNP_ZONE | BN11: [KRBNP]BUSAN(NEW) | BR11: 전라북도 | BS11: 전주 뷰텍(2포장장) | BT11: H000_JB | BU11: JB | BV11: FJJ
A12: MSC | B12: MSC | C12: [MS] MSC | D12: MSC | E12: S071 | G12: 전주 뷰텍 1포장장 | H12: H000_JC | I12: 전라북도 완주군 봉동읍 완주산단2로 268 | J12: 뷰텍1포장장 | L12: HAOS | M12: HMCIST | N12: 100760 | O12: 유럽 | P12: HYUNDAI ASSAN OTOMOTIV SANAYI VE TICARET | S12: SANTOS | T12: 브라질 | U12: BRSSZ | V12: 슬로박 | W12: SIKOP | AD12: KCTC우암 | AE12: 03012257 | AF12: KCTC-우암터미널 (UTC) | AG12: 부산 남구 우암로 225 | AJ12: 03077135 | AK12: 동원글로벌컨테이너부산 | AL12: KRBNP_ZONE | AM12: [KRBNP]BUSAN(NEW) | AP12: E922_DAEWOO | AQ12: 대우로지스 | AR12: 경남 창원시 진해구 남문동 1190-1 | AS12: 웅동 | AX12: 성보 | AY12: B414 | AZ12: B000016289 | BB12: KRINC_NEW | BC12: KRINN | BD12: 인천신항 | BG12: 로케이션 | BH12: DGT(신) | BI12: DGTBC | BJ12: 동원글로벌컨테이너부산 | BK12: 03077135 | BL12: KRBNP | BM12: KRBNP_ZONE | BN12: [KRBNP]BUSAN(NEW) | BR12: 전라북도 | BS12: 전주 뷰텍(1포장장) | BT12: H000_JC | BU12: JC | BV12: FJJ
A13: HLC | B13: HAPAG LLOYD | C13: [HL] HAPAG LLOYD | D13: HLC | E13: S028 | G13: 금호타이어 | H13: H000_GG | I13: 광주광역시 광산구 어등대로 658 (어룡동 / 소촌동 센터 단가동일) | L13: HMTR | M13: HMCIST | N13: 100760 | O13: 유럽 | P13: HYUNDAI ASSAN OTOMOTIV SANAYI VE TICARET | Q13: HAOS->HMTR 명칭변경 | S13: MARKHAM | T13: 멀캄 | U13: CAMAK | V13: AMBARLI | W13: TRAMB | AD13: 7부두 | AE13: 03012343 | AF13: 인터지스 CY 7부두 | AG13: 7부두 | AJ13: 03078001 | AK13: 씨스테인웨그 | AL13: KRBNP_ZONE | AM13: [KRBNP]BUSAN(NEW) | AP13: E922_DGT | AQ13: 동원글로벌터미널 | AR13: 경상남도 창원시 진해구 신항로 633 | AS13: 웅동 | AX13: 현대모비스 | AY13: S013 | AZ13: B000034432 | BB13: INCHEON | BC13: KRINC(인천항) ,KRINF(여객), KRINN(신항) 수기정정 | BG13: 창고&영업소 | BH13: 씨스테인(신) | BI13: 03078001 | BJ13: 씨스테인웨그 | BK13: 03078001 | BL13: KRBNP | BM13: KRBNP_ZONE | BN13: [KRBNP]BUSAN(NEW) | BR13: 전라남도 | BS13: 금호타이어 | BT13: H000_GG | BU13: KC | BV13: GGJ
A14: HMM | B14: 현대상선 | C14: [HS] 현대상선 | D14: HMM | E14: S010 | G14: 광양 금호타이어 | H14: H000_GG1 | I14: 광양시 광양읍 초남공단3길 2 | L14: HMSG | M14: DH02 | N14: 100760 | O14: 유럽 | P14: Hyundai MotorSport GmbH | S14: MATADI | T14: 마타다이 | U14: CDMAT | V14: BREMERHAVEN | W14: DEBRV | AE14: 03002009 | AF14: 부산항국제여객터미널장치장 | AJ14: B015_KOSEN | AK14: 코센코물류 | AL14: KRBNP_ZONE | AM14: [KRBNP]BUSAN(NEW) | AX14: 한백뉴로텍 | AY14: N078 | AZ14: B000032574 | BG14: 창고&영업소 | BH14: 코센코(신) | BI14: B015KOSEN | BJ14: 코센코물류 | BK14: B015_KOSEN | BL14: KRBNP | BM14: KRBNP_ZONE | BN14: [KRBNP]BUSAN(NEW) | BR14: 전라남도 | BS14: 광양 금호타이어 | BT14: H000_GG1 | BU14: IH | BV14: HKY
A15: 성도글로비스 | B15: 성도글로비스 | C15: [CG] 성도글로비스 | D15: CG | E15: GA2650 | G15: 곡성 금호타이어 | H15: H000_GG2 | I15: 전라남도 곡성군 입면 금호길 85-63 금호타이어 | L15: HMMR | M15: HMMR | N15: 100760 | O15: 유럽 | P15: LLC"HYUNDAI MOTOR MANUFACTURING RUS"LIT. | S15: IQUIQUE | U15: CLIQQ | V15: BUTTERWORTH | W15: MYBTW | AE15: 03002010 | AF15: 제 1 부두 (부산) | AJ15: B015_KOSENAG | AK15: 코센코안골 CY | AL15: KRBNP_ZONE | AM15: [KRBNP]BUSAN(NEW) | AX15: 공성운수(주) | AY15: I022 | AZ15: B000007122 | BG15: 창고&영업소 | BH15: 코센코안골(신) | BI15: B015KOSENAG | BJ15: 코센코안골 CY | BK15: B015_KOSENAG | BL15: KRBNP | BM15: KRBNP_ZONE | BN15: [KRBNP]BUSAN(NEW) | BR15: 전라남도 | BS15: 곡성 금호타이어 | BT15: H000_GG2 | BU15: IH | BV15: KMH
A16: FERRY | B16: FERRY | C16: [PE] FERRY | D16: FERRY | E16: I216 | G16: GLS(첨단) | H16: H000_KG | I16: 광주광역시 북구 첨단연신로 279 (안전운임상 양산동 / 연제동) | L16: AGR | M16: HMMR | N16: 100760 | O16: 유럽 | P16: LLC"HYUNDAI MOTOR MANUFACTURING RUS"LIT. | Q16: (구 HMMR) | S16: Chile | T16: 칠레 | U16: CLSAI | V16: CHARLESTON | W16: USCHS | AE16: 03002199 | AF16: 제8부두 지정장치장 | AJ16: B015_SB1CY | AK16: SB1CY(세방) | AL16: KRBNP_ZONE | AM16: [KRBNP]BUSAN(NEW) | AX16: 동원 | AY16: E922 | AZ16: B000011469 | BG16: 창고&영업소 | BH16: 세방1CY(신) | BI16: B015SB1CY | BJ16: SB1CY(세방) | BK16: B015_SB1CY | BL16: KRBNP | BM16: KRBNP_ZONE | BN16: [KRBNP]BUSAN(NEW) | BR16: 전라남도 | BS16: GLS | BT16: H000_KG | BU16: KG | BV16: GGJ
A17: SLK | B17: SEALEAD | C17: [SL] SEALEAD | D17: SLK | E17: F000018181 | G17: 광주 YSP | H17: H000_KY | I17: 광주광역시 평동산단10번로 19 | L17: HTK | M17: GA2327 | N17: 100760 | O17: 유럽 | P17: Hyundai Trans Kazakhstan L.L.P | S17: HUANGPU PT | T17: 황푸 | U17: CNHUA | V17: CHATTOGRAM | W17: BDCGP | AE17: 03012003 | AF17: 부산진역철도보세창고 | AJ17: B015_SB2CY | AK17: SB2CY(세방) | AL17: KRBNP_ZONE | AM17: [KRBNP]BUSAN(NEW) | AX17: 머스크 | AY17: E866 | AZ17: B000032220 | BG17: 창고&영업소 | BH17: 세방2CY(신) | BI17: B015SB2CY | BJ17: SB2CY(세방) | BK17: B015_SB2CY | BL17: KRBNP | BM17: KRBNP_ZONE | BN17: [KRBNP]BUSAN(NEW) | BR17: 전라남도 | BS17: YSP | BT17: H000_KY | BU17: KY | BV17: GGJ
A18: SIT | B18: SITC | C18: [SI] SITC | D18: SIT | E18: S667 | G18: 울산 1포장장 | H18: H000_U1 | I18: 울산광역시 울주군 두서면 활천산업로 100 | L18: SEOYON SUMMIT AUTO | M18: F000019385(본사 직정산?확인할 것) | N18: 100760 | O18: 아태 | P18: 서연써밋오토모티브 | S18: LIANYUNGANG | T18: 린양강 | U18: CNLYG | V18: CHENNAI | W18: INMAA | AD18: BPT신선대 | AE18: 03077016 | AF18: 부산항터미널(주)신선대 (BPT신선대) | AG18: 신선대 | AJ18: B015_SBCAM | AK18: SB청암신항 | AL18: KRBNP_ZONE | AM18: [KRBNP]BUSAN(NEW) | AX18: 한솔로지스틱스 | AY18: S210 | AZ18: B000032695 | BG18: 창고&영업소 | BH18: 세방청암(신) | BI18: B015SBCAM | BJ18: SB청암신항 | BK18: B015_SBCAM | BL18: KRBNP | BM18: KRBNP_ZONE | BN18: [KRBNP]BUSAN(NEW) | BR18: 경상 | BS18: 울산 1포장장 (다원) | BT18: H000_U1 | BU18: U1 | BV18: UUS
A19: DYS | B19: 동영해운 | C19: [DY] 동영해운 | D19: DYS | E19: E1669 | G19: 울산 2포장장 | H19: H000_U2 | I19: 울산광역시 울주군 두서면 활천산업로 100 | L19: HMID | M19: GA2355 | N19: 100760 | O19: 아태 | P19: HYUNDAI MOTORS INDONESIA | S19: LUZHOU | U19: CNLZU | V19: CHU LAI | W19: VNC8Q | AD19: BPT감만 | AE19: 03012226 | AF19: 부산항터미널(주)감만 (BPT감만) | AG19: 감만 | AJ19: B015_SBCHW | AK19: 천우(세방) | AL19: KRBNP_ZONE | AM19: [KRBNP]BUSAN(NEW) | BG19: 창고&영업소 | BH19: 세방천우(신) | BI19: B015SBCHW | BJ19: 천우(세방) | BK19: B015_SBCHW | BL19: KRBNP | BM19: KRBNP_ZONE | BN19: [KRBNP]BUSAN(NEW) | BR19: 경상 | BS19: 울산 2포장장 (리바트) | BT19: H000_U2 | BU19: U2 | BV19: UUS
A20: HAS | B20: 흥아해운 | C20: [HA] 흥아해운 | D20: HAS | E20: LA2574 | G20: 울산 하나TPS | H20: H000_YH | I20: 울산광역시 울주군 두서면 활천산업로 160 | L20: HMMI | M20: GA1405 | N20: 100760 | O20: 아태 | P20: (주) 현대자동차 인도네시아 | S20: NANTONG | T20: 난퉁 | U20: CNNTG | V20: DA NANG | W20: VNDAD | AD20: HBCT | AE20: 03012240 | AF20: 한국허치슨터미널 (HBCT) | AG20: 오부두 | AJ20: B015_SBIGS | AK20: 이지스 두동(세방) | AL20: KRBNP_ZONE | AM20: [KRBNP]BUSAN(NEW) | BG20: 창고&영업소 | BH20: 세방이지스(신) | BI20: B015SBIGS | BJ20: 이지스 두동(세방) | BK20: B015_SBIGS | BL20: KRBNP | BM20: KRBNP_ZONE | BN20: [KRBNP]BUSAN(NEW) | BR20: 경상 | BS20: 하나 TPS | BT20: H000_YH | BU20: YH | BV20: UUS
A21: OOL | B21: OOCL | C21: [OC] OOCL | D21: OOL | E21: S117 | G21: 울산 PLS | H21: H000_YP | I21: 경북 경주시 외동읍 문산공단길 84-200 | L21: GII | M21: GA1453 | N21: 100760 | O21: 아태 | P21: PT GLOVIS INDONESIA INTERNATIONAL | S21: SHANGHAI | T21: 상하이 | U21: CNSHA | V21: DHAKA | W21: BDDAC | AE21: 03077061 | AF21: 천일용당CY | AJ21: B015_SBNPC | AK21: 세방신항쿨스 | AL21: KRBNP_ZONE | AM21: [KRBNP]BUSAN(NEW) | AW21: 반입지(DESTI~) 함수 | BG21: 창고&영업소 | BH21: 세방신항쿨스(신) | BI21: B015SBNPC | BJ21: 세방신항쿨스 | BK21: B015_SBNPC | BL21: KRBNP | BM21: KRBNP_ZONE | BN21: [KRBNP]BUSAN(NEW) | BR21: 경상북도 | BS21: PLS | BT21: H000_YP | BU21: YP | BV21: LGJ
A22: SML | B22: SM상선 | C22: [SM] SM상선 | D22: SML | E22: LA1082 | G22: 경주 유니팩 | H22: H000_YW2 | I22: 경북 경주시 외동읍 구어리 1414-2 (구어리) 경북경주시 외동읍 구어2산단로 1길 161 | J22: 경주 유니팩(냉천,구어,외동) | L22: CMC | M22: MC09 | N22: 100760 | O22: 아태 | P22: C.N.A Manufacturing Sdn. Bhd. | S22: QINGDAO | T22: 칭따오 | U22: CNTAO | V22: DJEN-DJEN | W22: DZDJE | AE22: 03077076 | AF22: (주)국보CY | AJ22: B015_SBNSC | AK22: 세방녹산쿨스 | AL22: KRBNP_ZONE | AM22: [KRBNP]BUSAN(NEW) | AW22: A (입력값) | AX22: B (결과코드) | BG22: 창고&영업소 | BH22: 세방녹산쿨스(신) | BI22: B015SBNSC | BJ22: 세방녹산쿨스 | BK22: B015_SBNSC | BL22: KRBNP | BM22: KRBNP_ZONE | BN22: [KRBNP]BUSAN(NEW) | BR22: 경상북도 | BS22: 경주 유니팩(냉천,구어,외동) | BT22: H000_YW2 | BU22: YW | BV22: LGJ
A23: COS | B23: COSCO | C23: [CO] COSCO | D23: COS | E23: S147 | G23: 울산 유니팩 | H23: H000_YW | I23: 울산광역시 울주군 두서면 활천 산업로 136 (활천리) | L23: KIA(PENANG) | M23: S103 | N23: 100760 | O23: 아태 | P23: 기아㈜ | Q23: CKD사업팀 김시온M PENANG | S23: WEIHAI | T23: 웨이하이 | U23: CNWEI | V23: ENNORE | W23: INENR | AD23: DPCT | AE23: 03012312 | AF23: 동부부산컨테이너터미널 (DPCT) | AG23: 동부감만 | AJ23: B015_SBSWH | AK23: 송정(세방) | AL23: KRBNP_ZONE | AM23: [KRBNP]BUSAN(NEW) | AW23: BUSAN(NEW) | AX23: KRPUS | BG23: 창고&영업소 | BH23: 세방송정(신) | BI23: B015SBSWH | BJ23: 송정(세방) | BK23: B015_SBSWH | BL23: KRBNP | BM23: KRBNP_ZONE | BN23: [KRBNP]BUSAN(NEW) | BR23: 경상 | BS23: 울산 유니팩(울산) | BT23: H000_YW | BU23: YW | BV23: UUS
A24: HSL | B24: 한성라인 | C24: [HG] 한성라인 | D24: HSL | E24: S897 | G24: KAC | H24: H000_KA | I24: 울산광역시 울주군 두서면 활천산업로 76 | L24: SMT | M24: LA3030 | N24: 100760 | O24: 아태 | P24: 수성특장㈜ | S24: XINGANG | T24: 신강 | U24: CNXGA | V24: ENSENADA | W24: MXESE | AD24: 신감만 | AE24: 03012010 | AF24: 신감만 한국허치슨(주)컨테이너 | AG24: 신감만오부두 | AJ24: B015_SBUNG | AK24: SB웅동 | AL24: KRBNP_ZONE | AM24: [KRBNP]BUSAN(NEW) | AW24: BUSAN | AX24: KRPUS | BG24: 창고&영업소 | BH24: 세방웅동(신) | BI24: B015SBUNG | BJ24: SB웅동 | BK24: B015_SBUNG | BL24: KRBNP | BM24: KRBNP_ZONE | BN24: [KRBNP]BUSAN(NEW) | BR24: 경상 | BS24: KAC(KCC글라스 울산) | BT24: H000_KA | BU24: IH | BV24: UKA
A25: DWS | B25: DOOWOO | C25: [OO] DOOWOO | D25: DWS | E25: S094 | G25: 베바스토 | H25: H000_BB | I25: 울산광역시 울주군 온산읍 처용산업로 6 | L25: EGY | M25: F000018228 | N25: 100760 | O25: 아태 | P25: EVMC | S25: XINGANG, CHINA | T25: 신강,차이나 | U25: CNXGG | V25: HAIPHONG | W25: VNHPH | AC25: 울산신항 | AD25: 울산신항 | AE25: 11012002 | AF25: 울산신항컨테이너터미널 | AJ25: B015_SEJEN | AK25: 세방&제니스CY | AL25: KRBNP_ZONE | AM25: [KRBNP]BUSAN(NEW) | AW25: PYONGTAEK | AX25: KRPTK | BG25: 창고&영업소 | BH25: 세방제니스(신) | BI25: B015SEJEN | BJ25: 세방&제니스CY | BK25: B015_SEJEN | BL25: KRBNP | BM25: KRBNP_ZONE | BN25: [KRBNP]BUSAN(NEW) | BR25: 경상 | BS25: 베바스토 | BT25: H000_BB | BU25: IH | BV25: UBB
A26: IAL | B26: IAL | C26: [IA] IAL | D26: IAL | E26: LA3632 | G26: 현대모비스 김천 | H26: H000_MK | I26: 경북 김천시 공단로 258-45 | J26: 현대모비스㈜ 김천공장 | L26: EVMC | M26: F000018228 | N26: 100760 | O26: 아태 | P26: EVMC | S26: ZHANGJIAGANG | T26: 장지강 | U26: CNZJG | V26: HAMBURG | W26: DEHAM | AE26: 11012003 | AF26: 유엔씨티 주식회사 | AJ26: B590_HTBCT | AK26: BCT(한타) | AL26: KRBNP_ZONE | AM26: [KRBNP]BUSAN(NEW) | AO26: 북항 | AP26: SGUM_CY | AQ26: 청암북항 | AR26: 부산광역시 남구 우암로 127 SB청암북항 | AS26: 북항 | AW26: KRPTK | AX26: KRPTK | BG26: 창고&영업소 | BH26: 한타BCT(신) | BI26: B590HTBCT | BJ26: BCT(한타) | BK26: B590_HTBCT | BL26: KRBNP | BM26: KRBNP_ZONE | BN26: [KRBNP]BUSAN(NEW) | BR26: 경상북도 | BS26: 현대모비스㈜ 김천공장 | BT26: H000_MK | BU26: IH | BV26: LKC
A27: JP | B27: JP | C27: [JP] JP | D27: JP | E27: B000118982 | G27: MIP | L27: PKT | M27: GA2409 | N27: 100760 | O27: 아태 | P27: PKT CONSOLIDATION SERVICE | S27: PUERTO CALDERA | U27: CRCAL | V27: HUANGPU PT | W27: CNHUA | AC27: 울산항 | AD27: 울산정일 | AE27: 11012030 | AF27: 정일부두 | AJ27: B590_HTBGDC | AK27: BGDC(한타) | AL27: KRBNP_ZONE | AM27: [KRBNP]BUSAN(NEW) | AP27: B015_SBEZY | AQ27: 이지콘CY | AR27: 부산 동구 성남로 27 이지콘CY | AS27: 북항 | AW27: ULSAN(NEW) | AX27: KRUSN | BG27: 창고&영업소 | BH27: 한타BGDC(신) | BI27: B590HTBGDC | BJ27: BGDC(한타) | BK27: B590_HTBGDC | BL27: KRBNP | BM27: KRBNP_ZONE | BN27: [KRBNP]BUSAN(NEW)
A28: YML | B28: YANG MING | C28: [YM] YANG MING | D28: YML | E28: E299 | G28: 포장장 | H28: CODE | I28: 주소 | J28: 비고 | L28: CM Industries | M28: LA4080 | N28: 100760 | O28: 아태 | P28: 씨엠인더스트리 유한회사(영업소) | S28: BREMERHAVEN | T28: 브레머하벤 | U28: DEBRV | V28: IQUIQUE | W28: CLIQQ | AC28: 인천/신항 | AD28: 한진인천 | AE28: 02012016 | AF28: 한진인천컨테이너터미널(주) | AJ28: B590_HTJS | AK28: 지사물류(한타) | AL28: KRBNP_ZONE | AM28: [KRBNP]BUSAN(NEW) | AW28: KRONS | AX28: KRONS | BG28: 창고&영업소 | BH28: 힌타지사물류(신) | BI28: B590HTJS | BJ28: 지사물류(한타) | BK28: B590_HTJS | BL28: KRBNP | BM28: KRBNP_ZONE | BN28: [KRBNP]BUSAN(NEW)
A29: WDF | B29: 위동항운 | C29: [WD] 위동항운 | D29: WDF | E29: S669 | G29: 서영(경주) | H29: S009_H01 | I29: 경북 경주시 외동읍 문산리282 | L29: HTCV | M29: GA0151 | N29: 100760 | O29: 아태 | P29: HYUNDAI THANH CONG COMMERCIAL VEHIC | S29: HAMBURG | T29: 함부르크, 독일 | U29: DEHAM | V29: ISTANBUL | W29: TRIST | AD29: 선광신인천 | AE29: 02012014 | AF29: 선광신컨테이너터미널 보세창고 | AJ29: B590_HTNS | AK29: 녹산CY(한타) | AL29: KRBNP_ZONE | AM29: [KRBNP]BUSAN(NEW) | AW29: GUNSAN | AX29: KRKUV | BG29: 창고&영업소 | BH29: 한타녹산(신) | BI29: B590HTNS | BJ29: 녹산CY(한타) | BK29: B590_HTNS | BL29: KRBNP | BM29: KRBNP_ZONE | BN29: [KRBNP]BUSAN(NEW)
A30: TSL | B30: TS LINES | C30: [TL] TS LINES | D30: TSL | E30: E659 | G30: 서영(아산) | H30: S009_H02 | I30: 충남 아산시 인주면 걸매리 1020 | J30: 아산서영 | L30: HTMV | M30: VH07 | N30: 100760 | O30: 아태 | P30: Hyundai Thanh Cong Viet Nam Auto Ma | S30: DJEN-DJEN | U30: DZDJE | V30: IZMIT KORFEZI | W30: TRIZT | AD30: 선광인천 | AE30: 02012230 | AF30: 선광 인천 터미널 (ISCT | AJ30: B590_HTSH | AK30: 신항CY(한타) | AL30: KRBNP_ZONE | AM30: [KRBNP]BUSAN(NEW) | AW30: KWANGYANG | AX30: KRKAN | BG30: 창고&영업소 | BH30: 한타신항(신) | BI30: B590HTSH | BJ30: 신항CY(한타) | BK30: B590_HTSH | BL30: KRBNP | BM30: KRBNP_ZONE | BN30: [KRBNP]BUSAN(NEW)
G31: 울산공장 | H31: S009_H06 | I31: 울산광역시 북구 효문동 염포로 700 | L31: HTC | M31: GA1328 | N31: 100760 | O31: 아태 | P31: 현대 탄콩 베트남 주식회사 | S31: GUAYAQUIL | T31: 과야킬 | U31: ECGYE | V31: JAKARTA | W31: JAKAR | AC31: 인천/북항 | AE31: 02012012 | AF31: 에스엠상선경인터미널(주) | AJ31: E922_DAEWOO | AK31: 대우로지스 CY | AL31: KRBNP_ZONE | AM31: [KRBNP]BUSAN(NEW) | AW31: KRKAN | AX31: KRKAN | BG31: 창고&영업소 | BH31: 동원대우보관소(신) | BI31: E922DAEWOO | BJ31: 대우로지스 CY | BK31: E922_DAEWOO | BL31: KRBNP | BM31: KRBNP_ZONE | BN31: [KRBNP]BUSAN(NEW) | BP31: B000004717
G32: 아산공장 | H32: S009_H08 | I32: 충남 아산시 인주면 현대로 1077 | L32: HMGICS | M32: GA2557 | N32: 100760 | O32: 아태 | P32: HMGICS | S32: POSORJA | U32: ECPSJ | V32: JEBEL ALI | W32: AEJEA | AE32: 02011219 | AF32: 진아(주) 보세창고 | AJ32: E922_DGT | AK32: 동원글로벌터미널 | AL32: KRBNP_ZONE | AM32: [KRBNP]BUSAN(NEW) | AW32: KRINC | AX32: KRINC | BG32: 창고&영업소 | BH32: 동원보관소(신) | BI32: E922DGT | BJ32: 동원글로벌터미널 | BK32: E922_DGT | BL32: KRBNP | BM32: KRBNP_ZONE | BN32: [KRBNP]BUSAN(NEW)
G33: 아산 대한 | H33: S009_H11 | I33: 충남 아산시 인주면 아산호로 95 | L33: DYK | M33: GA2797 | N33: 100760 | O33: 아태 | P33: KCN | S33: DAMIETTA | U33: EGDAM | V33: JIZZAKH | W33: UZJIZ | AD33: 선광종합 | AE33: 02012001 | AF33: 선광종합물류 | AG33: 인천여객 | AJ33: KRBNP | AK33: BUSAN NEW PORT | AL33: KRBNP_ZONE | AM33: [KRBNP]BUSAN(NEW) | AW33: KRINC_FRY | AX33: KRINC | BJ33: BUSAN NEW PORT | BK33: KRBNP | BL33: KRBNP | BM33: KRBNP_ZONE | BN33: [KRBNP]BUSAN(NEW) | BO33: 미등록
G34: 우성(아산) | H34: S009_H12 | I34: 충남 아산시 선장면 삽교천로 2-24 | J34: 아산 우성테크 | L34: HTBC | M34: CC54 | N34: 100760 | O34: 아태 | P34: HTBC(사천현대) | S34: VALENCIA | T34: 스페인 | U34: ESVLC | V34: KATTUPALLI | W34: INKAT | AD34: E1 | AE34: 02012007 | AF34: E1 컨테이너터미널 (북항) | AJ34: KRPUS_NEW | AK34: BUSAN NEW PORT | AL34: KRBNP_ZONE | AM34: [KRBNP]BUSAN(NEW) | AW34: INCHEON | AX34: KRINC | BJ34: BUSAN NEW PORT | BK34: KRPUS_NEW | BL34: KRBNP | BM34: KRBNP_ZONE | BN34: [KRBNP]BUSAN(NEW) | BO34: 미등록
G35: 동우(모화) | H35: S009_H14 | I35: 경북 경주시 외동읍 모화산단길 114 | L35: TENNECO | M35: GA0704 | N35: 100760 | O35: 아태 | P35: 테네코 | S35: EVYAP | T35: 이집트 | U35: EVYAP | V35: KOPER | W35: SIKOP | AD35: 인천여객 | AE35: 02012018 | AF35: 인천 국제여객터미널 보세창고 (북항) | AG35: 인천여객 | AJ35: S004_LOTNS | AK35: 롯데녹산CY | AL35: KRBNP_ZONE | AM35: [KRBNP]BUSAN(NEW) | AW35: KRINC_NEW | AX35: KRINC | BG35: 창고&영업소 | BH35: 롯데녹산(신) | BI35: S004LOTNS | BJ35: 롯데녹산CY | BK35: S004_LOTNS | BL35: KRBNP | BM35: KRBNP_ZONE | BN35: [KRBNP]BUSAN(NEW)
G36: 동우(문산) | H36: S009_H14 | I36: 경북 경주시 외동읍 문산공단길 84-105 | L36: KCN | M36: GA2797 | N36: 100760 | O36: 아태 | P36: KCN | S36: GROVEPORT | T36: 오하이오 | U36: FOH | V36: LAEM CHABANG | W36: THLCH | AE36: 02077130 | AF36: 우련CY | AJ36: SDR_NEW | AK36: 신대륙 (신항) | AL36: KRBNP_ZONE | AM36: [KRBNP]BUSAN(NEW) | BG36: 창고&영업소 | BH36: 신대륙(신) | BI36: SDRNEW | BJ36: 신대륙 (신항) | BK36: SDR_NEW | BL36: KRBNP | BM36: KRBNP_ZONE | BN36: [KRBNP]BUSAN(NEW) | BP36: B000004717
G37: 동우(메탈) | H37: S009_H14 | I37: 경북 경주시 외동읍 문산공단길 84-202 | L37: KIN | M37: GA0196 | N37: 100760 | O37: 아태 | P37: 기아차 인도공장 | S37: Southampton | T37: 영국 | U37: GBSOU | V37: LAZARO CARDENAS | W37: MXLZC | AD37: 인천항 | AE37: 02077002 | AF37: 인천컨테이너터미널 | AJ37: YDF | AK37: 웅동CY | AL37: KRBNP_ZONE | AM37: [KRBNP]BUSAN(NEW) | BG37: 창고&영업소 | BH37: 웅동(신) | BI37: YDF | BJ37: 웅동CY | BK37: YDF | BL37: KRBNP | BM37: KRBNP_ZONE | BN37: [KRBNP]BUSAN(NEW) | BO37: 추가 | BP37: B000004717
G38: 동우(입실) | H38: S009_H14 | I38: 경북 경주시 외동읍 입실리 1172-8 | L38: MENANG(HMC) | M38: F000018889/미발생 | N38: 100760 | O38: 아태 | P38: 현대차 말레이시아 공장 (메낭 현차) | S38: TEMA | U38: GHTEM | V38: LIANYUNGANG | W38: CNLYG | AE38: 02077178 | AF38: 인천항8부두주식회사 | AJ38: 03912047 | AK38: 고려우암콘테이너 | AL38: KRPUS_ZONE | AM38: [KRPUS]BUSAN | BG38: 창고&영업소 | BH38: 한타대우(신) | BI38: B590HTDWL | BJ38: 대우로지스(한타) | BK38: B590_HTDWL | BL38: KRBNP | BM38: KRBNP_ZONE | BN38: [KRBNP]BUSAN(NEW)
G39: 동우(명성) | H39: S009_H14 | I39: 경북 경주시 외동읍 문산공단길 84-250 | L39: MENANG | M39: F000018806 | N39: 100760 | O39: 아태 | P39: MENANG (기아) | Q39: 현재 기아만 발생~ | S39: PUERTO QUETZAL | U39: GTPRQ | V39: LONG BEACH | W39: USLGB | AC39: 광양 | AD39: 한국국제 | AE39: 06277033 | AF39: 한국국제터미널 주식회사 | AJ39: 03002009 | AK39: 부산항국제여객터미널장치장 | AL39: KRPUS_ZONE | AM39: [KRPUS]BUSAN | BG39: 창고&영업소 | BH39: 고려우암(북) | BI39: KCTCC | BJ39: 고려우암콘테이너 | BK39: 03912047 | BL39: KRBNX | BM39: KRPUS_ZONE | BN39: [KRPUS]BUSAN
G40: 동우(세웅) | H40: S009_H14 | I40: 경북 경주시 외동읍 문산공단 안길 7-10 | L40: PROCON | M40: GA1111 | N40: 100760 | O40: 아태 | P40: PROCON ENGINEERING PVT LTD | Q40: 비계열 KARACHI SPOT | S40: KOPER | T40: 코퍼 | U40: HUBUD | V40: LOS ANGELES | W40: USLAX | AD40: 광양대한통운 | AE40: 06277057 | AF40: 광양대한통운 | AJ40: 03002010 | AK40: 제 1 부두 (부산) | AL40: KRPUS_ZONE | AM40: [KRPUS]BUSAN | BG40: 창고&영업소 | BH40: 부산항국제여객(북) | BI40: PPMLC | BJ40: 부산항국제여객터미널장치장 | BK40: 03002009 | BL40: KRBNX | BM40: KRPUS_ZONE | BN40: [KRPUS]BUSAN
G41: 대한포장(울산1공장) | H41: S009_H17 | I41: 울산광역시 울주군 청량읍 처용산업3길 74(용암리 933) | L41: HMI | M41: IH01 | N41: 100760 | O41: 아태 | P41: 현대자동차(주)인디아 | S41: TANJUNG PRIOK | T41: 탄정프리옥 | U41: IDTPP | V41: LUZHOU | W41: CNLZU | AE41: 06277064 | AF41: 광양항관세자유지역(B015) | AJ41: 03002199 | AK41: 제8부두 지정장치장 | AL41: KRPUS_ZONE | AM41: [KRPUS]BUSAN | BG41: 로케이션 | BH41: 제1부두(북) | BI41: BS1OC | BJ41: 제 1 부두 (부산) | BK41: 03002010 | BL41: KRBNX | BM41: KRPUS_ZONE | BN41: [KRPUS]BUSAN
G42: 대한포장(울산2공장) | H42: S009_H17 | I42: 울산광역시 울주군 온산읍 처용산업 3길 30-27 | L42: HMI PUNE | M42: IH01 | N42: 100760 | O42: 아태 | P42: 현대자동차(주)인디아 | Q42: HMI 3공장 | S42: 이스라엘 | U42: ILMSP | V42: MALASZEWICZE | W42: PLMAA | AC42: 평택 | AE42: 016120002 | AF42: 평택당진항내항동부두(#1,2,3)CY | AJ42: 03012003 | AK42: 부산진역철도보세창고 | AL42: KRPUS_ZONE | AM42: [KRPUS]BUSAN | BG42: 로케이션 | BH42: PPMEC(북) | BI42: PPMEC | BJ42: 제8부두 지정장치장 | BK42: 03002199 | BL42: KRBNX | BM42: KRPUS_ZONE | BN42: [KRPUS]BUSAN
G43: 대한포장(울산3공장) | H43: S009_H17 | I43: 울산광역시 울주군 온산읍 처용산업 3길 30-36 | L43: YONGSAN | M43: YSIND | N43: 100760 | O43: 아태 | P43: 용산 인디아 | S43: ENNORE | U43: INENR | V43: MANZANILLO | W43: MXZLO | AD43: PNCT | AE43: 01612002 | AF43: 평택아이포트 (PNCT) | AJ43: 03012010 | AK43: 신감만 한국허치슨(주)컨테이너 | AL43: KRPUS_ZONE | AM43: [KRPUS]BUSAN | BG43: 로케이션 | BH43: 부산진철도(북) | BI43: KOPUC | BJ43: 부산진역철도보세창고 | BK43: 03012003 | BL43: KRBNX | BM43: KRPUS_ZONE | BN43: [KRPUS]BUSAN
G44: 대한포장(경주2공장_봉계) | H44: S009_H31 | I44: 울산광역시 울주군 두동면 봉계농공길 41 | L44: Garrett Motion | M44: GA2993 | N44: 100760 | O44: 아태 | P44: 가렛모션 | S44: KATTUPALLI | T44: 카투팔리 | U44: INKAT | V44: 멕시코 | W44: MXZLO | AD44: PCTC | AE44: 01612033 | AF44: 평택컨테이너터미널CY (PCTC) | AJ44: 03012219 | AK44: 인터지스 감만 터미널 (BGCT) | AL44: KRPUS_ZONE | AM44: [KRPUS]BUSAN | BG44: 로케이션 | BH44: 신감만(북) | BI44: GCTOC | BJ44: 신감만 한국허치슨(주)컨테이너 | BK44: 03012010 | BL44: KRBNX | BM44: KRPUS_ZONE | BN44: [KRPUS]BUSAN
G45: 유니팩(봉계) | H45: S009_H15 | I45: 울산시 울주군 두서면 활천산업로 136 | J45: 유니팩봉계, 직대포장장 | L45: BEIJING SEJONG | M45: GA2814 | N45: 100760 | O45: 아태 | P45: BEIJING SEJONG AUTO PARTS CO., LTD. | S45: CHENNAI | T45: 첸나이 | U45: INMAA | V45: MATADI | W45: CDMAT | AE45: 01612040 | AF45: 평택항카페리화물터미널 | AJ45: 03012226 | AK45: 부산항터미널(주)감만 (BPT감만) | AL45: KRPUS_ZONE | AM45: [KRPUS]BUSAN | BG45: 로케이션 | BH45: 인터지스감만(북) | BI45: KJTCC | BJ45: 인터지스 감만 터미널 (BGCT) | BK45: 03012219 | BL45: KRBNX | BM45: KRPUS_ZONE | BN45: [KRPUS]BUSAN
G46: 유니팩_봉계(차체 및 의장) | H46: S009_H15 | I46: 울산시 울주군 두서면 활천산업로 136 | L46: KIA LUCKY MOTORS | M46: GA0233 | N46: 100760 | O46: 아태 | P46: Lucky Motor Corporation Limited | S46: NHAVA SHEVA | T46: 나바샤바 | U46: INNSA | V46: MOBILE | W46: USMOB | AD46: 평택당진항 | AE46: 016120002 | AF46: 평택당진항내항동부두(#1,2,3)CY | AJ46: 03012240 | AK46: 한국허치슨터미널 (HBCT) | AL46: KRPUS_ZONE | AM46: [KRPUS]BUSAN | BG46: 로케이션 | BH46: BPT감만(북) | BI46: BICTC | BJ46: 부산항터미널(주)감만 (BPT감만) | BK46: 03012226 | BL46: KRBNX | BM46: KRPUS_ZONE | BN46: [KRPUS]BUSAN
G47: 유니팩_직대통합포장장 | H47: S009_H15 | I47: 울산시 울주군 두서면 활천산업로 136 | J47: 유니팩경주 | L47: FAIR TECH | M47: GA2668 | N47: 100760 | O47: 아태 | P47: FTL | S47: GENOA | T47: 제노아 | U47: ITGOA | V47: NANTONG PT | W47: CNNTG | AC47: 군산 | AD47: 군산항 | AE47: 08012025 | AF47: 군산항컨테이너터미널운영(주) | AJ47: 03012257 | AK47: KCTC-우암터미널 (UTC) | AL47: KRPUS_ZONE | AM47: [KRPUS]BUSAN | BG47: 로케이션 | BH47: 허치슨(북) | BI47: BCTOC | BJ47: 한국허치슨터미널 (HBCT) | BK47: 03012240 | BL47: KRBNX | BM47: KRPUS_ZONE | BN47: [KRPUS]BUSAN
G48: 유니팩(경주) | H48: S009_H16 | I48: 경주시 외동읍 문산공단길 84-206 | J48: 유니팩(경주,외동,문산,입실) | L48: FTL | M48: CA0241 | N48: 100760 | O48: 아태 | P48: FTL | S48: JAKARTA | T48: 자카르타 | U48: JAKAR | V48: NOUAKCHOTT | W48: MRNKC | AC48: 포항 | AD48: 포항신항 | AE48: 12276001 | AF48: 포항영일신항만(주) | AJ48: 03012312 | AK48: 동부부산컨테이너터미널 (DPCT) | AL48: KRPUS_ZONE | AM48: [KRPUS]BUSAN | BG48: 로케이션 | BH48: KCTC우암(북) | BI48: PPMKC | BJ48: KCTC-우암터미널 (UTC) | BK48: 03012257 | BL48: KRBNX | BM48: KRPUS_ZONE | BN48: [KRPUS]BUSAN | BO48: 폐업
G49: 유니팩(입실) | H49: S009_H16 | I49: 경주시 외동읍 문산공단길 84-206 | L49: CNA | M49: MC09 | N49: 100760 | O49: 아태 | P49: C.N.A Manufacturing Sdn. Bhd. | S49: OSAKA | U49: JPOSA | V49: OSAKA | W49: JPOSA | AC49: 의왕 | AD49: 의왕 | AE49: 13112002 | AF49: 코레일로지스주식회사 | AJ49: 03012343 | AK49: 인터지스7부두 (부산항 제7부두) | AL49: KRPUS_ZONE | AM49: [KRPUS]BUSAN | BG49: 로케이션 | BH49: DPCT(북) | BI49: GPDBC | BJ49: 동부부산컨테이너터미널 (DPCT) | BK49: 03012312 | BL49: KRBNX | BM49: KRPUS_ZONE | BN49: [KRPUS]BUSAN
G50: 유니팩(문산) | H50: S009_H16 | I50: 경주시 외동읍 문산공단길 84-206 | L50: ADIENT US LLC | M50: F000019156 | N50: 100760 | O50: 북미 | P50: Adient US LLC | S50: KARACHI | T50: 카라치 | U50: KLMKA | V50: PENANG | W50: MYPEN | AC50: 세방 | AD50: 세방 | AJ50: 03077016 | AK50: 부산항터미널(주)신선대 (BPT신선대) | AL50: KRPUS_ZONE | AM50: [KRPUS]BUSAN | BG50: 로케이션 | BH50: 7부두(북) | BI50: BS7OC | BJ50: 인터지스7부두 (부산항 제7부두) | BK50: 03012343 | BL50: KRBNX | BM50: KRPUS_ZONE | BN50: [KRPUS]BUSAN
G51: 유니팩(외동) | H51: S009_H16 | I51: 경주시 외동읍 문산공단길 84-206 | L51: INALFA USA | M51: GA3079 | N51: 100760 | O51: 북미 | P51: 인알파USA | S51: ALMATY | T51: 알마티 | U51: KZALA | V51: PORT KLANG | W51: MYPKG | AC51: 한타 | AD51: 한타 | AJ51: 03077061 | AK51: 천일용당CY | AL51: KRPUS_ZONE | AM51: [KRPUS]BUSAN | BG51: 로케이션 | BH51: BPT신선대(북) | BI51: PECTC | BJ51: 부산항터미널(주)신선대 (BPT신선대) | BK51: 03077016 | BL51: KRBNX | BM51: KRPUS_ZONE | BN51: [KRPUS]BUSAN
G52: 대한포장(경주) | H52: S009_H18 | I52: 경북 경주시 외동읍 외남로 1704-39 | J52: 경주대한(경주,외동,문산,입실) | L52: KAGA | M52: KMMG | N52: 100760 | O52: 북미 | P52: 기아자동차 조지아공장 | S52: 카자흐스탄 | T52: 카자흐스탄 | U52: KZPRA | V52: PORT QASIM | W52: PKBQM | AC52: 상차지 | AD52: 부산세관 신항지정장치장 | AE52: 03002007 | AJ52: 03077076 | AK52: (주)국보CY | AL52: KRPUS_ZONE | AM52: [KRPUS]BUSAN | BG52: 로케이션 | BH52: 천일용당(북) | BI52: CITBC | BJ52: 천일용당CY | BK52: 03077061 | BL52: KRBNX | BM52: KRPUS_ZONE | BN52: [KRPUS]BUSAN
